Lights1 arena_dl_f3dlite_material_010_lights = gdSPDefLights1(
	0x7F, 0x7F, 0x7F,
	0xFF, 0xFF, 0xFF, 0x28, 0x28, 0x28);

Gfx arena_dl_woodfloor_ci8_aligner[] = {gsSPEndDisplayList()};
u8 arena_dl_woodfloor_ci8[] = {
	0x00, 0x01, 0x02, 0x03, 0x04, 0x05, 0x06, 0x07, 
	0x08, 0x09, 0x0a, 0x0b, 0x0c, 0x0d, 0x0e, 0x0f, 
	0x10, 0x11, 0x12, 0x0b, 0x13, 0x14, 0x13, 0x15, 
	0x16, 0x17, 0x18, 0x17, 0x0c, 0x19, 0x1a, 0x1b, 
	0x1c, 0x1d, 0x1e, 0x1f, 0x20, 0x21, 0x22, 0x13, 
	0x08, 0x23, 0x24, 0x25, 0x0c, 0x26, 0x27, 0x0f, 
	0x10, 0x28, 0x1d, 0x29, 0x2a, 0x16, 0x2b, 0x2c, 
	0x17, 0x2d, 0x2e, 0x06, 0x15, 0x15, 0x1a, 0x1b, 
	0x10, 0x1d, 0x2f, 0x30, 0x2e, 0x31, 0x32, 0x07, 
	0x32, 0x23, 0x33, 0x07, 0x34, 0x35, 0x36, 0x37, 
	0x10, 0x28, 0x38, 0x39, 0x14, 0x06, 0x3a, 0x3b, 
	0x16, 0x06, 0x2a, 0x17, 0x3c, 0x2a, 0x3d, 0x1b, 
	0x3e, 0x3f, 0x40, 0x41, 0x42, 0x43, 0x05, 0x2b, 
	0x44, 0x45, 0x44, 0x07, 0x34, 0x25, 0x46, 0x0f, 
	0x10, 0x47, 0x48, 0x0d, 0x39, 0x17, 0x49, 0x3c, 
	0x17, 0x32, 0x4a, 0x22, 0x2a, 0x2e, 0x3d, 0x1b, 
	0x10, 0x4b, 0x40, 0x44, 0x3a, 0x4c, 0x4d, 0x23, 
	0x08, 0x4e, 0x1f, 0x16, 0x29, 0x4f, 0x34, 0x0f, 
	0x10, 0x48, 0x12, 0x4f, 0x3a, 0x14, 0x50, 0x3b, 
	0x17, 0x51, 0x2a, 0x14, 0x2e, 0x52, 0x53, 0x1b, 
	0x10, 0x54, 0x40, 0x55, 0x20, 0x56, 0x57, 0x20, 
	0x41, 0x07, 0x03, 0x58, 0x2c, 0x59, 0x5a, 0x0f, 
	0x10, 0x5b, 0x5c, 0x5d, 0x34, 0x5e, 0x50, 0x3b, 
	0x17, 0x51, 0x2a, 0x16, 0x23, 0x5f, 0x60, 0x61, 
	0x62, 0x4b, 0x63, 0x4d, 0x64, 0x65, 0x66, 0x41, 
	0x67, 0x49, 0x24, 0x68, 0x3b, 0x0b, 0x0c, 0x69, 
	0x10, 0x6a, 0x6b, 0x4f, 0x39, 0x07, 0x14, 0x4f, 
	0x17, 0x06, 0x6c, 0x2d, 0x6d, 0x5f, 0x60, 0x6e, 
	0x62, 0x4b, 0x6f, 0x70, 0x71, 0x72, 0x66, 0x41, 
	0x1f, 0x23, 0x24, 0x08, 0x35, 0x73, 0x74, 0x0f, 
	0x10, 0x75, 0x76, 0x0b, 0x40, 0x5e, 0x07, 0x3b, 
	0x17, 0x2d, 0x6c, 0x2d, 0x03, 0x5f, 0x3a, 0x77, 
	0x78, 0x4b, 0x2b, 0x1f, 0x79, 0x7a, 0x7b, 0x23, 
	0x67, 0x09, 0x24, 0x68, 0x59, 0x7c, 0x2c, 0x0f, 
	0x10, 0x7d, 0x7e, 0x41, 0x7f, 0x79, 0x2a, 0x0c, 
	0x14, 0x17, 0x80, 0x07, 0x23, 0x79, 0x53, 0x77, 
	0x62, 0x1a, 0x63, 0x30, 0x79, 0x7a, 0x81, 0x23, 
	0x24, 0x82, 0x30, 0x83, 0x07, 0x7c, 0x2c, 0x0f, 
	0x10, 0x84, 0x85, 0x86, 0x87, 0x49, 0x4f, 0x0c, 
	0x14, 0x07, 0x2a, 0x2e, 0x6d, 0x2a, 0x3d, 0x88, 
	0x10, 0x89, 0x6f, 0x30, 0x49, 0x7b, 0x68, 0x23, 
	0x24, 0x8a, 0x03, 0x08, 0x59, 0x7c, 0x35, 0x8b, 
	0x10, 0x5c, 0x3f, 0x6c, 0x15, 0x22, 0x39, 0x80, 
	0x50, 0x07, 0x6c, 0x07, 0x03, 0x20, 0x8c, 0x8d, 
	0x62, 0x1a, 0x8e, 0x30, 0x79, 0x66, 0x8f, 0x23, 
	0x30, 0x4e, 0x30, 0x90, 0x59, 0x91, 0x92, 0x69, 
	0x10, 0x93, 0x7e, 0x94, 0x2a, 0x0a, 0x07, 0x3b, 
	0x17, 0x14, 0x6c, 0x14, 0x95, 0x20, 0x2f, 0x96, 
	0x62, 0x97, 0x6f, 0x30, 0x49, 0x67, 0x81, 0x49, 
	0x31, 0x23, 0x1f, 0x83, 0x59, 0x98, 0x99, 0x8b, 
	0x10, 0x93, 0x9a, 0x0b, 0x52, 0x31, 0x14, 0x3b, 
	0x2d, 0x2d, 0x2a, 0x16, 0x79, 0x40, 0x9b, 0x88, 
	0x10, 0x54, 0x40, 0x30, 0x07, 0x81, 0x9c, 0x09, 
	0x9d, 0x23, 0x03, 0x32, 0x35, 0x98, 0x99, 0x9e, 
	0x10, 0x9f, 0x1a, 0x16, 0x22, 0xa0, 0x16, 0x40, 
	0xa1, 0x81, 0x2e, 0xa2, 0x49, 0x95, 0x9b, 0xa3, 
	0x10, 0xa4, 0x40, 0x30, 0x2e, 0xa1, 0x9c, 0x09, 
	0x9d, 0x23, 0x03, 0x07, 0x4f, 0x98, 0x92, 0xa5, 
	0x10, 0x6a, 0x19, 0x2e, 0x2a, 0x06, 0x16, 0x49, 
	0xa1, 0x08, 0x23, 0x68, 0xa6, 0xa7, 0xa8, 0xa9, 
	0x10, 0xa4, 0xaa, 0x6d, 0x40, 0x22, 0x83, 0xab, 
	0x9d, 0x07, 0x22, 0x79, 0x3b, 0x2d, 0x35, 0xac, 
	0x10, 0xad, 0xae, 0x3e, 0x03, 0x49, 0x06, 0x39, 
	0x50, 0x08, 0x30, 0xaf, 0x24, 0x95, 0xb0, 0xb1, 
	0x10, 0xa4, 0x15, 0x44, 0x3c, 0xb2, 0x68, 0xab, 
	0x9d, 0x07, 0x22, 0x3a, 0x35, 0x25, 0x74, 0xac, 
	0x10, 0x89, 0x2b, 0x68, 0x30, 0x90, 0x32, 0x39, 
	0x2d, 0x08, 0x03, 0x68, 0x44, 0x3c, 0x3d, 0xa9, 
	0x10, 0x7e, 0x76, 0x52, 0x15, 0x49, 0x08, 0x44, 
	0xb3, 0x2e, 0x49, 0x1a, 0x92, 0x39, 0x0c, 0xb4, 
	0x10, 0x97, 0x2f, 0x32, 0x30, 0x90, 0x32, 0x59, 
	0xb5, 0x51, 0xb6, 0x51, 0x49, 0x5f, 0xb7, 0xb8, 
	0x10, 0xb9, 0x34, 0x3c, 0x29, 0x79, 0xa2, 0x49, 
	0x30, 0x4f, 0x79, 0x3a, 0x0b, 0x51, 0xba, 0xac, 
	0x10, 0x97, 0x3d, 0x06, 0xbb, 0x90, 0x51, 0x07, 
	0x32, 0x32, 0x6d, 0x83, 0x30, 0x95, 0x3a, 0x6e, 
	0x62, 0x84, 0x1d, 0x2f, 0x29, 0x13, 0x16, 0x49, 
	0xbc, 0x52, 0x20, 0x3a, 0x35, 0x92, 0x7d, 0x69, 
	0x10, 0x97, 0x3d, 0x17, 0x6d, 0x32, 0xbd, 0x39, 
	0x08, 0x68, 0x03, 0x83, 0x6d, 0x13, 0x3d, 0xbe, 
	0x00, 0x5c, 0xbf, 0x53, 0x29, 0x79, 0xa2, 0x79, 
	0x16, 0x49, 0x23, 0x2e, 0x29, 0x6c, 0xc0, 0xb4, 
	0x10, 0xc1, 0xc2, 0x07, 0x0b, 0x51, 0x06, 0x39, 
	0x83, 0x32, 0x03, 0xaf, 0xbb, 0x40, 0x19, 0xc3, 
	0x00, 0xc4, 0x7e, 0x64, 0x2b, 0x16, 0xbd, 0x2a, 
	0x17, 0x23, 0x95, 0x49, 0xc5, 0xc6, 0xc7, 0x37, 
	0x10, 0xc8, 0x9a, 0x5e, 0x39, 0xb5, 0xbd, 0x39, 
	0xa0, 0x9c, 0x30, 0xaf, 0x03, 0x2e, 0xc2, 0xc9, 
	0xca, 0x6a, 0x9a, 0xb7, 0x40, 0x06, 0x14, 0x29, 
	0x50, 0x49, 0x79, 0x13, 0xc5, 0xcb, 0xcc, 0x37, 
	0x10, 0xc8, 0x1a, 0xcd, 0x79, 0x50, 0x50, 0x07, 
	0xaf, 0x81, 0x23, 0x16, 0x07, 0x2e, 0xc2, 0xce, 
	0x00, 0x84, 0x9a, 0x40, 0x15, 0x49, 0x3c, 0x34, 
	0x14, 0x4f, 0x2a, 0x2a, 0x2c, 0x7d, 0xcc, 0x37, 
	0x10, 0xc4, 0x1d, 0x07, 0x0d, 0xbd, 0x81, 0x23, 
	0xa0, 0x08, 0x2e, 0x90, 0x4f, 0x4f, 0x3d, 0x6e, 
	0x3e, 0x5c, 0x4b, 0x64, 0x8c, 0xcf, 0xd0, 0xd1, 
	0x87, 0x15, 0x5d, 0x29, 0xd2, 0xd3, 0xd4, 0xd5, 
	0x10, 0xd6, 0xd7, 0x4f, 0x2e, 0x06, 0x50, 0x39, 
	0x08, 0x81, 0x2e, 0x50, 0x87, 0xd8, 0x15, 0xd9, 
	0xda, 0xdb, 0x54, 0xcf, 0x53, 0x71, 0x20, 0x29, 
	0x26, 0x0c, 0xdc, 0xdc, 0xc5, 0x50, 0xbf, 0xb4, 
	0x10, 0x1a, 0x9a, 0x17, 0x49, 0xa1, 0x81, 0x07, 
	0xaf, 0x81, 0x94, 0x32, 0x2e, 0x4f, 0x6b, 0x1b, 
	0xda, 0x1d, 0x54, 0x41, 0x53, 0x41, 0x8a, 0x3b, 
	0x25, 0x35, 0xdd, 0xdc, 0x0c, 0x5e, 0xde, 0x37, 
	0x10, 0x85, 0x9a, 0xa7, 0xa7, 0x06, 0xa2, 0x39, 
	0x83, 0x32, 0x2e, 0x51, 0x87, 0x3c, 0x3d, 0x1b, 
	0x00, 0x01, 0x54, 0x16, 0x2a, 0xa6, 0x51, 0x39, 
	0x51, 0x45, 0x0c, 0x5d, 0xdc, 0x92, 0xdf, 0x37, 
	0x10, 0x5b, 0xe0, 0xe1, 0x6d, 0x32, 0x07, 0x4f, 
	0x06, 0x32, 0x3b, 0x25, 0x2c, 0x29, 0x29, 0xd9, 
	0xda, 0x5c, 0x7e, 0x44, 0x3c, 0x95, 0xa1, 0x2a, 
	0x0a, 0x45, 0x34, 0x5d, 0xe2, 0x17, 0x34, 0x37, 
	0x10, 0x11, 0xe3, 0x3b, 0x6d, 0x32, 0x40, 0x4f, 
	0x32, 0x08, 0x15, 0x74, 0xdc, 0x6b, 0xe4, 0x1b, 
	0x62, 0x6a, 0xc2, 0x90, 0x2a, 0xbc, 0x32, 0x49, 
	0xe5, 0x59, 0x29, 0x6c, 0x6c, 0x4f, 0xd4, 0x37, 
	0x10, 0xdb, 0x48, 0x35, 0x59, 0x06, 0x40, 0xe6, 
	0x51, 0x32, 0x3b, 0x15, 0xdc, 0x3d, 0x19, 0x1b, 
	0x9e, 0x3f, 0x6b, 0xa2, 0x2e, 0x32, 0x08, 0x07, 
	0x08, 0x39, 0x5d, 0x0c, 0xe7, 0x80, 0xd4, 0x37, 
	0x10, 0xe8, 0x12, 0x29, 0x94, 0xe9, 0x29, 0x35, 
	0x90, 0x06, 0x2e, 0xe9, 0xdc, 0x3d, 0x3d, 0x1b, 
	0x3e, 0x85, 0xea, 0xbc, 0xb0, 0x41, 0x32, 0x2e, 
	0x08, 0x09, 0x94, 0x2c, 0x3b, 0xe7, 0x36, 0x37, 
	0x10, 0xe8, 0xeb, 0x59, 0x2e, 0x25, 0x2b, 0x3b, 
	0x50, 0xb5, 0x2e, 0xec, 0x1a, 0x19, 0x1a, 0x1b, 
	
};

Gfx arena_dl_woodfloor_pal_rgba16_aligner[] = {gsSPEndDisplayList()};
u8 arena_dl_woodfloor_pal_rgba16[] = {
	0x28, 0xc1, 0xc6, 0x1d, 0x7c, 0x4f, 0x42, 0x45, 
	0x7c, 0x11, 0x53, 0x0b, 0x3a, 0x01, 0x5a, 0xc7, 
	0x29, 0x81, 0x52, 0x47, 0x42, 0x03, 0x5a, 0xc5, 
	0x83, 0xcd, 0x52, 0xc5, 0xad, 0x13, 0x5a, 0x01, 
	0x18, 0x01, 0xde, 0x5f, 0xbd, 0x99, 0x63, 0x49, 
	0x52, 0x85, 0x7b, 0xcd, 0x42, 0x43, 0x4a, 0x43, 
	0x62, 0xc9, 0x94, 0x93, 0x9c, 0xd5, 0x00, 0x01, 
	0x20, 0x81, 0xbd, 0xdb, 0x84, 0x4f, 0x3a, 0x45, 
	0x6b, 0x8d, 0x42, 0xc7, 0x4a, 0x85, 0x52, 0x87, 
	0x39, 0xc5, 0x52, 0x83, 0x5a, 0x83, 0xa4, 0x93, 
	0xde, 0x9f, 0x84, 0x0f, 0x6b, 0x4b, 0x73, 0xcd, 
	0x7b, 0x8b, 0x42, 0x01, 0x63, 0x09, 0x7c, 0x0f, 
	0x3a, 0x05, 0x31, 0xc3, 0x31, 0xc1, 0x39, 0x45, 
	0x94, 0x51, 0x6b, 0x07, 0xb5, 0x17, 0x62, 0x41, 
	0xb5, 0x97, 0x63, 0x07, 0x7b, 0xcf, 0x73, 0x8b, 
	0x73, 0x8d, 0x8c, 0x51, 0x18, 0x81, 0xad, 0x57, 
	0x6b, 0x8b, 0x5b, 0x0b, 0x7c, 0x13, 0x74, 0x15, 
	0x4a, 0x87, 0x5a, 0x87, 0x9c, 0x51, 0xee, 0x9f, 
	0xc5, 0xdb, 0x52, 0xc7, 0x6b, 0x0b, 0xad, 0x59, 
	0x6c, 0x11, 0x4a, 0xc9, 0x52, 0x07, 0x6b, 0x49, 
	0x4a, 0x83, 0x39, 0xc1, 0x5a, 0xc9, 0x84, 0x11, 
	0x9d, 0x15, 0x39, 0x85, 0x53, 0x4d, 0x42, 0xc9, 
	0x21, 0xc1, 0x62, 0xc7, 0x94, 0x0f, 0xd6, 0x5f, 
	0xbd, 0xdd, 0x83, 0xcf, 0x5b, 0x07, 0x52, 0x89, 
	0x7b, 0x8f, 0x10, 0x87, 0x18, 0x41, 0x63, 0x8b, 
	0x84, 0x53, 0x5b, 0x91, 0x32, 0x47, 0x32, 0x03, 
	0x21, 0x81, 0x51, 0xc1, 0xb5, 0x9b, 0x8c, 0x4f, 
	0x73, 0x4b, 0x4a, 0x45, 0x18, 0xc9, 0x6b, 0xcd, 
	0x3a, 0x89, 0x63, 0x8d, 0x3a, 0xcb, 0x5a, 0x85, 
	0x7b, 0x4b, 0xa4, 0xd5, 0x84, 0x0d, 0x19, 0x0b, 
	0x18, 0xc1, 0x5b, 0x09, 0x32, 0x45, 0x2a, 0x03, 
	0x4a, 0x01, 0xa4, 0xd3, 0xa5, 0x15, 0x6b, 0x8f, 
	0x7b, 0x8d, 0x29, 0xc1, 0x51, 0xc7, 0x21, 0x41, 
	0xce, 0x1f, 0xb5, 0x99, 0x63, 0x47, 0x73, 0x49, 
	0x29, 0x49, 0x9d, 0x17, 0x53, 0x09, 0x49, 0xc1, 
	0x84, 0x51, 0x21, 0x07, 0x6b, 0xcb, 0x21, 0xc3, 
	0x29, 0x41, 0x41, 0xc1, 0x62, 0xc5, 0xa4, 0xd7, 
	0x6b, 0x09, 0x52, 0xc9, 0x31, 0x8b, 0xa5, 0x17, 
	0x39, 0x81, 0x62, 0x85, 0x9c, 0xd3, 0x83, 0xd1, 
	0x19, 0x41, 0x31, 0x83, 0x31, 0x01, 0xc5, 0xdd, 
	0x21, 0x01, 0x3a, 0x43, 0x32, 0x01, 0x29, 0x8b, 
	0x94, 0xd5, 0x41, 0x81, 0x42, 0x85, 0x63, 0x4b, 
	0x73, 0x4f, 0x31, 0xcd, 0x73, 0xcb, 0x4a, 0x47, 
	0x49, 0x81, 0xa5, 0x19, 0x74, 0x0f, 0x19, 0x01, 
	0x73, 0x8f, 0x21, 0x49, 0x4a, 0xc7, 0x39, 0xc3, 
	0x6a, 0x81, 0x42, 0x41, 0x4a, 0x05, 0x73, 0xcf, 
	0x10, 0xc9, 0xb5, 0x59, 0x9c, 0x91, 0x42, 0x05, 
	0x3a, 0x03, 0x3a, 0x41, 0x21, 0x4b, 0xb5, 0x57, 
	0xac, 0xd1, 0xad, 0x15, 0x94, 0x91, 0x29, 0x8f, 
	0xbd, 0x9b, 0x7b, 0x89, 0x7b, 0x47, 0xa4, 0x8f, 
	0xad, 0x17, 0x21, 0x0b, 0x20, 0xc1, 0x83, 0xcb, 
	0xb5, 0x15, 0x5b, 0x49, 0x19, 0x09, 0x5b, 0x4b, 
	0x84, 0x93, 0x9c, 0x93, 0x83, 0xc9, 0x5a, 0x81, 
	0xac, 0xd3, 0x7a, 0xc1, 0xce, 0x1d, 0xbd, 0x97, 
	0x7c, 0x0d, 0x00, 0x03, 0x39, 0x41, 0xce, 0x5f, 
	0x8c, 0x0f, 0x94, 0x53, 0x9c, 0x4f, 0xa4, 0x91, 
	0xb5, 0x55, 0x6b, 0x47, 0x73, 0x47, 0xd6, 0x5d, 
	0x8c, 0x11, 0x31, 0x81, 0x7b, 0xcb, 0x52, 0x45, 
	0xe6, 0x9f, 0x4a, 0x41, 0x8c, 0x91, 0xcd, 0xdb, 
	0x5b, 0x47, 
};

Gfx arena_dl_lava_ci8_aligner[] = {gsSPEndDisplayList()};
u8 arena_dl_lava_ci8[] = {
	0x00, 0x00, 0x01, 0x01, 0x02, 0x03, 0x04, 0x05, 
	0x06, 0x07, 0x01, 0x08, 0x09, 0x0a, 0x0a, 0x02, 
	0x03, 0x0b, 0x0b, 0x0c, 0x0d, 0x0e, 0x0f, 0x10, 
	0x0f, 0x09, 0x03, 0x06, 0x03, 0x09, 0x06, 0x11, 
	0x07, 0x12, 0x06, 0x02, 0x02, 0x06, 0x0f, 0x13, 
	0x06, 0x14, 0x07, 0x08, 0x03, 0x03, 0x06, 0x00, 
	0x07, 0x15, 0x0b, 0x16, 0x17, 0x0e, 0x0f, 0x0f, 
	0x08, 0x03, 0x03, 0x0a, 0x09, 0x06, 0x02, 0x12, 
	0x12, 0x0a, 0x08, 0x09, 0x02, 0x06, 0x0f, 0x10, 
	0x06, 0x11, 0x01, 0x06, 0x03, 0x18, 0x11, 0x07, 
	0x07, 0x19, 0x1a, 0x1b, 0x1c, 0x08, 0x0a, 0x0a, 
	0x09, 0x09, 0x09, 0x09, 0x02, 0x01, 0x02, 0x06, 
	0x06, 0x09, 0x18, 0x10, 0x18, 0x09, 0x0f, 0x05, 
	0x06, 0x06, 0x01, 0x07, 0x08, 0x13, 0x06, 0x06, 
	0x00, 0x00, 0x0e, 0x17, 0x16, 0x05, 0x0a, 0x09, 
	0x09, 0x08, 0x0a, 0x0a, 0x07, 0x12, 0x02, 0x09, 
	0x0a, 0x09, 0x18, 0x0d, 0x0f, 0x06, 0x03, 0x06, 
	0x06, 0x1d, 0x00, 0x00, 0x08, 0x04, 0x08, 0x08, 
	0x05, 0x05, 0x0e, 0x16, 0x08, 0x09, 0x09, 0x08, 
	0x08, 0x08, 0x01, 0x1e, 0x12, 0x06, 0x06, 0x08, 
	0x09, 0x08, 0x13, 0x16, 0x03, 0x01, 0x18, 0x03, 
	0x02, 0x0a, 0x01, 0x07, 0x08, 0x0d, 0x16, 0x10, 
	0x0f, 0x0f, 0x0f, 0x05, 0x09, 0x09, 0x09, 0x09, 
	0x08, 0x09, 0x02, 0x07, 0x01, 0x08, 0x08, 0x0a, 
	0x08, 0x10, 0x04, 0x0f, 0x01, 0x06, 0x13, 0x09, 
	0x11, 0x06, 0x02, 0x06, 0x13, 0x1b, 0x16, 0x18, 
	0x08, 0x08, 0x11, 0x1f, 0x10, 0x1d, 0x12, 0x1d, 
	0x09, 0x1e, 0x0a, 0x02, 0x12, 0x08, 0x08, 0x06, 
	0x10, 0x0e, 0x08, 0x07, 0x07, 0x08, 0x0f, 0x03, 
	0x02, 0x07, 0x01, 0x0f, 0x16, 0x1c, 0x08, 0x01, 
	0x08, 0x13, 0x09, 0x0a, 0x07, 0x12, 0x12, 0x1e, 
	0x09, 0x09, 0x0a, 0x0a, 0x09, 0x06, 0x06, 0x03, 
	0x13, 0x13, 0x09, 0x00, 0x00, 0x09, 0x13, 0x0f, 
	0x03, 0x07, 0x02, 0x04, 0x1c, 0x0d, 0x09, 0x01, 
	0x13, 0x16, 0x09, 0x02, 0x19, 0x07, 0x02, 0x1e, 
	0x08, 0x08, 0x1e, 0x08, 0x08, 0x06, 0x09, 0x08, 
	0x13, 0x10, 0x02, 0x01, 0x02, 0x0a, 0x18, 0x04, 
	0x13, 0x08, 0x0f, 0x16, 0x10, 0x08, 0x06, 0x0a, 
	0x08, 0x08, 0x0a, 0x19, 0x07, 0x12, 0x0a, 0x09, 
	0x09, 0x0a, 0x01, 0x08, 0x0f, 0x03, 0x09, 0x18, 
	0x13, 0x0f, 0x12, 0x12, 0x02, 0x06, 0x09, 0x04, 
	0x20, 0x20, 0x0e, 0x08, 0x03, 0x02, 0x07, 0x0f, 
	0x10, 0x09, 0x03, 0x21, 0x01, 0x1d, 0x0a, 0x08, 
	0x09, 0x02, 0x12, 0x0a, 0x10, 0x18, 0x09, 0x18, 
	0x18, 0x12, 0x12, 0x1d, 0x06, 0x02, 0x08, 0x0e, 
	0x22, 0x17, 0x0f, 0x06, 0x06, 0x02, 0x07, 0x10, 
	0x0d, 0x08, 0x0a, 0x21, 0x07, 0x1e, 0x0a, 0x09, 
	0x06, 0x02, 0x12, 0x02, 0x13, 0x13, 0x0a, 0x05, 
	0x12, 0x01, 0x12, 0x1d, 0x06, 0x02, 0x09, 0x0e, 
	0x22, 0x1b, 0x1a, 0x06, 0x06, 0x06, 0x06, 0x0f, 
	0x18, 0x0a, 0x1d, 0x00, 0x01, 0x1d, 0x0a, 0x09, 
	0x03, 0x03, 0x00, 0x12, 0x0f, 0x10, 0x03, 0x09, 
	0x12, 0x01, 0x12, 0x06, 0x03, 0x06, 0x0f, 0x0d, 
	0x1b, 0x13, 0x06, 0x06, 0x03, 0x0a, 0x0a, 0x09, 
	0x1e, 0x1d, 0x1d, 0x02, 0x1d, 0x06, 0x0a, 0x09, 
	0x09, 0x09, 0x07, 0x02, 0x0f, 0x0b, 0x06, 0x18, 
	0x06, 0x01, 0x01, 0x02, 0x06, 0x18, 0x0d, 0x22, 
	0x13, 0x01, 0x18, 0x08, 0x1d, 0x12, 0x1d, 0x09, 
	0x12, 0x09, 0x13, 0x08, 0x0a, 0x09, 0x0a, 0x09, 
	0x18, 0x05, 0x01, 0x03, 0x18, 0x01, 0x02, 0x18, 
	0x06, 0x07, 0x19, 0x02, 0x08, 0x0e, 0x22, 0x16, 
	0x11, 0x07, 0x04, 0x20, 0x01, 0x12, 0x0a, 0x08, 
	0x0a, 0x0f, 0x0d, 0x0f, 0x09, 0x0f, 0x08, 0x08, 
	0x18, 0x03, 0x02, 0x08, 0x18, 0x06, 0x09, 0x18, 
	0x02, 0x19, 0x19, 0x06, 0x04, 0x1c, 0x1b, 0x09, 
	0x02, 0x02, 0x0e, 0x16, 0x19, 0x00, 0x09, 0x18, 
	0x08, 0x0e, 0x1c, 0x18, 0x08, 0x0f, 0x0f, 0x0a, 
	0x0a, 0x09, 0x09, 0x08, 0x13, 0x10, 0x03, 0x13, 
	0x1f, 0x11, 0x01, 0x09, 0x16, 0x1b, 0x0e, 0x03, 
	0x0a, 0x09, 0x0f, 0x18, 0x01, 0x12, 0x08, 0x18, 
	0x10, 0x16, 0x16, 0x18, 0x0f, 0x04, 0x0f, 0x08, 
	0x1d, 0x08, 0x10, 0x18, 0x04, 0x0d, 0x03, 0x08, 
	0x03, 0x06, 0x11, 0x09, 0x16, 0x1b, 0x0e, 0x09, 
	0x09, 0x09, 0x09, 0x09, 0x07, 0x23, 0x0a, 0x0f, 
	0x16, 0x20, 0x0f, 0x08, 0x10, 0x20, 0x10, 0x18, 
	0x08, 0x0f, 0x04, 0x0e, 0x20, 0x10, 0x09, 0x08, 
	0x06, 0x03, 0x08, 0x04, 0x0d, 0x0e, 0x18, 0x09, 
	0x08, 0x09, 0x23, 0x09, 0x1d, 0x01, 0x1e, 0x10, 
	0x0d, 0x20, 0x09, 0x18, 0x0e, 0x20, 0x0d, 0x13, 
	0x18, 0x04, 0x20, 0x1c, 0x0d, 0x08, 0x08, 0x0f, 
	0x09, 0x18, 0x04, 0x20, 0x04, 0x08, 0x09, 0x08, 
	0x08, 0x23, 0x23, 0x0f, 0x0e, 0x1e, 0x0a, 0x0e, 
	0x1c, 0x04, 0x18, 0x10, 0x0e, 0x20, 0x20, 0x13, 
	0x08, 0x0d, 0x17, 0x1c, 0x13, 0x18, 0x18, 0x18, 
	0x13, 0x04, 0x0e, 0x13, 0x08, 0x08, 0x18, 0x18, 
	0x1e, 0x01, 0x09, 0x13, 0x20, 0x10, 0x18, 0x16, 
	0x0d, 0x09, 0x13, 0x04, 0x18, 0x04, 0x0d, 0x04, 
	0x0f, 0x20, 0x17, 0x20, 0x13, 0x0f, 0x18, 0x18, 
	0x18, 0x18, 0x08, 0x18, 0x0f, 0x0f, 0x0f, 0x18, 
	0x00, 0x12, 0x13, 0x0e, 0x20, 0x13, 0x10, 0x10, 
	0x04, 0x08, 0x04, 0x0f, 0x1d, 0x10, 0x0e, 0x16, 
	0x0e, 0x1c, 0x17, 0x1b, 0x10, 0x0f, 0x18, 0x08, 
	0x01, 0x1d, 0x08, 0x0f, 0x13, 0x0f, 0x0f, 0x0a, 
	0x00, 0x1d, 0x0e, 0x20, 0x10, 0x1d, 0x16, 0x0e, 
	0x04, 0x13, 0x04, 0x18, 0x1f, 0x18, 0x10, 0x0d, 
	0x1b, 0x22, 0x24, 0x1c, 0x10, 0x0f, 0x08, 0x09, 
	0x07, 0x08, 0x18, 0x0f, 0x13, 0x0f, 0x18, 0x12, 
	0x01, 0x09, 0x13, 0x04, 0x18, 0x09, 0x0d, 0x0e, 
	0x10, 0x04, 0x04, 0x08, 0x1d, 0x08, 0x04, 0x20, 
	0x17, 0x24, 0x24, 0x16, 0x13, 0x09, 0x09, 0x08, 
	0x02, 0x09, 0x0f, 0x10, 0x0f, 0x09, 0x1d, 0x1d, 
	0x09, 0x08, 0x08, 0x18, 0x13, 0x0f, 0x13, 0x18, 
	0x0e, 0x0e, 0x04, 0x13, 0x0a, 0x0a, 0x04, 0x20, 
	0x1b, 0x24, 0x24, 0x0e, 0x13, 0x09, 0x09, 0x06, 
	0x03, 0x18, 0x13, 0x0f, 0x0a, 0x01, 0x1e, 0x13, 
	0x0f, 0x08, 0x08, 0x18, 0x10, 0x18, 0x11, 0x0a, 
	0x16, 0x0e, 0x16, 0x0e, 0x01, 0x1d, 0x04, 0x0d, 
	0x20, 0x17, 0x25, 0x1c, 0x0f, 0x09, 0x11, 0x07, 
	0x03, 0x09, 0x08, 0x09, 0x21, 0x26, 0x1d, 0x04, 
	0x10, 0x09, 0x18, 0x0f, 0x0f, 0x18, 0x09, 0x09, 
	0x04, 0x10, 0x20, 0x1c, 0x1e, 0x08, 0x04, 0x20, 
	0x22, 0x24, 0x25, 0x0d, 0x18, 0x0a, 0x07, 0x1f, 
	0x03, 0x09, 0x18, 0x03, 0x21, 0x19, 0x0a, 0x16, 
	0x04, 0x08, 0x18, 0x0f, 0x18, 0x13, 0x08, 0x0a, 
	0x0f, 0x10, 0x20, 0x22, 0x18, 0x08, 0x0e, 0x1c, 
	0x22, 0x27, 0x22, 0x10, 0x09, 0x11, 0x11, 0x1f, 
	0x03, 0x08, 0x03, 0x07, 0x00, 0x01, 0x1d, 0x13, 
	0x04, 0x09, 0x1d, 0x0f, 0x10, 0x13, 0x02, 0x00, 
	0x13, 0x04, 0x0d, 0x22, 0x16, 0x0f, 0x0d, 0x1b, 
	0x24, 0x22, 0x13, 0x0a, 0x01, 0x01, 0x11, 0x06, 
	0x09, 0x03, 0x1f, 0x11, 0x12, 0x01, 0x02, 0x18, 
	0x0e, 0x11, 0x01, 0x13, 0x04, 0x18, 0x0a, 0x08, 
	0x18, 0x0f, 0x04, 0x1c, 0x24, 0x1b, 0x20, 0x0e, 
	0x1b, 0x13, 0x06, 0x03, 0x07, 0x15, 0x06, 0x03, 
	0x07, 0x15, 0x0a, 0x06, 0x02, 0x01, 0x02, 0x18, 
	0x10, 0x11, 0x12, 0x18, 0x0f, 0x08, 0x09, 0x09, 
	0x08, 0x08, 0x0f, 0x16, 0x25, 0x1c, 0x0e, 0x13, 
	0x10, 0x18, 0x09, 0x06, 0x11, 0x11, 0x11, 0x11, 
	
};

Gfx arena_dl_lava_pal_rgba16_aligner[] = {gsSPEndDisplayList()};
u8 arena_dl_lava_pal_rgba16[] = {
	0xf9, 0xc3, 0xf9, 0x03, 0xf0, 0x83, 0xd8, 0x83, 
	0x90, 0x43, 0xd0, 0x83, 0xe8, 0x83, 0xf9, 0x43, 
	0xc8, 0x43, 0xd0, 0x43, 0xd8, 0x43, 0xd9, 0x03, 
	0xb0, 0x83, 0x70, 0x43, 0x80, 0x43, 0xb0, 0x43, 
	0x98, 0x43, 0xf1, 0x03, 0xf8, 0x83, 0xa8, 0x43, 
	0xfa, 0xc3, 0xf1, 0x43, 0x78, 0x43, 0x38, 0x43, 
	0xb8, 0x43, 0xfa, 0x03, 0xc8, 0x83, 0x48, 0x43, 
	0x58, 0x43, 0xe8, 0x43, 0xf0, 0x43, 0xe9, 0x03, 
	0x60, 0x43, 0xfa, 0x43, 0x40, 0x43, 0xf8, 0x43, 
	0x28, 0x43, 0x10, 0x43, 0xfb, 0x03, 0x20, 0x43, 
	
};

Gfx arena_dl_brisk_i8_aligner[] = {gsSPEndDisplayList()};
u8 arena_dl_brisk_i8[] = {
	0xd7, 0xa9, 0xb4, 0xb4, 0xa9, 0xa9, 0xa9, 0xa9, 
	0x9e, 0xb4, 0xb4, 0xb4, 0xa9, 0x86, 0x2a, 0x2a, 
	0x37, 0x4d, 0x4d, 0x4d, 0x4d, 0x4d, 0x58, 0x4d, 
	0x4d, 0x4d, 0x4d, 0x58, 0x4d, 0x4d, 0x37, 0x2a, 
	0x92, 0x65, 0x65, 0x65, 0x65, 0x65, 0x4d, 0x4d, 
	0x58, 0x65, 0x65, 0x65, 0x65, 0x37, 0x37, 0x37, 
	0x4d, 0x58, 0x65, 0x58, 0x58, 0x58, 0x65, 0x58, 
	0x58, 0x65, 0x58, 0x58, 0x65, 0x58, 0x37, 0x2a, 
	0x9e, 0x58, 0x65, 0x65, 0x65, 0x65, 0x58, 0x58, 
	0x58, 0x65, 0x65, 0x65, 0x65, 0x37, 0x42, 0x37, 
	0x4d, 0x65, 0x65, 0x58, 0x65, 0x65, 0x65, 0x65, 
	0x65, 0x65, 0x65, 0x65, 0x65, 0x58, 0x42, 0x37, 
	0x9e, 0x65, 0x65, 0x65, 0x65, 0x65, 0x4d, 0x4d, 
	0x58, 0x65, 0x65, 0x65, 0x65, 0x37, 0x4d, 0x42, 
	0x4d, 0x58, 0x58, 0x65, 0x58, 0x65, 0x65, 0x65, 
	0x70, 0x65, 0x65, 0x58, 0x58, 0x58, 0x42, 0x37, 
	0x9e, 0x65, 0x58, 0x58, 0x65, 0x65, 0x58, 0x58, 
	0x58, 0x58, 0x58, 0x58, 0x65, 0x37, 0x4d, 0x37, 
	0x42, 0x58, 0x58, 0x65, 0x65, 0x65, 0x65, 0x70, 
	0x70, 0x65, 0x65, 0x65, 0x58, 0x4d, 0x42, 0x2a, 
	0x9e, 0x58, 0x58, 0x58, 0x58, 0x58, 0x58, 0x58, 
	0x58, 0x58, 0x58, 0x58, 0x58, 0x37, 0x42, 0x37, 
	0x42, 0x58, 0x65, 0x65, 0x58, 0x65, 0x65, 0x65, 
	0x65, 0x58, 0x58, 0x58, 0x4d, 0x4d, 0x37, 0x2a, 
	0x9e, 0x65, 0x70, 0x70, 0x65, 0x58, 0x58, 0x65, 
	0x58, 0x65, 0x65, 0x65, 0x65, 0x37, 0x42, 0x37, 
	0x42, 0x58, 0x65, 0x65, 0x65, 0x65, 0x65, 0x65, 
	0x65, 0x58, 0x4d, 0x58, 0x4d, 0x4d, 0x37, 0x37, 
	0xa9, 0x65, 0x65, 0x65, 0x65, 0x65, 0x4d, 0x58, 
	0x58, 0x58, 0x65, 0x65, 0x65, 0x42, 0x58, 0x4d, 
	0x4d, 0x58, 0x65, 0x70, 0x65, 0x65, 0x65, 0x65, 
	0x70, 0x65, 0x65, 0x65, 0x65, 0x65, 0x42, 0x37, 
	0x86, 0x58, 0x65, 0x65, 0x65, 0x65, 0x58, 0x4d, 
	0x58, 0x65, 0x65, 0x65, 0x65, 0x42, 0x58, 0x42, 
	0x4d, 0x58, 0x58, 0x58, 0x58, 0x58, 0x58, 0x65, 
	0x7b, 0x65, 0x65, 0x65, 0x65, 0x65, 0x42, 0x2a, 
	0x92, 0x65, 0x70, 0x70, 0x65, 0x58, 0x58, 0x58, 
	0x58, 0x65, 0x58, 0x58, 0x65, 0x37, 0x4d, 0x37, 
	0x4d, 0x65, 0x65, 0x65, 0x58, 0x58, 0x65, 0x65, 
	0x70, 0x70, 0x65, 0x65, 0x65, 0x58, 0x37, 0x2a, 
	0x9e, 0x65, 0x65, 0x65, 0x65, 0x65, 0x4d, 0x4d, 
	0x58, 0x58, 0x58, 0x58, 0x58, 0x37, 0x42, 0x37, 
	0x42, 0x58, 0x58, 0x65, 0x65, 0x58, 0x58, 0x65, 
	0x70, 0x65, 0x58, 0x65, 0x65, 0x4d, 0x37, 0x37, 
	0x9e, 0x58, 0x65, 0x65, 0x65, 0x65, 0x58, 0x58, 
	0x58, 0x65, 0x65, 0x65, 0x65, 0x37, 0x4d, 0x37, 
	0x4d, 0x58, 0x58, 0x70, 0x70, 0x58, 0x65, 0x70, 
	0x70, 0x65, 0x65, 0x65, 0x65, 0x58, 0x37, 0x37, 
	0x9e, 0x65, 0x65, 0x65, 0x65, 0x65, 0x65, 0x58, 
	0x58, 0x65, 0x65, 0x65, 0x65, 0x37, 0x37, 0x42, 
	0x4d, 0x58, 0x58, 0x65, 0x65, 0x65, 0x65, 0x65, 
	0x70, 0x65, 0x65, 0x65, 0x65, 0x58, 0x42, 0x2a, 
	0x9e, 0x58, 0x58, 0x4d, 0x58, 0x58, 0x58, 0x58, 
	0x58, 0x58, 0x58, 0x58, 0x58, 0x37, 0x37, 0x42, 
	0x4d, 0x58, 0x65, 0x65, 0x65, 0x65, 0x65, 0x70, 
	0x65, 0x58, 0x58, 0x58, 0x58, 0x58, 0x42, 0x2a, 
	0x58, 0x14, 0x14, 0x14, 0x14, 0x14, 0x09, 0x09, 
	0x09, 0x14, 0x14, 0x14, 0x14, 0x09, 0x42, 0x4d, 
	0x42, 0x4d, 0x4d, 0x58, 0x58, 0x58, 0x58, 0x65, 
	0x65, 0x58, 0x58, 0x58, 0x58, 0x4d, 0x37, 0x37, 
	0x37, 0x37, 0x37, 0x37, 0x37, 0x37, 0x42, 0x4d, 
	0x42, 0x42, 0x42, 0x2a, 0x2a, 0x42, 0x42, 0x42, 
	0x42, 0x42, 0x2a, 0x2a, 0x42, 0x42, 0x42, 0x4d, 
	0x42, 0x37, 0x37, 0x37, 0x37, 0x37, 0x37, 0x2a, 
	0x42, 0x42, 0x42, 0x42, 0x42, 0x4d, 0x58, 0x4d, 
	0x42, 0x42, 0x37, 0x37, 0x42, 0x42, 0x37, 0x2a, 
	0x42, 0x09, 0x14, 0x14, 0x14, 0x14, 0x09, 0x09, 
	0x09, 0x14, 0x14, 0x14, 0x14, 0x14, 0x58, 0x2a, 
	0x4d, 0x58, 0x58, 0x4d, 0x4d, 0x58, 0x4d, 0x4d, 
	0x58, 0x58, 0x58, 0x58, 0x65, 0x58, 0x42, 0x37, 
	0x37, 0x37, 0x58, 0x58, 0x58, 0x58, 0x58, 0x58, 
	0x58, 0x58, 0x58, 0x4d, 0x58, 0x58, 0x9e, 0x37, 
	0x58, 0x65, 0x65, 0x58, 0x58, 0x4d, 0x58, 0x58, 
	0x65, 0x65, 0x58, 0x58, 0x65, 0x65, 0x42, 0x37, 
	0x37, 0x37, 0x65, 0x65, 0x65, 0x65, 0x58, 0x58, 
	0x65, 0x65, 0x65, 0x65, 0x65, 0x65, 0x9e, 0x42, 
	0x58, 0x65, 0x58, 0x65, 0x65, 0x4d, 0x4d, 0x58, 
	0x65, 0x65, 0x65, 0x65, 0x65, 0x65, 0x4d, 0x42, 
	0x4d, 0x37, 0x65, 0x65, 0x65, 0x65, 0x58, 0x58, 
	0x58, 0x65, 0x65, 0x65, 0x65, 0x58, 0x9e, 0x42, 
	0x58, 0x58, 0x65, 0x70, 0x65, 0x4d, 0x58, 0x4d, 
	0x70, 0x70, 0x65, 0x65, 0x58, 0x58, 0x42, 0x37, 
	0x42, 0x37, 0x58, 0x58, 0x58, 0x58, 0x58, 0x4d, 
	0x4d, 0x65, 0x65, 0x65, 0x65, 0x65, 0x9e, 0x42, 
	0x58, 0x58, 0x58, 0x65, 0x58, 0x4d, 0x58, 0x58, 
	0x70, 0x65, 0x65, 0x65, 0x58, 0x58, 0x4d, 0x37, 
	0x4d, 0x37, 0x65, 0x58, 0x58, 0x65, 0x58, 0x58, 
	0x58, 0x58, 0x65, 0x70, 0x70, 0x65, 0x92, 0x42, 
	0x4d, 0x58, 0x65, 0x65, 0x58, 0x58, 0x4d, 0x65, 
	0x65, 0x58, 0x58, 0x4d, 0x4d, 0x4d, 0x42, 0x37, 
	0x58, 0x42, 0x65, 0x65, 0x65, 0x65, 0x58, 0x4d, 
	0x58, 0x65, 0x65, 0x65, 0x65, 0x58, 0x86, 0x37, 
	0x4d, 0x65, 0x65, 0x65, 0x65, 0x58, 0x65, 0x70, 
	0x58, 0x58, 0x65, 0x58, 0x58, 0x58, 0x4d, 0x37, 
	0x58, 0x42, 0x65, 0x65, 0x65, 0x58, 0x58, 0x58, 
	0x4d, 0x65, 0x65, 0x65, 0x65, 0x65, 0xa9, 0x37, 
	0x58, 0x65, 0x65, 0x58, 0x58, 0x58, 0x58, 0x58, 
	0x58, 0x65, 0x70, 0x65, 0x65, 0x58, 0x4d, 0x37, 
	0x42, 0x37, 0x65, 0x65, 0x65, 0x65, 0x58, 0x65, 
	0x58, 0x58, 0x65, 0x70, 0x70, 0x65, 0x9e, 0x42, 
	0x4d, 0x58, 0x65, 0x65, 0x58, 0x4d, 0x4d, 0x4d, 
	0x65, 0x65, 0x65, 0x65, 0x65, 0x65, 0x42, 0x37, 
	0x42, 0x37, 0x58, 0x58, 0x58, 0x58, 0x58, 0x58, 
	0x58, 0x58, 0x58, 0x58, 0x58, 0x58, 0x9e, 0x37, 
	0x4d, 0x58, 0x65, 0x65, 0x58, 0x58, 0x58, 0x58, 
	0x58, 0x65, 0x65, 0x65, 0x65, 0x65, 0x4d, 0x37, 
	0x4d, 0x37, 0x65, 0x58, 0x58, 0x58, 0x58, 0x58, 
	0x58, 0x65, 0x65, 0x58, 0x58, 0x65, 0x9e, 0x37, 
	0x4d, 0x58, 0x65, 0x65, 0x58, 0x65, 0x58, 0x4d, 
	0x65, 0x65, 0x65, 0x65, 0x65, 0x58, 0x37, 0x37, 
	0x4d, 0x37, 0x65, 0x65, 0x65, 0x65, 0x58, 0x4d, 
	0x4d, 0x65, 0x65, 0x65, 0x65, 0x65, 0x9e, 0x42, 
	0x58, 0x65, 0x65, 0x65, 0x65, 0x65, 0x4d, 0x58, 
	0x58, 0x58, 0x58, 0x58, 0x58, 0x58, 0x37, 0x37, 
	0x42, 0x37, 0x65, 0x65, 0x65, 0x65, 0x58, 0x58, 
	0x58, 0x65, 0x65, 0x65, 0x65, 0x58, 0x9e, 0x42, 
	0x4d, 0x58, 0x58, 0x65, 0x65, 0x58, 0x58, 0x58, 
	0x58, 0x58, 0x58, 0x58, 0x65, 0x58, 0x42, 0x37, 
	0x37, 0x37, 0x65, 0x65, 0x65, 0x65, 0x58, 0x4d, 
	0x4d, 0x65, 0x65, 0x65, 0x65, 0x65, 0x92, 0x42, 
	0x42, 0x4d, 0x4d, 0x4d, 0x4d, 0x4d, 0x42, 0x2a, 
	0x37, 0x42, 0x42, 0x42, 0x37, 0x42, 0x37, 0x2a, 
	0x2a, 0x86, 0xa9, 0xb4, 0xb4, 0xb4, 0x9e, 0xa9, 
	0xa9, 0xa9, 0xa9, 0xb4, 0xb4, 0xa9, 0xd7, 0x2a, 
	0x2a, 0x2a, 0x37, 0x37, 0x2a, 0x37, 0x42, 0x42, 
	0x42, 0x37, 0x37, 0x2a, 0x37, 0x2a, 0x2a, 0x1f, 
	0x2a, 0x37, 0x37, 0x37, 0x37, 0x42, 0x4d, 0x42, 
	0x37, 0x37, 0x37, 0x37, 0x42, 0x37, 0x2a, 0x2a, 
	
};

Gfx arena_dl_vulkan_ci8_aligner[] = {gsSPEndDisplayList()};
u8 arena_dl_vulkan_ci8[] = {
	0x00, 0x00, 0x01, 0x02, 0x03, 0x04, 0x05, 0x05, 
	0x06, 0x07, 0x08, 0x09, 0x08, 0x08, 0x0a, 0x0b, 
	0x0c, 0x0d, 0x0e, 0x0f, 0x0f, 0x10, 0x07, 0x06, 
	0x05, 0x07, 0x11, 0x12, 0x13, 0x14, 0x15, 0x0d, 
	0x0d, 0x01, 0x16, 0x17, 0x0e, 0x18, 0x05, 0x18, 
	0x0c, 0x0c, 0x00, 0x19, 0x1a, 0x1b, 0x1c, 0x1d, 
	0x0c, 0x0c, 0x1e, 0x1e, 0x1f, 0x06, 0x0c, 0x06, 
	0x0d, 0x1e, 0x04, 0x20, 0x21, 0x22, 0x06, 0x0d, 
	0x0d, 0x0d, 0x1e, 0x18, 0x23, 0x0c, 0x05, 0x0c, 
	0x1e, 0x0c, 0x1e, 0x24, 0x25, 0x26, 0x27, 0x04, 
	0x0c, 0x23, 0x23, 0x28, 0x23, 0x23, 0x18, 0x05, 
	0x05, 0x0d, 0x0d, 0x05, 0x0c, 0x06, 0x05, 0x0d, 
	0x05, 0x05, 0x0c, 0x23, 0x04, 0x29, 0x04, 0x07, 
	0x28, 0x28, 0x0c, 0x1e, 0x07, 0x11, 0x04, 0x0d, 
	0x23, 0x2a, 0x2b, 0x00, 0x29, 0x07, 0x23, 0x06, 
	0x0d, 0x06, 0x05, 0x14, 0x28, 0x2c, 0x18, 0x15, 
	0x15, 0x0d, 0x2d, 0x2e, 0x2f, 0x20, 0x30, 0x31, 
	0x00, 0x07, 0x0c, 0x05, 0x1e, 0x05, 0x0d, 0x1e, 
	0x32, 0x33, 0x27, 0x34, 0x35, 0x11, 0x2e, 0x28, 
	0x0d, 0x0c, 0x36, 0x37, 0x38, 0x14, 0x2b, 0x36, 
	0x38, 0x0d, 0x0c, 0x39, 0x3a, 0x3b, 0x3c, 0x3d, 
	0x3e, 0x00, 0x05, 0x07, 0x2a, 0x2a, 0x07, 0x05, 
	0x3f, 0x40, 0x41, 0x42, 0x43, 0x44, 0x45, 0x28, 
	0x0d, 0x1e, 0x12, 0x46, 0x47, 0x20, 0x2b, 0x00, 
	0x14, 0x0d, 0x0c, 0x48, 0x09, 0x49, 0x4a, 0x4b, 
	0x01, 0x2b, 0x4c, 0x4d, 0x4e, 0x45, 0x0e, 0x48, 
	0x4f, 0x50, 0x51, 0x52, 0x53, 0x34, 0x54, 0x07, 
	0x05, 0x0d, 0x28, 0x14, 0x13, 0x55, 0x56, 0x11, 
	0x05, 0x0d, 0x0d, 0x1e, 0x0c, 0x23, 0x29, 0x2b, 
	0x07, 0x57, 0x3e, 0x58, 0x59, 0x27, 0x5a, 0x5b, 
	0x5c, 0x5d, 0x5e, 0x5f, 0x60, 0x61, 0x62, 0x45, 
	0x05, 0x1e, 0x05, 0x0d, 0x15, 0x36, 0x12, 0x2c, 
	0x0d, 0x0d, 0x0d, 0x1e, 0x63, 0x24, 0x24, 0x64, 
	0x4c, 0x1e, 0x65, 0x66, 0x5f, 0x5f, 0x67, 0x68, 
	0x69, 0x6a, 0x6b, 0x5e, 0x51, 0x33, 0x08, 0x07, 
	0x1e, 0x6c, 0x23, 0x1e, 0x05, 0x0d, 0x05, 0x05, 
	0x05, 0x05, 0x1e, 0x6d, 0x48, 0x09, 0x6e, 0x6f, 
	0x3e, 0x2d, 0x61, 0x4a, 0x70, 0x71, 0x72, 0x40, 
	0x73, 0x74, 0x3e, 0x62, 0x24, 0x05, 0x05, 0x75, 
	0x76, 0x28, 0x77, 0x29, 0x07, 0x23, 0x05, 0x0d, 
	0x05, 0x0c, 0x75, 0x78, 0x79, 0x7a, 0x7b, 0x72, 
	0x6e, 0x7c, 0x24, 0x31, 0x7d, 0x7e, 0x7e, 0x58, 
	0x7f, 0x53, 0x80, 0x6a, 0x81, 0x54, 0x7c, 0x76, 
	0x7c, 0x82, 0x0a, 0x11, 0x00, 0x45, 0x23, 0x05, 
	0x1e, 0x0c, 0x83, 0x84, 0x85, 0x86, 0x87, 0x71, 
	0x88, 0x48, 0x3f, 0x89, 0x09, 0x8a, 0x8b, 0x8c, 
	0x08, 0x8d, 0x86, 0x80, 0x8e, 0x8f, 0x54, 0x90, 
	0x29, 0x91, 0x5a, 0x0b, 0x11, 0x45, 0x00, 0x28, 
	0x18, 0x05, 0x0c, 0x92, 0x93, 0x94, 0x95, 0x96, 
	0x0b, 0x7c, 0x48, 0x5a, 0x40, 0x97, 0x98, 0x99, 
	0x79, 0x71, 0x5e, 0x5e, 0x9a, 0x9b, 0x9c, 0x08, 
	0x29, 0x5f, 0x52, 0x9d, 0x54, 0x02, 0x0e, 0x63, 
	0x23, 0x05, 0x05, 0x05, 0x05, 0x0c, 0x04, 0x00, 
	0x2a, 0x2a, 0x09, 0x7e, 0x4a, 0x5e, 0x66, 0x9e, 
	0x71, 0x65, 0x8d, 0x5e, 0x5e, 0x80, 0x1b, 0x9f, 
	0x29, 0x5f, 0x7b, 0xa0, 0xa1, 0x3e, 0x00, 0x2a, 
	0x04, 0x0c, 0x05, 0x0c, 0x92, 0xa2, 0xa3, 0xa4, 
	0xa5, 0xa6, 0x99, 0x19, 0x5e, 0x5e, 0x5e, 0x5e, 
	0x5f, 0x80, 0x7e, 0x6b, 0xa7, 0x31, 0xa8, 0x04, 
	0x64, 0x62, 0xa9, 0xaa, 0xab, 0x62, 0x2a, 0x28, 
	0x2a, 0x1e, 0x05, 0x83, 0xac, 0xad, 0x5f, 0xae, 
	0x52, 0x1d, 0xaf, 0x5f, 0x5e, 0x5e, 0x5e, 0x5e, 
	0x87, 0xb0, 0x53, 0x43, 0xa4, 0x35, 0x45, 0x07, 
	0x64, 0x48, 0x30, 0x96, 0x34, 0x35, 0x6d, 0x23, 
	0x05, 0x05, 0x05, 0xb1, 0xb2, 0x25, 0xb3, 0xb4, 
	0x7e, 0x4e, 0x71, 0x5e, 0x5e, 0x5e, 0x5e, 0x5e, 
	0x87, 0x66, 0x61, 0x77, 0x4c, 0x7c, 0x2a, 0x18, 
	0x1e, 0x05, 0x1e, 0x1e, 0x6d, 0x18, 0x0c, 0x18, 
	0x05, 0x18, 0x05, 0xb1, 0x3f, 0x89, 0x8b, 0xb5, 
	0x71, 0x2b, 0xb6, 0xa7, 0xb7, 0x5e, 0x5e, 0x5f, 
	0x71, 0x52, 0x64, 0x6d, 0x2a, 0x24, 0x99, 0xb8, 
	0xb9, 0xba, 0x78, 0xbb, 0x0d, 0x0d, 0x18, 0x2c, 
	0xbc, 0x62, 0x4d, 0x57, 0x2a, 0x1d, 0x8c, 0x73, 
	0x61, 0x63, 0x1d, 0x42, 0xbd, 0xbe, 0x80, 0x97, 
	0xbf, 0xa4, 0x7c, 0x75, 0x2b, 0xc0, 0xb3, 0x5e, 
	0x95, 0x02, 0xba, 0x75, 0x0d, 0x0d, 0x12, 0x02, 
	0x4d, 0x19, 0x26, 0x29, 0x23, 0x04, 0x45, 0xa6, 
	0xc1, 0x00, 0x4c, 0x5a, 0xc2, 0x99, 0xa0, 0x43, 
	0xc3, 0xc4, 0x23, 0x05, 0xc5, 0xc6, 0x5f, 0x5e, 
	0x59, 0x24, 0x45, 0x0c, 0x1e, 0x38, 0xc7, 0x55, 
	0x0a, 0xc8, 0xc9, 0x29, 0x0c, 0x1e, 0x05, 0x2d, 
	0x6d, 0x63, 0x2b, 0xa6, 0x1d, 0x1d, 0xa6, 0x2a, 
	0x6d, 0x75, 0x1e, 0x05, 0x76, 0xca, 0xbf, 0x6a, 
	0xcb, 0x77, 0x07, 0x1e, 0x04, 0x13, 0xcc, 0x20, 
	0x02, 0xc7, 0x17, 0x29, 0x1e, 0x23, 0x45, 0x50, 
	0x8d, 0xae, 0xcd, 0xa6, 0x35, 0x81, 0x41, 0x5e, 
	0x7e, 0x58, 0x76, 0x0c, 0x6d, 0x5c, 0xce, 0x3f, 
	0xc4, 0x6d, 0x18, 0x05, 0x14, 0x13, 0xbc, 0xcf, 
	0x10, 0x46, 0xd0, 0x23, 0x0c, 0x29, 0x3e, 0xb8, 
	0xd1, 0x71, 0xd2, 0x7c, 0x73, 0x53, 0x70, 0x71, 
	0x86, 0xb0, 0xd3, 0x28, 0x76, 0x0c, 0x18, 0x75, 
	0x0c, 0x05, 0x0d, 0x05, 0x06, 0xd0, 0xd0, 0xd4, 
	0x02, 0x38, 0x0c, 0x0d, 0x0c, 0x29, 0x24, 0x58, 
	0xd5, 0x66, 0xd6, 0x83, 0x8b, 0x67, 0xd7, 0x60, 
	0x31, 0x73, 0x11, 0x07, 0x6d, 0x1e, 0x6d, 0x77, 
	0x57, 0x18, 0x0d, 0x0d, 0x0c, 0x28, 0x28, 0x37, 
	0x06, 0x0d, 0x0d, 0x0d, 0x2d, 0x2b, 0x45, 0x69, 
	0x53, 0x62, 0x89, 0x0c, 0x04, 0xd8, 0x1b, 0xd9, 
	0xd3, 0xda, 0x07, 0x28, 0x0d, 0x76, 0x09, 0x0b, 
	0x2a, 0x2a, 0x0c, 0x0d, 0x05, 0x18, 0x0c, 0x05, 
	0x18, 0x38, 0x38, 0x2c, 0x06, 0x28, 0x07, 0x29, 
	0x21, 0x2f, 0x0e, 0x0c, 0x0c, 0x07, 0x46, 0x45, 
	0x12, 0x07, 0x04, 0x23, 0x0d, 0xdb, 0xcb, 0x0b, 
	0x46, 0xdc, 0x36, 0x0d, 0x0d, 0x0d, 0x0d, 0x05, 
	0x15, 0x09, 0xd6, 0x7b, 0xcb, 0x18, 0x28, 0x28, 
	0x00, 0x00, 0x2e, 0x75, 0x83, 0x2d, 0x23, 0x28, 
	0x23, 0x63, 0x1e, 0x05, 0x0d, 0xcb, 0x64, 0x45, 
	0xdd, 0xde, 0x12, 0x05, 0x18, 0x18, 0x0d, 0x06, 
	0x22, 0x09, 0xdf, 0xe0, 0x7b, 0x18, 0x18, 0x18, 
	0x07, 0x28, 0x23, 0x7c, 0xa4, 0x5b, 0x90, 0x05, 
	0x0d, 0x0d, 0xe1, 0xe1, 0x07, 0x28, 0x04, 0x46, 
	0xe2, 0xd0, 0x15, 0x07, 0x20, 0x20, 0x2d, 0x06, 
	0x01, 0x0b, 0x24, 0x3e, 0xe3, 0x00, 0x0d, 0x0c, 
	0x15, 0x0c, 0x6d, 0x53, 0x19, 0x6e, 0xb2, 0x45, 
	0x05, 0x23, 0x22, 0xe4, 0xcc, 0x11, 0x28, 0x0d, 
	0x0d, 0x05, 0x2e, 0x0e, 0x0e, 0xcf, 0x2f, 0x06, 
	0x20, 0x11, 0x00, 0x01, 0x03, 0x02, 0x05, 0x0d, 
	0x05, 0x07, 0x34, 0xa0, 0x19, 0x19, 0xe5, 0x02, 
	0x0c, 0x22, 0x10, 0x11, 0x0e, 0xe6, 0x2e, 0x06, 
	0x05, 0x04, 0x0e, 0x12, 0x29, 0x45, 0x21, 0x05, 
	0x03, 0x01, 0x2e, 0x00, 0x21, 0x03, 0x0d, 0x0d, 
	0x06, 0x14, 0xe7, 0xe8, 0x02, 0x1b, 0x7b, 0xe6, 
	0x0c, 0xcf, 0xe9, 0x4e, 0xcf, 0x0e, 0xea, 0x18, 
	0x05, 0x00, 0x45, 0x07, 0x07, 0x00, 0x22, 0x0d, 
	0x02, 0xeb, 0xeb, 0x38, 0x0e, 0x01, 0x0d, 0x0d, 
	0x0c, 0x14, 0x0e, 0x4e, 0x1d, 0x01, 0xd3, 0xd4, 
	0x0c, 0x00, 0xec, 0x20, 0x20, 0x10, 0x10, 0x18, 
	0x05, 0x01, 0x21, 0x07, 0x14, 0x07, 0x28, 0x0d, 
	
};

Gfx arena_dl_vulkan_pal_rgba16_aligner[] = {gsSPEndDisplayList()};
u8 arena_dl_vulkan_pal_rgba16[] = {
	0x50, 0xc9, 0x61, 0x0b, 0x79, 0x4d, 0x81, 0x4f, 
	0x38, 0x87, 0x08, 0x01, 0x10, 0x01, 0x40, 0xc7, 
	0x82, 0x53, 0x8a, 0x95, 0x79, 0xd1, 0x69, 0x4d, 
	0x18, 0x43, 0x00, 0x01, 0x69, 0x0b, 0xc2, 0x17, 
	0x91, 0x91, 0x61, 0x09, 0x50, 0xc7, 0x68, 0xcb, 
	0x38, 0x85, 0x28, 0x45, 0x91, 0x51, 0x99, 0x91, 
	0x20, 0x43, 0xd4, 0xe7, 0xcb, 0x5d, 0xaa, 0x97, 
	0xaa, 0xd9, 0x61, 0x4b, 0x10, 0x43, 0x10, 0x03, 
	0x81, 0x8f, 0x71, 0x0d, 0x59, 0x0b, 0x28, 0x85, 
	0x71, 0xcf, 0xb3, 0xdf, 0xd5, 0x27, 0x9a, 0x97, 
	0x30, 0x85, 0x48, 0xc7, 0x49, 0x09, 0x51, 0x09, 
	0x28, 0x43, 0x20, 0x45, 0x48, 0xc9, 0x71, 0x4d, 
	0x9a, 0x13, 0xa2, 0x95, 0x51, 0x4d, 0x92, 0xd7, 
	0x81, 0xd1, 0x71, 0x8d, 0x40, 0x85, 0x58, 0xc9, 
	0x48, 0x87, 0x61, 0x0d, 0x99, 0xd3, 0xb2, 0xd7, 
	0xd4, 0x21, 0xc3, 0xdf, 0x8a, 0x11, 0x61, 0xcf, 
	0xbc, 0xa5, 0xa3, 0x5b, 0x9a, 0xd9, 0x92, 0x95, 
	0x81, 0xcf, 0x59, 0x09, 0x71, 0x0b, 0x91, 0x8f, 
	0x59, 0x8d, 0xcc, 0x21, 0xd5, 0x69, 0xd3, 0xdf, 
	0x51, 0x0b, 0x79, 0xcf, 0x69, 0x4b, 0x7a, 0xd7, 
	0xcd, 0x6b, 0xbc, 0xe7, 0xb4, 0x21, 0xa3, 0x19, 
	0x79, 0x8f, 0xa1, 0xd3, 0x89, 0x8f, 0x38, 0xc7, 
	0xa3, 0x59, 0x9b, 0x17, 0x8a, 0x53, 0x7a, 0x53, 
	0x69, 0x8f, 0xbd, 0x27, 0xd6, 0xb5, 0xd6, 0x71, 
	0xb3, 0x5b, 0x9a, 0x95, 0x92, 0x53, 0x40, 0xc9, 
	0x61, 0x8d, 0xbb, 0x5b, 0xd5, 0xad, 0xd5, 0xab, 
	0x9b, 0x19, 0x79, 0x8d, 0xab, 0xdf, 0xbd, 0xad, 
	0x20, 0x83, 0x30, 0xc7, 0xbb, 0xdf, 0xb2, 0x95, 
	0xd6, 0x31, 0xcd, 0xad, 0xd5, 0xef, 0x92, 0x11, 
	0xa2, 0x55, 0x20, 0x85, 0x39, 0x09, 0x51, 0x49, 
	0x5a, 0x11, 0x93, 0x5b, 0xb4, 0xa3, 0xd4, 0xe5, 
	0x41, 0x09, 0xc3, 0x59, 0xd3, 0xdd, 0x82, 0x11, 
	0xc5, 0x29, 0x92, 0x55, 0x72, 0x11, 0x28, 0xc7, 
	0x51, 0xcf, 0x9c, 0x21, 0xcd, 0xef, 0xd6, 0x73, 
	0xb2, 0x97, 0x7a, 0x11, 0xaa, 0xd7, 0xa2, 0x53, 
	0x89, 0xcf, 0xce, 0x73, 0xb3, 0x9d, 0x91, 0xd1, 
	0x51, 0x8d, 0xac, 0x1f, 0x31, 0x09, 0x7b, 0x19, 
	0xac, 0xa5, 0xcc, 0xe7, 0xb2, 0x15, 0xc4, 0xa5, 
	0xd4, 0x1f, 0xb3, 0x59, 0xc5, 0x2b, 0xaa, 0x55, 
	0x92, 0x13, 0x82, 0x13, 0xd5, 0x6b, 0x6a, 0x11, 
	0xa2, 0xd7, 0x9a, 0x55, 0x7a, 0xd9, 0xac, 0xe7, 
	0x8a, 0xd7, 0x72, 0x0f, 0x59, 0x4b, 0xb4, 0xa5, 
	0x71, 0x4b, 0xd4, 0x61, 0xcb, 0x9f, 0xbb, 0x1b, 
	0x62, 0x11, 0xa3, 0xdf, 0xc5, 0xef, 0xcc, 0x63, 
	0xcd, 0x27, 0x41, 0x4b, 0x72, 0x53, 0xcd, 0x29, 
	0xc4, 0xe7, 0xbb, 0x5d, 0xa3, 0x9d, 0xc5, 0xad, 
	0xc4, 0x61, 0xd5, 0x29, 0x71, 0x09, 0x28, 0x87, 
	0x79, 0x0b, 0xb4, 0x61, 0xbc, 0x63, 0xab, 0xdd, 
	0xaa, 0xd5, 0x71, 0xd1, 0x92, 0x93, 0x69, 0xcf, 
	0x49, 0x4b, 0x7a, 0x13, 0xc4, 0x1f, 0x91, 0x4f, 
	0x99, 0x8f, 0xd3, 0x9b, 0xac, 0x63, 0x7a, 0x51, 
	0xba, 0x15, 0x92, 0x0f, 0x51, 0x4b, 0x79, 0x4f, 
	0x60, 0xc9, 0xbd, 0x6b, 0xc2, 0xd5, 0x81, 0x4d, 
	0x89, 0x4f, 0xbb, 0x9d, 0xd4, 0xa5, 0xc4, 0x23, 
	0x8b, 0x5b, 0xa2, 0x13, 0x60, 0xc7, 0x82, 0x93, 
	0x68, 0xc9, 0x89, 0x4d, 0x81, 0x0d, 0xab, 0x9b, 
	0xab, 0x5b, 0x30, 0x87, 0x91, 0x4d, 0xa2, 0x97, 
	0xca, 0x17, 0xc2, 0xd9, 0xa1, 0xd1, 0x81, 0x8d, 
	0x89, 0xd1, 0x99, 0xd1, 0xb1, 0xd5, 0x40, 0x87, 
	0x89, 0x91, 
};

Gfx arena_dl_bricks_ci8_aligner[] = {gsSPEndDisplayList()};
u8 arena_dl_bricks_ci8[] = {
	0x00, 0x01, 0x02, 0x02, 0x01, 0x01, 0x02, 0x02, 
	0x02, 0x02, 0x02, 0x01, 0x03, 0x04, 0x05, 0x06, 
	0x04, 0x07, 0x08, 0x03, 0x09, 0x0a, 0x0b, 0x0c, 
	0x0d, 0x0e, 0x0f, 0x10, 0x0e, 0x11, 0x05, 0x12, 
	0x13, 0x14, 0x14, 0x15, 0x16, 0x17, 0x17, 0x17, 
	0x16, 0x16, 0x17, 0x14, 0x18, 0x19, 0x1a, 0x1b, 
	0x1c, 0x1d, 0x1e, 0x1f, 0x20, 0x20, 0x20, 0x21, 
	0x1e, 0x1f, 0x20, 0x19, 0x19, 0x19, 0x22, 0x1b, 
	0x23, 0x24, 0x25, 0x17, 0x26, 0x27, 0x05, 0x25, 
	0x26, 0x26, 0x26, 0x28, 0x27, 0x29, 0x2a, 0x1b, 
	0x2b, 0x27, 0x25, 0x2c, 0x28, 0x2c, 0x21, 0x2d, 
	0x2e, 0x21, 0x28, 0x27, 0x2d, 0x2f, 0x05, 0x30, 
	0x31, 0x20, 0x16, 0x24, 0x05, 0x2d, 0x28, 0x22, 
	0x26, 0x32, 0x05, 0x2d, 0x28, 0x33, 0x34, 0x1b, 
	0x35, 0x2d, 0x21, 0x2e, 0x05, 0x22, 0x14, 0x05, 
	0x2c, 0x26, 0x21, 0x1f, 0x29, 0x18, 0x36, 0x37, 
	0x38, 0x14, 0x14, 0x28, 0x18, 0x2e, 0x39, 0x34, 
	0x26, 0x26, 0x2e, 0x26, 0x1f, 0x19, 0x2d, 0x1b, 
	0x3a, 0x1e, 0x16, 0x14, 0x26, 0x39, 0x32, 0x05, 
	0x2e, 0x2d, 0x2d, 0x21, 0x25, 0x29, 0x26, 0x1b, 
	0x13, 0x20, 0x1e, 0x1f, 0x21, 0x28, 0x2e, 0x05, 
	0x3b, 0x32, 0x32, 0x05, 0x2e, 0x20, 0x32, 0x1b, 
	0x3c, 0x29, 0x17, 0x25, 0x26, 0x32, 0x05, 0x05, 
	0x36, 0x28, 0x3d, 0x26, 0x16, 0x20, 0x34, 0x3e, 
	0x31, 0x3f, 0x3f, 0x12, 0x40, 0x41, 0x42, 0x41, 
	0x31, 0x23, 0x31, 0x23, 0x43, 0x31, 0x40, 0x1b, 
	0x44, 0x40, 0x45, 0x45, 0x40, 0x3a, 0x46, 0x42, 
	0x1c, 0x12, 0x47, 0x37, 0x48, 0x48, 0x45, 0x49, 
	0x47, 0x12, 0x1b, 0x1b, 0x1b, 0x1b, 0x1b, 0x1b, 
	0x1b, 0x1b, 0x45, 0x1b, 0x1b, 0x1b, 0x3e, 0x37, 
	0x1b, 0x1b, 0x1b, 0x1b, 0x1b, 0x1b, 0x1b, 0x37, 
	0x1b, 0x4a, 0x4a, 0x4a, 0x1b, 0x3e, 0x4a, 0x1b, 
	0x10, 0x10, 0x4b, 0x4c, 0x4c, 0x10, 0x32, 0x4d, 
	0x0d, 0x4e, 0x01, 0x0e, 0x0e, 0x02, 0x03, 0x4f, 
	0x0b, 0x4c, 0x03, 0x4c, 0x0b, 0x50, 0x51, 0x1b, 
	0x0b, 0x50, 0x3b, 0x0b, 0x10, 0x0b, 0x00, 0x52, 
	0x53, 0x28, 0x14, 0x2e, 0x2e, 0x27, 0x0a, 0x06, 
	0x54, 0x2d, 0x16, 0x25, 0x2e, 0x27, 0x2d, 0x27, 
	0x36, 0x25, 0x24, 0x28, 0x36, 0x26, 0x05, 0x1b, 
	0x14, 0x2c, 0x2d, 0x2e, 0x24, 0x17, 0x25, 0x16, 
	0x25, 0x25, 0x28, 0x14, 0x36, 0x17, 0x0a, 0x06, 
	0x13, 0x1e, 0x28, 0x05, 0x26, 0x21, 0x2e, 0x14, 
	0x2e, 0x24, 0x17, 0x05, 0x2d, 0x28, 0x05, 0x47, 
	0x1e, 0x28, 0x24, 0x05, 0x28, 0x17, 0x26, 0x2e, 
	0x25, 0x2d, 0x25, 0x05, 0x28, 0x2e, 0x2e, 0x37, 
	0x40, 0x2e, 0x28, 0x26, 0x2c, 0x25, 0x2e, 0x26, 
	0x24, 0x2c, 0x21, 0x14, 0x25, 0x27, 0x22, 0x06, 
	0x1e, 0x16, 0x25, 0x3b, 0x05, 0x28, 0x25, 0x26, 
	0x2e, 0x25, 0x21, 0x2d, 0x32, 0x2d, 0x2e, 0x30, 
	0x41, 0x17, 0x16, 0x16, 0x05, 0x22, 0x3b, 0x34, 
	0x34, 0x34, 0x34, 0x26, 0x27, 0x16, 0x26, 0x06, 
	0x55, 0x16, 0x28, 0x28, 0x28, 0x2e, 0x22, 0x2e, 
	0x2a, 0x3d, 0x24, 0x26, 0x14, 0x27, 0x25, 0x30, 
	0x23, 0x16, 0x28, 0x21, 0x2e, 0x3b, 0x32, 0x34, 
	0x34, 0x34, 0x26, 0x32, 0x26, 0x15, 0x32, 0x06, 
	0x13, 0x20, 0x53, 0x1f, 0x56, 0x26, 0x26, 0x36, 
	0x40, 0x48, 0x45, 0x40, 0x3a, 0x40, 0x37, 0x06, 
	0x3c, 0x31, 0x31, 0x40, 0x43, 0x43, 0x43, 0x31, 
	0x31, 0x31, 0x3f, 0x3f, 0x31, 0x38, 0x31, 0x30, 
	0x40, 0x46, 0x12, 0x12, 0x40, 0x44, 0x57, 0x44, 
	0x37, 0x37, 0x1b, 0x1b, 0x1b, 0x1b, 0x1b, 0x06, 
	0x1b, 0x1b, 0x37, 0x1b, 0x58, 0x58, 0x1b, 0x37, 
	0x1b, 0x58, 0x1b, 0x1b, 0x59, 0x59, 0x37, 0x1b, 
	0x1b, 0x3e, 0x3e, 0x37, 0x06, 0x49, 0x1b, 0x1b, 
	0x03, 0x04, 0x0b, 0x10, 0x5a, 0x07, 0x0e, 0x0d, 
	0x0d, 0x0d, 0x10, 0x52, 0x5b, 0x0b, 0x32, 0x5c, 
	0x02, 0x02, 0x02, 0x02, 0x07, 0x0e, 0x0f, 0x0f, 
	0x0c, 0x0d, 0x52, 0x02, 0x5a, 0x0b, 0x36, 0x1b, 
	0x3c, 0x2d, 0x17, 0x28, 0x28, 0x2c, 0x25, 0x26, 
	0x25, 0x26, 0x2c, 0x2e, 0x16, 0x16, 0x5d, 0x1b, 
	0x5e, 0x25, 0x17, 0x27, 0x28, 0x27, 0x2e, 0x22, 
	0x25, 0x25, 0x26, 0x25, 0x17, 0x14, 0x26, 0x1b, 
	0x46, 0x26, 0x2c, 0x14, 0x20, 0x16, 0x39, 0x05, 
	0x2d, 0x25, 0x28, 0x28, 0x14, 0x19, 0x34, 0x37, 
	0x13, 0x25, 0x2c, 0x20, 0x21, 0x24, 0x28, 0x2c, 
	0x2d, 0x39, 0x28, 0x26, 0x14, 0x28, 0x22, 0x1b, 
	0x1c, 0x26, 0x28, 0x24, 0x2e, 0x36, 0x05, 0x2c, 
	0x39, 0x25, 0x32, 0x2e, 0x17, 0x28, 0x34, 0x1b, 
	0x5e, 0x2e, 0x14, 0x21, 0x2e, 0x1f, 0x28, 0x5f, 
	0x2e, 0x2c, 0x25, 0x39, 0x05, 0x14, 0x32, 0x40, 
	0x60, 0x16, 0x36, 0x14, 0x17, 0x2c, 0x5f, 0x28, 
	0x25, 0x2d, 0x05, 0x05, 0x2e, 0x05, 0x05, 0x1b, 
	0x54, 0x21, 0x53, 0x27, 0x27, 0x05, 0x2e, 0x05, 
	0x0a, 0x0a, 0x2e, 0x24, 0x1f, 0x20, 0x36, 0x37, 
	0x1e, 0x1f, 0x1f, 0x25, 0x14, 0x28, 0x05, 0x5f, 
	0x26, 0x2c, 0x32, 0x22, 0x2e, 0x16, 0x2e, 0x1b, 
	0x61, 0x19, 0x61, 0x19, 0x24, 0x2c, 0x39, 0x36, 
	0x2e, 0x2e, 0x24, 0x28, 0x29, 0x29, 0x56, 0x62, 
	0x12, 0x63, 0x1c, 0x45, 0x64, 0x31, 0x31, 0x31, 
	0x54, 0x42, 0x54, 0x41, 0x54, 0x65, 0x3c, 0x1b, 
	0x66, 0x13, 0x13, 0x38, 0x38, 0x41, 0x23, 0x42, 
	0x40, 0x3f, 0x40, 0x45, 0x40, 0x40, 0x63, 0x30, 
	0x30, 0x30, 0x30, 0x30, 0x30, 0x30, 0x30, 0x37, 
	0x30, 0x30, 0x1b, 0x1b, 0x1b, 0x1b, 0x1b, 0x37, 
	0x1b, 0x1b, 0x1b, 0x1b, 0x1b, 0x1b, 0x1b, 0x37, 
	0x1b, 0x30, 0x30, 0x30, 0x30, 0x30, 0x37, 0x30, 
	0x10, 0x3b, 0x52, 0x0e, 0x04, 0x01, 0x34, 0x4a, 
	0x4e, 0x0b, 0x52, 0x04, 0x0e, 0x67, 0x0f, 0x68, 
	0x0f, 0x0f, 0x0f, 0x0f, 0x0f, 0x4e, 0x03, 0x1b, 
	0x11, 0x5a, 0x08, 0x69, 0x10, 0x0b, 0x5a, 0x69, 
	0x15, 0x14, 0x2c, 0x16, 0x17, 0x25, 0x34, 0x43, 
	0x33, 0x25, 0x27, 0x17, 0x16, 0x17, 0x2e, 0x25, 
	0x25, 0x26, 0x26, 0x26, 0x25, 0x25, 0x34, 0x3e, 
	0x1d, 0x28, 0x25, 0x2e, 0x25, 0x2c, 0x16, 0x20, 
	0x27, 0x05, 0x17, 0x28, 0x17, 0x16, 0x34, 0x1b, 
	0x41, 0x20, 0x28, 0x26, 0x22, 0x2c, 0x05, 0x28, 
	0x28, 0x25, 0x25, 0x17, 0x2e, 0x15, 0x3b, 0x4d, 
	0x41, 0x28, 0x25, 0x2e, 0x25, 0x25, 0x2d, 0x2e, 
	0x26, 0x32, 0x26, 0x2d, 0x16, 0x15, 0x22, 0x1b, 
	0x18, 0x17, 0x17, 0x25, 0x05, 0x2c, 0x32, 0x2e, 
	0x2e, 0x26, 0x17, 0x2e, 0x2d, 0x20, 0x3b, 0x1b, 
	0x42, 0x17, 0x17, 0x3b, 0x32, 0x25, 0x2e, 0x25, 
	0x3b, 0x32, 0x32, 0x2c, 0x21, 0x1e, 0x2e, 0x1b, 
	0x1d, 0x2d, 0x25, 0x17, 0x25, 0x2e, 0x36, 0x24, 
	0x05, 0x28, 0x24, 0x14, 0x1f, 0x1e, 0x26, 0x37, 
	0x54, 0x15, 0x2d, 0x2d, 0x25, 0x21, 0x34, 0x22, 
	0x32, 0x25, 0x2c, 0x2c, 0x14, 0x35, 0x6a, 0x1b, 
	0x6b, 0x16, 0x20, 0x26, 0x25, 0x2e, 0x05, 0x22, 
	0x2c, 0x36, 0x36, 0x14, 0x21, 0x29, 0x28, 0x6c, 
	0x66, 0x15, 0x15, 0x25, 0x28, 0x6d, 0x34, 0x24, 
	0x38, 0x23, 0x23, 0x31, 0x23, 0x41, 0x63, 0x1b, 
	0x54, 0x63, 0x31, 0x13, 0x38, 0x40, 0x31, 0x31, 
	0x38, 0x41, 0x63, 0x46, 0x65, 0x42, 0x41, 0x30, 
	0x6b, 0x46, 0x3c, 0x31, 0x38, 0x38, 0x40, 0x23, 
	0x1b, 0x1b, 0x37, 0x1b, 0x37, 0x1b, 0x1b, 0x37, 
	0x1b, 0x1b, 0x3e, 0x1b, 0x1b, 0x1b, 0x1b, 0x1b, 
	0x1b, 0x3e, 0x6e, 0x6f, 0x3e, 0x3e, 0x30, 0x37, 
	0x30, 0x1b, 0x1b, 0x1b, 0x1b, 0x3e, 0x1b, 0x3e, 
	
};

Gfx arena_dl_bricks_pal_rgba16_aligner[] = {gsSPEndDisplayList()};
u8 arena_dl_bricks_pal_rgba16[] = {
	0xef, 0xbb, 0xf7, 0xbd, 0xff, 0xff, 0xce, 0x71, 
	0xe7, 0x79, 0xb5, 0xab, 0x3a, 0x0d, 0xdf, 0x37, 
	0xb5, 0xeb, 0xbe, 0x2d, 0xad, 0xa9, 0xd6, 0xb3, 
	0xde, 0xf7, 0xef, 0x7b, 0xe7, 0x37, 0xef, 0x79, 
	0xde, 0xf5, 0xce, 0x6f, 0x5b, 0x13, 0x6b, 0x5b, 
	0x9c, 0xe5, 0x9c, 0xe7, 0xa5, 0x29, 0xad, 0x6b, 
	0x7c, 0x1d, 0x94, 0xa5, 0x8c, 0x5f, 0x42, 0x4f, 
	0x63, 0x55, 0x84, 0x1f, 0x8c, 0x61, 0x8c, 0xa1, 
	0x94, 0xa3, 0x94, 0xe3, 0xb5, 0xed, 0x63, 0x59, 
	0x9d, 0x25, 0xb5, 0xad, 0xbd, 0xef, 0x9d, 0x27, 
	0xa5, 0x27, 0x84, 0x5f, 0x84, 0x5d, 0x73, 0x97, 
	0xad, 0xab, 0xa5, 0x69, 0xad, 0x69, 0x8c, 0xa3, 
	0x42, 0x4d, 0x63, 0x17, 0xc6, 0x31, 0x7c, 0x1b, 
	0xce, 0x73, 0x73, 0xd9, 0xa5, 0x67, 0x4a, 0x8f, 
	0x63, 0x19, 0xbd, 0xed, 0x63, 0x15, 0xc6, 0x2f, 
	0x73, 0x9d, 0x94, 0xe1, 0x4a, 0x4f, 0x5b, 0x17, 
	0x5b, 0x15, 0x6b, 0x59, 0x6b, 0x99, 0x5a, 0xd5, 
	0x6b, 0x97, 0x52, 0xd3, 0x6b, 0x57, 0x52, 0xd1, 
	0x5a, 0xd3, 0x3a, 0x0f, 0x42, 0x0f, 0xbd, 0xeb, 
	0xc6, 0x6f, 0x4a, 0x91, 0xf7, 0xbb, 0xc6, 0x2d, 
	0xce, 0xb3, 0xd6, 0xb5, 0xe7, 0x39, 0x94, 0xe5, 
	0x73, 0x9b, 0x7c, 0x1f, 0x94, 0xa1, 0x63, 0x13, 
	0x52, 0xcf, 0x52, 0x8f, 0xd6, 0xf3, 0xd6, 0xf5, 
	0x42, 0x11, 0xc6, 0x71, 0x84, 0x21, 0x9c, 0xe3, 
	0x7b, 0xdb, 0x8c, 0x63, 0x4a, 0x4d, 0x63, 0x57, 
	0x73, 0xdd, 0x73, 0xdb, 0x73, 0x99, 0xdf, 0x35, 
	0xe7, 0x35, 0xd6, 0xb1, 0xa5, 0x25, 0x7b, 0xdd, 
	0x52, 0x93, 0x8c, 0x9f, 0x52, 0x91, 0x4a, 0x8d, 
	
};

Gfx arena_dl_chain_ci8_aligner[] = {gsSPEndDisplayList()};
u8 arena_dl_chain_ci8[] = {
	0x00, 0x00, 0x00, 0x00, 0x01, 0x02, 0x02, 0x03, 
	0x03, 0x03, 0x03, 0x04, 0x05, 0x00, 0x00, 0x00, 
	0x00, 0x00, 0x00, 0x00, 0x06, 0x03, 0x03, 0x03, 
	0x03, 0x03, 0x03, 0x07, 0x05, 0x00, 0x00, 0x00, 
	0x00, 0x00, 0x00, 0x00, 0x01, 0x05, 0x00, 0x00, 
	0x00, 0x00, 0x00, 0x06, 0x05, 0x00, 0x00, 0x00, 
	0x00, 0x00, 0x00, 0x00, 0x06, 0x05, 0x00, 0x00, 
	0x00, 0x00, 0x00, 0x04, 0x05, 0x00, 0x00, 0x00, 
	0x00, 0x00, 0x00, 0x00, 0x01, 0x08, 0x00, 0x00, 
	0x00, 0x00, 0x00, 0x06, 0x05, 0x00, 0x00, 0x00, 
	0x00, 0x00, 0x00, 0x00, 0x06, 0x05, 0x00, 0x00, 
	0x00, 0x00, 0x00, 0x04, 0x05, 0x00, 0x00, 0x00, 
	0x00, 0x00, 0x00, 0x00, 0x06, 0x08, 0x00, 0x00, 
	0x00, 0x00, 0x00, 0x06, 0x07, 0x07, 0x07, 0x09, 
	0x03, 0x03, 0x03, 0x03, 0x03, 0x02, 0x00, 0x00, 
	0x00, 0x00, 0x00, 0x06, 0x05, 0x00, 0x00, 0x00, 
	0x00, 0x00, 0x00, 0x00, 0x06, 0x08, 0x00, 0x00, 
	0x00, 0x00, 0x00, 0x00, 0x00, 0x00, 0x00, 0x00, 
	0x00, 0x00, 0x00, 0x00, 0x00, 0x00, 0x00, 0x00, 
	0x00, 0x00, 0x00, 0x06, 0x05, 0x00, 0x00, 0x00, 
	0x00, 0x00, 0x00, 0x00, 0x06, 0x08, 0x00, 0x00, 
	0x00, 0x00, 0x00, 0x00, 0x00, 0x00, 0x00, 0x00, 
	0x00, 0x00, 0x00, 0x00, 0x00, 0x00, 0x00, 0x00, 
	0x00, 0x00, 0x00, 0x06, 0x05, 0x00, 0x00, 0x00, 
	0x00, 0x00, 0x00, 0x00, 0x06, 0x08, 0x00, 0x00, 
	0x00, 0x00, 0x00, 0x00, 0x00, 0x00, 0x00, 0x00, 
	0x00, 0x00, 0x00, 0x00, 0x00, 0x00, 0x00, 0x00, 
	0x00, 0x00, 0x00, 0x06, 0x05, 0x00, 0x00, 0x00, 
	0x00, 0x00, 0x00, 0x00, 0x06, 0x08, 0x00, 0x00, 
	0x00, 0x00, 0x00, 0x00, 0x00, 0x00, 0x00, 0x00, 
	0x00, 0x00, 0x00, 0x00, 0x00, 0x00, 0x00, 0x00, 
	0x00, 0x00, 0x00, 0x06, 0x05, 0x00, 0x00, 0x00, 
	0x00, 0x00, 0x00, 0x00, 0x04, 0x02, 0x02, 0x03, 
	0x03, 0x03, 0x03, 0x05, 0x0a, 0x00, 0x00, 0x00, 
	0x00, 0x00, 0x00, 0x00, 0x09, 0x03, 0x03, 0x03, 
	0x03, 0x03, 0x03, 0x03, 0x02, 0x00, 0x00, 0x00, 
	0x00, 0x00, 0x00, 0x00, 0x00, 0x00, 0x00, 0x00, 
	0x00, 0x00, 0x00, 0x03, 0x08, 0x00, 0x00, 0x00, 
	0x00, 0x00, 0x00, 0x00, 0x09, 0x05, 0x00, 0x00, 
	0x00, 0x00, 0x00, 0x00, 0x00, 0x00, 0x00, 0x00, 
	0x00, 0x00, 0x00, 0x00, 0x00, 0x00, 0x00, 0x00, 
	0x00, 0x00, 0x00, 0x03, 0x08, 0x00, 0x00, 0x00, 
	0x00, 0x00, 0x00, 0x00, 0x07, 0x08, 0x00, 0x00, 
	0x00, 0x00, 0x00, 0x00, 0x00, 0x00, 0x00, 0x00, 
	0x00, 0x00, 0x00, 0x00, 0x00, 0x00, 0x00, 0x00, 
	0x00, 0x00, 0x00, 0x07, 0x08, 0x00, 0x00, 0x00, 
	0x00, 0x00, 0x00, 0x00, 0x07, 0x08, 0x00, 0x00, 
	0x00, 0x00, 0x00, 0x00, 0x00, 0x00, 0x00, 0x00, 
	0x00, 0x00, 0x00, 0x00, 0x00, 0x00, 0x00, 0x00, 
	0x00, 0x00, 0x00, 0x07, 0x05, 0x00, 0x00, 0x00, 
	0x00, 0x00, 0x00, 0x00, 0x04, 0x08, 0x00, 0x00, 
	0x00, 0x00, 0x00, 0x00, 0x00, 0x00, 0x00, 0x00, 
	0x03, 0x03, 0x03, 0x03, 0x05, 0x0b, 0x00, 0x00, 
	0x00, 0x00, 0x00, 0x01, 0x05, 0x00, 0x00, 0x00, 
	0x00, 0x00, 0x00, 0x00, 0x04, 0x08, 0x00, 0x00, 
	0x00, 0x00, 0x00, 0x07, 0x03, 0x03, 0x03, 0x03, 
	0x00, 0x00, 0x00, 0x00, 0x03, 0x08, 0x00, 0x00, 
	0x00, 0x00, 0x00, 0x06, 0x05, 0x00, 0x00, 0x00, 
	0x00, 0x00, 0x00, 0x00, 0x04, 0x08, 0x00, 0x00, 
	0x00, 0x00, 0x00, 0x01, 0x02, 0x00, 0x00, 0x00, 
	0x00, 0x00, 0x00, 0x00, 0x09, 0x08, 0x00, 0x00, 
	0x00, 0x00, 0x00, 0x06, 0x05, 0x00, 0x00, 0x00, 
	0x00, 0x00, 0x00, 0x00, 0x06, 0x08, 0x00, 0x00, 
	0x00, 0x00, 0x00, 0x04, 0x05, 0x00, 0x00, 0x00, 
	0x00, 0x00, 0x00, 0x00, 0x07, 0x02, 0x03, 0x03, 
	0x03, 0x03, 0x03, 0x06, 0x05, 0x00, 0x00, 0x00, 
	0x00, 0x00, 0x00, 0x00, 0x06, 0x02, 0x03, 0x03, 
	0x03, 0x03, 0x03, 0x0c, 0x08, 0x00, 0x00, 0x00, 
	0x00, 0x00, 0x00, 0x00, 0x01, 0x05, 0x00, 0x00, 
	0x00, 0x00, 0x00, 0x0d, 0x05, 0x00, 0x00, 0x00, 
	0x00, 0x00, 0x00, 0x00, 0x06, 0x08, 0x00, 0x00, 
	0x00, 0x00, 0x00, 0x06, 0x08, 0x00, 0x00, 0x00, 
	0x00, 0x00, 0x00, 0x00, 0x01, 0x05, 0x00, 0x00, 
	0x00, 0x00, 0x00, 0x0d, 0x05, 0x00, 0x00, 0x00, 
	0x00, 0x00, 0x00, 0x00, 0x01, 0x08, 0x00, 0x00, 
	0x00, 0x00, 0x00, 0x06, 0x08, 0x00, 0x00, 0x00, 
	0x00, 0x00, 0x00, 0x00, 0x01, 0x05, 0x00, 0x00, 
	0x00, 0x00, 0x00, 0x0c, 0x04, 0x01, 0x07, 0x07, 
	0x07, 0x03, 0x03, 0x03, 0x03, 0x08, 0x00, 0x00, 
	0x00, 0x00, 0x00, 0x06, 0x08, 0x00, 0x00, 0x00, 
	0x00, 0x00, 0x00, 0x00, 0x01, 0x05, 0x00, 0x00, 
	0x00, 0x00, 0x00, 0x00, 0x00, 0x00, 0x00, 0x00, 
	0x00, 0x00, 0x00, 0x00, 0x00, 0x00, 0x00, 0x00, 
	0x00, 0x00, 0x00, 0x06, 0x08, 0x00, 0x00, 0x00, 
	0x00, 0x00, 0x00, 0x00, 0x04, 0x05, 0x00, 0x00, 
	0x00, 0x00, 0x00, 0x00, 0x00, 0x00, 0x00, 0x00, 
	0x00, 0x00, 0x00, 0x00, 0x00, 0x00, 0x00, 0x00, 
	0x00, 0x00, 0x00, 0x06, 0x08, 0x00, 0x00, 0x00, 
	0x00, 0x00, 0x00, 0x00, 0x06, 0x05, 0x00, 0x00, 
	0x00, 0x00, 0x00, 0x00, 0x00, 0x00, 0x00, 0x00, 
	0x00, 0x00, 0x00, 0x00, 0x00, 0x00, 0x00, 0x00, 
	0x00, 0x00, 0x00, 0x06, 0x08, 0x00, 0x00, 0x00, 
	0x00, 0x00, 0x00, 0x00, 0x04, 0x05, 0x00, 0x00, 
	0x00, 0x00, 0x00, 0x00, 0x00, 0x00, 0x00, 0x00, 
	0x00, 0x00, 0x00, 0x00, 0x00, 0x00, 0x00, 0x00, 
	0x00, 0x00, 0x00, 0x06, 0x05, 0x00, 0x00, 0x00, 
	0x00, 0x00, 0x00, 0x00, 0x0c, 0x01, 0x01, 0x07, 
	0x03, 0x03, 0x03, 0x0e, 0x0f, 0x00, 0x00, 0x00, 
	0x00, 0x00, 0x00, 0x00, 0x03, 0x03, 0x03, 0x03, 
	0x03, 0x03, 0x03, 0x03, 0x02, 0x00, 0x00, 0x00, 
	0x00, 0x00, 0x00, 0x00, 0x00, 0x00, 0x00, 0x00, 
	0x00, 0x00, 0x00, 0x03, 0x08, 0x00, 0x00, 0x00, 
	0x00, 0x00, 0x00, 0x00, 0x03, 0x02, 0x00, 0x00, 
	0x00, 0x00, 0x00, 0x00, 0x00, 0x00, 0x00, 0x00, 
	0x00, 0x00, 0x00, 0x00, 0x00, 0x00, 0x00, 0x00, 
	0x00, 0x00, 0x00, 0x03, 0x08, 0x00, 0x00, 0x00, 
	0x00, 0x00, 0x00, 0x00, 0x03, 0x08, 0x00, 0x00, 
	0x00, 0x00, 0x00, 0x00, 0x00, 0x00, 0x00, 0x00, 
	0x00, 0x00, 0x00, 0x00, 0x00, 0x00, 0x00, 0x00, 
	0x00, 0x00, 0x00, 0x09, 0x10, 0x00, 0x00, 0x00, 
	0x00, 0x00, 0x00, 0x00, 0x07, 0x08, 0x00, 0x00, 
	0x00, 0x00, 0x00, 0x00, 0x00, 0x00, 0x00, 0x00, 
	0x00, 0x00, 0x00, 0x00, 0x00, 0x00, 0x00, 0x00, 
	0x00, 0x00, 0x00, 0x09, 0x11, 0x00, 0x00, 0x00, 
	0x00, 0x00, 0x00, 0x00, 0x01, 0x08, 0x00, 0x00, 
	0x00, 0x00, 0x00, 0x00, 0x00, 0x00, 0x00, 0x00, 
	0x03, 0x03, 0x03, 0x02, 0x05, 0x12, 0x00, 0x00, 
	0x00, 0x00, 0x00, 0x09, 0x13, 0x00, 0x00, 0x00, 
	0x00, 0x00, 0x00, 0x00, 0x01, 0x08, 0x00, 0x00, 
	0x00, 0x00, 0x00, 0x01, 0x03, 0x03, 0x03, 0x03, 
	0x00, 0x00, 0x00, 0x00, 0x09, 0x14, 0x00, 0x00, 
	0x00, 0x00, 0x00, 0x01, 0x13, 0x00, 0x00, 0x00, 
	0x00, 0x00, 0x00, 0x00, 0x01, 0x08, 0x00, 0x00, 
	0x00, 0x00, 0x00, 0x04, 0x02, 0x00, 0x00, 0x00, 
	0x00, 0x00, 0x00, 0x00, 0x07, 0x14, 0x00, 0x00, 
	0x00, 0x00, 0x00, 0x01, 0x05, 0x00, 0x00, 0x00, 
	0x00, 0x00, 0x00, 0x00, 0x01, 0x08, 0x00, 0x00, 
	0x00, 0x00, 0x00, 0x04, 0x05, 0x00, 0x00, 0x00, 
	
};

Gfx arena_dl_chain_pal_rgba16_aligner[] = {gsSPEndDisplayList()};
u8 arena_dl_chain_pal_rgba16[] = {
	0x00, 0x00, 0x49, 0x41, 0x7a, 0xc5, 0x62, 0x01, 
	0x41, 0x01, 0x93, 0x8b, 0x38, 0xc1, 0x51, 0x81, 
	0xac, 0x8f, 0x59, 0xc1, 0xbd, 0x97, 0xc5, 0xdb, 
	0x30, 0x41, 0x30, 0x01, 0x83, 0x07, 0xc5, 0x99, 
	0xa4, 0x4f, 0x9c, 0x0d, 0xcd, 0xdb, 0x93, 0xcb, 
	0xc5, 0x55, 
};

Gfx arena_dl_conveyor_ci8_aligner[] = {gsSPEndDisplayList()};
u8 arena_dl_conveyor_ci8[] = {
	0x00, 0x00, 0x00, 0x00, 0x00, 0x00, 0x00, 0x00, 
	0x00, 0x00, 0x00, 0x00, 0x00, 0x00, 0x00, 0x00, 
	0x00, 0x00, 0x00, 0x00, 0x00, 0x00, 0x00, 0x00, 
	0x00, 0x00, 0x00, 0x00, 0x00, 0x00, 0x00, 0x00, 
	0x01, 0x01, 0x01, 0x01, 0x01, 0x01, 0x01, 0x01, 
	0x01, 0x01, 0x01, 0x01, 0x01, 0x01, 0x01, 0x01, 
	0x01, 0x01, 0x01, 0x01, 0x01, 0x01, 0x01, 0x01, 
	0x01, 0x01, 0x01, 0x01, 0x01, 0x01, 0x01, 0x01, 
	0x02, 0x02, 0x02, 0x02, 0x02, 0x02, 0x02, 0x02, 
	0x02, 0x02, 0x02, 0x02, 0x02, 0x02, 0x02, 0x02, 
	0x02, 0x02, 0x02, 0x02, 0x02, 0x02, 0x02, 0x02, 
	0x02, 0x02, 0x02, 0x02, 0x02, 0x02, 0x02, 0x02, 
	0x03, 0x03, 0x03, 0x03, 0x03, 0x03, 0x03, 0x03, 
	0x03, 0x03, 0x03, 0x03, 0x03, 0x03, 0x03, 0x03, 
	0x03, 0x03, 0x03, 0x03, 0x03, 0x03, 0x03, 0x03, 
	0x03, 0x03, 0x03, 0x04, 0x05, 0x06, 0x07, 0x07, 
	0x03, 0x08, 0x04, 0x09, 0x0a, 0x0a, 0x0a, 0x0a, 
	0x0a, 0x0a, 0x0a, 0x0a, 0x0a, 0x0a, 0x0a, 0x0a, 
	0x0a, 0x0a, 0x0a, 0x0a, 0x0a, 0x0a, 0x0a, 0x0a, 
	0x0a, 0x0a, 0x0b, 0x0c, 0x0d, 0x0e, 0x07, 0x07, 
	0x03, 0x0f, 0x10, 0x11, 0x12, 0x12, 0x12, 0x12, 
	0x12, 0x12, 0x12, 0x12, 0x12, 0x12, 0x12, 0x12, 
	0x12, 0x12, 0x12, 0x12, 0x12, 0x12, 0x12, 0x12, 
	0x13, 0x14, 0x15, 0x16, 0x17, 0x0e, 0x07, 0x07, 
	0x03, 0x0f, 0x10, 0x11, 0x12, 0x12, 0x12, 0x12, 
	0x12, 0x12, 0x12, 0x12, 0x12, 0x12, 0x12, 0x12, 
	0x12, 0x12, 0x12, 0x12, 0x12, 0x12, 0x18, 0x18, 
	0x19, 0x1a, 0x15, 0x1b, 0x1c, 0x0e, 0x02, 0x1d, 
	0x03, 0x0f, 0x10, 0x11, 0x12, 0x12, 0x12, 0x12, 
	0x12, 0x12, 0x12, 0x12, 0x12, 0x12, 0x12, 0x12, 
	0x12, 0x12, 0x12, 0x12, 0x18, 0x18, 0x14, 0x14, 
	0x1e, 0x1f, 0x15, 0x1b, 0x1c, 0x0e, 0x1d, 0x00, 
	0x03, 0x0f, 0x10, 0x11, 0x12, 0x12, 0x12, 0x12, 
	0x12, 0x12, 0x12, 0x12, 0x12, 0x12, 0x12, 0x12, 
	0x12, 0x12, 0x18, 0x18, 0x14, 0x14, 0x20, 0x20, 
	0x1e, 0x1f, 0x15, 0x1b, 0x1c, 0x0e, 0x02, 0x1d, 
	0x03, 0x0f, 0x10, 0x11, 0x12, 0x12, 0x12, 0x12, 
	0x12, 0x12, 0x12, 0x12, 0x12, 0x12, 0x12, 0x12, 
	0x18, 0x18, 0x14, 0x14, 0x20, 0x20, 0x20, 0x20, 
	0x1e, 0x1f, 0x15, 0x1b, 0x1c, 0x0e, 0x07, 0x07, 
	0x03, 0x0f, 0x10, 0x11, 0x12, 0x12, 0x12, 0x12, 
	0x12, 0x12, 0x12, 0x12, 0x12, 0x12, 0x18, 0x18, 
	0x14, 0x14, 0x20, 0x20, 0x20, 0x20, 0x20, 0x20, 
	0x1e, 0x1f, 0x15, 0x1b, 0x1c, 0x0e, 0x07, 0x07, 
	0x03, 0x0f, 0x10, 0x11, 0x12, 0x12, 0x12, 0x12, 
	0x12, 0x12, 0x12, 0x12, 0x18, 0x18, 0x14, 0x14, 
	0x20, 0x20, 0x20, 0x20, 0x20, 0x20, 0x20, 0x20, 
	0x1e, 0x1f, 0x15, 0x1b, 0x1c, 0x0e, 0x07, 0x07, 
	0x03, 0x0f, 0x10, 0x21, 0x12, 0x12, 0x12, 0x12, 
	0x12, 0x12, 0x18, 0x18, 0x14, 0x14, 0x20, 0x20, 
	0x20, 0x20, 0x20, 0x20, 0x20, 0x20, 0x20, 0x20, 
	0x1e, 0x1f, 0x15, 0x16, 0x1c, 0x0e, 0x07, 0x07, 
	0x03, 0x0f, 0x10, 0x11, 0x12, 0x12, 0x12, 0x12, 
	0x18, 0x18, 0x14, 0x14, 0x20, 0x20, 0x20, 0x20, 
	0x20, 0x20, 0x20, 0x20, 0x20, 0x20, 0x20, 0x20, 
	0x1e, 0x1f, 0x15, 0x1b, 0x1c, 0x0e, 0x07, 0x07, 
	0x03, 0x0f, 0x10, 0x11, 0x12, 0x12, 0x18, 0x18, 
	0x14, 0x14, 0x20, 0x20, 0x20, 0x20, 0x20, 0x20, 
	0x20, 0x20, 0x20, 0x20, 0x20, 0x20, 0x20, 0x20, 
	0x1e, 0x1f, 0x15, 0x1b, 0x1c, 0x0e, 0x07, 0x07, 
	0x03, 0x0f, 0x10, 0x11, 0x13, 0x13, 0x14, 0x14, 
	0x20, 0x20, 0x20, 0x20, 0x20, 0x20, 0x20, 0x20, 
	0x20, 0x20, 0x20, 0x20, 0x20, 0x20, 0x20, 0x20, 
	0x1e, 0x1f, 0x15, 0x1b, 0x1c, 0x0e, 0x07, 0x07, 
	0x03, 0x0f, 0x10, 0x11, 0x22, 0x23, 0x19, 0x19, 
	0x20, 0x20, 0x20, 0x20, 0x20, 0x20, 0x20, 0x20, 
	0x20, 0x20, 0x20, 0x20, 0x20, 0x20, 0x20, 0x20, 
	0x1e, 0x1f, 0x15, 0x1b, 0x1c, 0x0e, 0x07, 0x07, 
	0x03, 0x0f, 0x10, 0x11, 0x12, 0x12, 0x1a, 0x1a, 
	0x19, 0x19, 0x20, 0x20, 0x20, 0x20, 0x20, 0x20, 
	0x20, 0x20, 0x20, 0x20, 0x20, 0x20, 0x20, 0x20, 
	0x1e, 0x1f, 0x15, 0x1b, 0x1c, 0x0e, 0x07, 0x07, 
	0x03, 0x0f, 0x10, 0x11, 0x12, 0x12, 0x12, 0x12, 
	0x1a, 0x1a, 0x19, 0x19, 0x20, 0x20, 0x20, 0x20, 
	0x20, 0x20, 0x20, 0x20, 0x20, 0x20, 0x20, 0x20, 
	0x1e, 0x1f, 0x15, 0x1b, 0x1c, 0x0e, 0x07, 0x07, 
	0x03, 0x0f, 0x10, 0x11, 0x12, 0x12, 0x12, 0x12, 
	0x12, 0x12, 0x1a, 0x1a, 0x19, 0x19, 0x20, 0x20, 
	0x20, 0x20, 0x20, 0x20, 0x20, 0x20, 0x20, 0x20, 
	0x1e, 0x1f, 0x15, 0x1b, 0x1c, 0x0e, 0x07, 0x07, 
	0x03, 0x0f, 0x10, 0x21, 0x12, 0x12, 0x12, 0x12, 
	0x12, 0x12, 0x12, 0x12, 0x1a, 0x1a, 0x19, 0x19, 
	0x20, 0x20, 0x20, 0x20, 0x20, 0x20, 0x20, 0x20, 
	0x1e, 0x1f, 0x15, 0x16, 0x1c, 0x0e, 0x07, 0x07, 
	0x03, 0x0f, 0x10, 0x11, 0x12, 0x12, 0x12, 0x12, 
	0x12, 0x12, 0x12, 0x12, 0x12, 0x12, 0x1a, 0x1a, 
	0x19, 0x19, 0x20, 0x20, 0x20, 0x20, 0x20, 0x20, 
	0x1e, 0x1f, 0x15, 0x1b, 0x1c, 0x0e, 0x07, 0x07, 
	0x03, 0x0f, 0x10, 0x11, 0x12, 0x12, 0x12, 0x12, 
	0x12, 0x12, 0x12, 0x12, 0x12, 0x12, 0x12, 0x12, 
	0x1a, 0x1a, 0x19, 0x19, 0x20, 0x20, 0x20, 0x20, 
	0x1e, 0x1f, 0x15, 0x1b, 0x1c, 0x0e, 0x07, 0x07, 
	0x03, 0x0f, 0x10, 0x11, 0x12, 0x12, 0x12, 0x12, 
	0x12, 0x12, 0x12, 0x12, 0x12, 0x12, 0x12, 0x12, 
	0x12, 0x12, 0x1a, 0x1a, 0x19, 0x19, 0x20, 0x20, 
	0x1e, 0x1f, 0x15, 0x1b, 0x1c, 0x0e, 0x02, 0x1d, 
	0x03, 0x0f, 0x10, 0x11, 0x12, 0x12, 0x12, 0x12, 
	0x12, 0x12, 0x12, 0x12, 0x12, 0x12, 0x12, 0x12, 
	0x12, 0x12, 0x12, 0x12, 0x1a, 0x1a, 0x19, 0x19, 
	0x1e, 0x1f, 0x15, 0x1b, 0x1c, 0x0e, 0x1d, 0x00, 
	0x03, 0x0f, 0x10, 0x11, 0x12, 0x12, 0x12, 0x12, 
	0x12, 0x12, 0x12, 0x12, 0x12, 0x12, 0x12, 0x12, 
	0x12, 0x12, 0x12, 0x12, 0x12, 0x12, 0x1a, 0x1a, 
	0x1e, 0x1f, 0x15, 0x24, 0x1c, 0x0e, 0x02, 0x1d, 
	0x03, 0x0f, 0x10, 0x11, 0x12, 0x12, 0x12, 0x12, 
	0x12, 0x12, 0x12, 0x12, 0x12, 0x12, 0x12, 0x12, 
	0x12, 0x12, 0x12, 0x12, 0x12, 0x12, 0x12, 0x12, 
	0x1a, 0x1a, 0x15, 0x16, 0x25, 0x0e, 0x07, 0x07, 
	0x03, 0x26, 0x27, 0x28, 0x29, 0x29, 0x29, 0x29, 
	0x29, 0x29, 0x29, 0x29, 0x29, 0x29, 0x29, 0x29, 
	0x29, 0x29, 0x29, 0x29, 0x29, 0x29, 0x29, 0x29, 
	0x29, 0x29, 0x2a, 0x2b, 0x2c, 0x0e, 0x07, 0x07, 
	0x2d, 0x2e, 0x2f, 0x30, 0x30, 0x30, 0x30, 0x30, 
	0x30, 0x30, 0x30, 0x30, 0x30, 0x30, 0x30, 0x30, 
	0x30, 0x30, 0x30, 0x30, 0x30, 0x30, 0x30, 0x30, 
	0x30, 0x30, 0x30, 0x30, 0x30, 0x31, 0x07, 0x07, 
	0x00, 0x00, 0x00, 0x00, 0x00, 0x00, 0x00, 0x00, 
	0x00, 0x00, 0x00, 0x00, 0x00, 0x00, 0x00, 0x00, 
	0x00, 0x00, 0x00, 0x00, 0x00, 0x00, 0x00, 0x00, 
	0x00, 0x00, 0x00, 0x00, 0x00, 0x00, 0x00, 0x00, 
	0x01, 0x01, 0x01, 0x01, 0x01, 0x01, 0x01, 0x01, 
	0x01, 0x01, 0x01, 0x01, 0x01, 0x01, 0x01, 0x01, 
	0x01, 0x01, 0x01, 0x01, 0x01, 0x01, 0x01, 0x01, 
	0x01, 0x01, 0x01, 0x01, 0x01, 0x01, 0x01, 0x01, 
	0x02, 0x02, 0x02, 0x02, 0x02, 0x02, 0x02, 0x02, 
	0x02, 0x02, 0x02, 0x02, 0x02, 0x02, 0x02, 0x02, 
	0x02, 0x02, 0x02, 0x02, 0x02, 0x02, 0x02, 0x02, 
	0x02, 0x02, 0x02, 0x02, 0x02, 0x02, 0x02, 0x02, 
	
};

Gfx arena_dl_conveyor_pal_rgba16_aligner[] = {gsSPEndDisplayList()};
u8 arena_dl_conveyor_pal_rgba16[] = {
	0x6b, 0x5b, 0x52, 0x95, 0x18, 0xc7, 0xff, 0xff, 
	0xff, 0x63, 0xfe, 0x21, 0x92, 0x4b, 0x00, 0x01, 
	0xff, 0xf5, 0xfe, 0xd3, 0xfe, 0x8f, 0xfe, 0x4f, 
	0xf5, 0x0b, 0xc3, 0x47, 0x50, 0x01, 0xff, 0xf1, 
	0xff, 0x19, 0xfe, 0x45, 0xfe, 0x01, 0xff, 0xe7, 
	0xff, 0xd3, 0xfd, 0xc1, 0xf4, 0x81, 0xba, 0xc1, 
	0xff, 0xf9, 0xe7, 0x01, 0xc3, 0xc1, 0xfc, 0xc1, 
	0xc2, 0xc1, 0x31, 0x8d, 0xce, 0x41, 0xa3, 0x01, 
	0xff, 0xc1, 0xfe, 0x47, 0xb5, 0x93, 0xb4, 0xc1, 
	0xf4, 0xc1, 0xba, 0x81, 0xf6, 0xeb, 0xf6, 0x15, 
	0xe5, 0x05, 0xe4, 0xc1, 0xe4, 0x41, 0xd3, 0x41, 
	0xa9, 0xc1, 0xdc, 0xa1, 0xd3, 0xd5, 0xd3, 0x47, 
	0x90, 0xc1, 0x48, 0x01, 
};

Vtx arena_dl_Circle_mesh_layer_1_vtx_cull[8] = {
	{{{-1021, -1021, 0}, 0, {0, 0}, {0x00, 0x00, 0x00, 0x00}}},
	{{{-1021, 1021, 0}, 0, {0, 0}, {0x00, 0x00, 0x00, 0x00}}},
	{{{-1021, 1021, -40}, 0, {0, 0}, {0x00, 0x00, 0x00, 0x00}}},
	{{{-1021, -1021, -40}, 0, {0, 0}, {0x00, 0x00, 0x00, 0x00}}},
	{{{1021, -1021, 0}, 0, {0, 0}, {0x00, 0x00, 0x00, 0x00}}},
	{{{1021, 1021, 0}, 0, {0, 0}, {0x00, 0x00, 0x00, 0x00}}},
	{{{1021, 1021, -40}, 0, {0, 0}, {0x00, 0x00, 0x00, 0x00}}},
	{{{1021, -1021, -40}, 0, {0, 0}, {0x00, 0x00, 0x00, 0x00}}},
};

Vtx arena_dl_Circle_mesh_layer_1_vtx_0[77] = {
	{{{-353, 853, 0}, 0, {-4034, 2530}, {0x68, 0x05, 0x12, 0x00}}},
	{{{0, 924, 0}, 0, {-4385, 719}, {0x68, 0x05, 0x12, 0x00}}},
	{{{0, 1021, 0}, 0, {-4885, 717}, {0x68, 0x05, 0x12, 0x00}}},
	{{{-353, 853, -40}, 0, {-4034, 2530}, {0x68, 0x05, 0x12, 0x00}}},
	{{{-653, 653, -40}, 0, {-3016, 4068}, {0x56, 0x03, 0x0D, 0x00}}},
	{{{-653, 653, 0}, 0, {-3016, 4068}, {0x56, 0x03, 0x0D, 0x00}}},
	{{{-391, 944, 0}, 0, {-4496, 2719}, {0x68, 0x05, 0x12, 0x00}}},
	{{{0, 1021, -40}, 0, {-4885, 717}, {0x68, 0x05, 0x12, 0x00}}},
	{{{391, 944, -40}, 0, {-4478, -1281}, {0x68, 0x05, 0x12, 0x00}}},
	{{{391, 944, 0}, 0, {-4478, -1281}, {0x68, 0x05, 0x12, 0x00}}},
	{{{353, 853, 0}, 0, {-4017, -1088}, {0x68, 0x05, 0x12, 0x00}}},
	{{{0, 924, -40}, 0, {-4385, 719}, {0x68, 0x05, 0x12, 0x00}}},
	{{{-391, 944, -40}, 0, {-4496, 2719}, {0x68, 0x05, 0x12, 0x00}}},
	{{{-722, 722, -40}, 0, {-3371, 4420}, {0x20, 0x01, 0x02, 0x00}}},
	{{{-853, 353, -40}, 0, {-1487, 5100}, {0x01, 0x00, 0x00, 0x00}}},
	{{{-853, 353, 0}, 0, {-1487, 5100}, {0x01, 0x00, 0x00, 0x00}}},
	{{{-722, 722, 0}, 0, {-3371, 4420}, {0x20, 0x01, 0x02, 0x00}}},
	{{{-944, 391, 0}, 0, {-1680, 5561}, {0x1A, 0x00, 0x01, 0x00}}},
	{{{-944, 391, -40}, 0, {-1680, 5561}, {0x1A, 0x00, 0x01, 0x00}}},
	{{{-924, 0, -40}, 0, {320, 5468}, {0x00, 0x00, 0x00, 0x00}}},
	{{{-924, 0, 0}, 0, {320, 5468}, {0x00, 0x00, 0x00, 0x00}}},
	{{{-1021, 0, 0}, 0, {318, 5968}, {0x00, 0x00, 0x00, 0x00}}},
	{{{-1021, 0, -40}, 0, {318, 5968}, {0x00, 0x00, 0x00, 0x00}}},
	{{{-853, -353, -40}, 0, {2131, 5116}, {0x00, 0x00, 0x00, 0x00}}},
	{{{-853, -353, 0}, 0, {2131, 5116}, {0x00, 0x00, 0x00, 0x00}}},
	{{{-944, -391, 0}, 0, {2320, 5579}, {0x00, 0x00, 0x00, 0x00}}},
	{{{-944, -391, -40}, 0, {2320, 5579}, {0x00, 0x00, 0x00, 0x00}}},
	{{{-653, -653, -40}, 0, {3669, 4099}, {0x00, 0x00, 0x00, 0x00}}},
	{{{-653, -653, 0}, 0, {3669, 4099}, {0x00, 0x00, 0x00, 0x00}}},
	{{{-722, -722, 0}, 0, {4021, 4454}, {0x00, 0x00, 0x00, 0x00}}},
	{{{-722, -722, -40}, 0, {4021, 4454}, {0x00, 0x00, 0x00, 0x00}}},
	{{{-353, -853, -40}, 0, {4701, 2570}, {0x00, 0x00, 0x00, 0x00}}},
	{{{-653, -653, 0}, 0, {3669, 4099}, {0x00, 0x00, 0x00, 0x00}}},
	{{{-353, -853, 0}, 0, {4701, 2570}, {0x00, 0x00, 0x00, 0x00}}},
	{{{-353, -853, -40}, 0, {4701, 2570}, {0x00, 0x00, 0x00, 0x00}}},
	{{{-722, -722, 0}, 0, {4021, 4454}, {0x00, 0x00, 0x00, 0x00}}},
	{{{-391, -944, 0}, 0, {5162, 2763}, {0x00, 0x00, 0x00, 0x00}}},
	{{{-722, -722, -40}, 0, {4021, 4454}, {0x00, 0x00, 0x00, 0x00}}},
	{{{-391, -944, -40}, 0, {5162, 2763}, {0x00, 0x00, 0x00, 0x00}}},
	{{{0, -924, -40}, 0, {5069, 763}, {0x00, 0x00, 0x00, 0x00}}},
	{{{0, -924, 0}, 0, {5069, 763}, {0x00, 0x00, 0x00, 0x00}}},
	{{{0, -1021, 0}, 0, {5569, 765}, {0x00, 0x00, 0x00, 0x00}}},
	{{{0, -1021, -40}, 0, {5569, 765}, {0x00, 0x00, 0x00, 0x00}}},
	{{{353, -853, -40}, 0, {4717, -1048}, {0x00, 0x00, 0x00, 0x00}}},
	{{{353, -853, 0}, 0, {4717, -1048}, {0x00, 0x00, 0x00, 0x00}}},
	{{{391, -944, 0}, 0, {5180, -1237}, {0x00, 0x00, 0x00, 0x00}}},
	{{{391, -944, -40}, 0, {5180, -1237}, {0x00, 0x00, 0x00, 0x00}}},
	{{{653, -653, -40}, 0, {3700, -2586}, {0x00, 0x00, 0x00, 0x00}}},
	{{{653, -653, 0}, 0, {3700, -2586}, {0x00, 0x00, 0x00, 0x00}}},
	{{{722, -722, 0}, 0, {4055, -2938}, {0x00, 0x00, 0x00, 0x00}}},
	{{{722, -722, -40}, 0, {4055, -2938}, {0x00, 0x00, 0x00, 0x00}}},
	{{{853, -353, -40}, 0, {2171, -3618}, {0x00, 0x00, 0x00, 0x00}}},
	{{{853, -353, 0}, 0, {2171, -3618}, {0x00, 0x00, 0x00, 0x00}}},
	{{{944, -391, 0}, 0, {2364, -4079}, {0x00, 0x00, 0x00, 0x00}}},
	{{{944, -391, -40}, 0, {2364, -4079}, {0x00, 0x00, 0x00, 0x00}}},
	{{{924, 0, -40}, 0, {363, -3986}, {0x00, 0x00, 0x00, 0x00}}},
	{{{924, 0, 0}, 0, {363, -3986}, {0x00, 0x00, 0x00, 0x00}}},
	{{{1021, 0, 0}, 0, {366, -4486}, {0x00, 0x00, 0x00, 0x00}}},
	{{{1021, 0, -40}, 0, {366, -4486}, {0x00, 0x00, 0x00, 0x00}}},
	{{{853, 353, -40}, 0, {-1447, -3635}, {0x00, 0x00, 0x00, 0x00}}},
	{{{853, 353, 0}, 0, {-1447, -3635}, {0x00, 0x00, 0x00, 0x00}}},
	{{{944, 391, 0}, 0, {-1636, -4097}, {0x01, 0x00, 0x00, 0x00}}},
	{{{944, 391, -40}, 0, {-1636, -4097}, {0x01, 0x00, 0x00, 0x00}}},
	{{{653, 653, -40}, 0, {-2985, -2617}, {0x5A, 0x04, 0x0E, 0x00}}},
	{{{853, 353, 0}, 0, {-1447, -3635}, {0x00, 0x00, 0x00, 0x00}}},
	{{{653, 653, 0}, 0, {-2985, -2617}, {0x5A, 0x04, 0x0E, 0x00}}},
	{{{653, 653, -40}, 0, {-2985, -2617}, {0x5A, 0x04, 0x0E, 0x00}}},
	{{{944, 391, 0}, 0, {-1636, -4097}, {0x01, 0x00, 0x00, 0x00}}},
	{{{722, 722, 0}, 0, {-3337, -2972}, {0x1D, 0x00, 0x02, 0x00}}},
	{{{944, 391, -40}, 0, {-1636, -4097}, {0x01, 0x00, 0x00, 0x00}}},
	{{{722, 722, -40}, 0, {-3337, -2972}, {0x1D, 0x00, 0x02, 0x00}}},
	{{{353, 853, -40}, 0, {-4017, -1088}, {0x68, 0x05, 0x12, 0x00}}},
	{{{353, 853, 0}, 0, {-4017, -1088}, {0x68, 0x05, 0x12, 0x00}}},
	{{{391, 944, 0}, 0, {-4478, -1281}, {0x68, 0x05, 0x12, 0x00}}},
	{{{391, 944, -40}, 0, {-4478, -1281}, {0x68, 0x05, 0x12, 0x00}}},
	{{{0, 924, -40}, 0, {-4385, 719}, {0x68, 0x05, 0x12, 0x00}}},
	{{{0, 1021, -40}, 0, {-4885, 717}, {0x68, 0x05, 0x12, 0x00}}},
};

Gfx arena_dl_Circle_mesh_layer_1_tri_0[] = {
	gsSPVertex(arena_dl_Circle_mesh_layer_1_vtx_0 + 0, 32, 0),
	gsSP2Triangles(0, 1, 2, 0, 1, 0, 3, 0),
	gsSP2Triangles(0, 4, 3, 0, 0, 5, 4, 0),
	gsSP2Triangles(5, 0, 6, 0, 0, 2, 6, 0),
	gsSP2Triangles(6, 2, 7, 0, 2, 8, 7, 0),
	gsSP2Triangles(2, 9, 8, 0, 1, 9, 2, 0),
	gsSP2Triangles(1, 10, 9, 0, 10, 1, 11, 0),
	gsSP2Triangles(1, 3, 11, 0, 3, 7, 11, 0),
	gsSP2Triangles(3, 12, 7, 0, 4, 12, 3, 0),
	gsSP2Triangles(4, 13, 12, 0, 14, 13, 4, 0),
	gsSP2Triangles(5, 14, 4, 0, 5, 15, 14, 0),
	gsSP2Triangles(15, 5, 16, 0, 5, 6, 16, 0),
	gsSP2Triangles(16, 6, 12, 0, 6, 7, 12, 0),
	gsSP2Triangles(16, 12, 13, 0, 17, 16, 13, 0),
	gsSP2Triangles(17, 13, 18, 0, 14, 18, 13, 0),
	gsSP2Triangles(19, 18, 14, 0, 15, 19, 14, 0),
	gsSP2Triangles(15, 20, 19, 0, 20, 15, 17, 0),
	gsSP2Triangles(15, 16, 17, 0, 20, 17, 21, 0),
	gsSP2Triangles(21, 17, 18, 0, 21, 18, 22, 0),
	gsSP2Triangles(19, 22, 18, 0, 23, 22, 19, 0),
	gsSP2Triangles(20, 23, 19, 0, 20, 24, 23, 0),
	gsSP2Triangles(24, 20, 21, 0, 24, 21, 25, 0),
	gsSP2Triangles(25, 21, 22, 0, 25, 22, 26, 0),
	gsSP2Triangles(23, 26, 22, 0, 27, 26, 23, 0),
	gsSP2Triangles(24, 27, 23, 0, 24, 28, 27, 0),
	gsSP2Triangles(28, 24, 25, 0, 28, 25, 29, 0),
	gsSP2Triangles(29, 25, 26, 0, 29, 26, 30, 0),
	gsSP2Triangles(27, 30, 26, 0, 31, 30, 27, 0),
	gsSP1Triangle(28, 31, 27, 0),
	gsSPVertex(arena_dl_Circle_mesh_layer_1_vtx_0 + 32, 32, 0),
	gsSP2Triangles(0, 1, 2, 0, 1, 0, 3, 0),
	gsSP2Triangles(1, 3, 4, 0, 4, 3, 5, 0),
	gsSP2Triangles(4, 5, 6, 0, 2, 6, 5, 0),
	gsSP2Triangles(7, 6, 2, 0, 1, 7, 2, 0),
	gsSP2Triangles(1, 8, 7, 0, 8, 1, 4, 0),
	gsSP2Triangles(8, 4, 9, 0, 9, 4, 6, 0),
	gsSP2Triangles(9, 6, 10, 0, 7, 10, 6, 0),
	gsSP2Triangles(11, 10, 7, 0, 8, 11, 7, 0),
	gsSP2Triangles(8, 12, 11, 0, 12, 8, 9, 0),
	gsSP2Triangles(12, 9, 13, 0, 13, 9, 10, 0),
	gsSP2Triangles(13, 10, 14, 0, 11, 14, 10, 0),
	gsSP2Triangles(15, 14, 11, 0, 12, 15, 11, 0),
	gsSP2Triangles(12, 16, 15, 0, 16, 12, 13, 0),
	gsSP2Triangles(16, 13, 17, 0, 17, 13, 14, 0),
	gsSP2Triangles(17, 14, 18, 0, 15, 18, 14, 0),
	gsSP2Triangles(19, 18, 15, 0, 16, 19, 15, 0),
	gsSP2Triangles(16, 20, 19, 0, 20, 16, 17, 0),
	gsSP2Triangles(20, 17, 21, 0, 21, 17, 18, 0),
	gsSP2Triangles(21, 18, 22, 0, 19, 22, 18, 0),
	gsSP2Triangles(23, 22, 19, 0, 20, 23, 19, 0),
	gsSP2Triangles(20, 24, 23, 0, 24, 20, 21, 0),
	gsSP2Triangles(24, 21, 25, 0, 25, 21, 22, 0),
	gsSP2Triangles(25, 22, 26, 0, 23, 26, 22, 0),
	gsSP2Triangles(27, 26, 23, 0, 24, 27, 23, 0),
	gsSP2Triangles(24, 28, 27, 0, 28, 24, 25, 0),
	gsSP2Triangles(28, 25, 29, 0, 29, 25, 26, 0),
	gsSP2Triangles(29, 26, 30, 0, 27, 30, 26, 0),
	gsSP2Triangles(31, 30, 27, 0, 28, 31, 27, 0),
	gsSPVertex(arena_dl_Circle_mesh_layer_1_vtx_0 + 64, 13, 0),
	gsSP2Triangles(0, 1, 2, 0, 1, 0, 3, 0),
	gsSP2Triangles(1, 3, 4, 0, 4, 3, 5, 0),
	gsSP2Triangles(4, 5, 6, 0, 2, 6, 5, 0),
	gsSP2Triangles(7, 6, 2, 0, 1, 7, 2, 0),
	gsSP2Triangles(1, 8, 7, 0, 8, 1, 4, 0),
	gsSP2Triangles(8, 4, 9, 0, 9, 4, 6, 0),
	gsSP2Triangles(9, 6, 10, 0, 7, 10, 6, 0),
	gsSP2Triangles(11, 10, 7, 0, 8, 11, 7, 0),
	gsSP1Triangle(11, 12, 10, 0),
	gsSPEndDisplayList(),
};

Vtx arena_dl_Circle_001_mesh_layer_1_vtx_cull[8] = {
	{{{-108, -169, 226}, 0, {0, 0}, {0x00, 0x00, 0x00, 0x00}}},
	{{{-108, 289, 226}, 0, {0, 0}, {0x00, 0x00, 0x00, 0x00}}},
	{{{-108, 289, -301}, 0, {0, 0}, {0x00, 0x00, 0x00, 0x00}}},
	{{{-108, -169, -301}, 0, {0, 0}, {0x00, 0x00, 0x00, 0x00}}},
	{{{111, -169, 226}, 0, {0, 0}, {0x00, 0x00, 0x00, 0x00}}},
	{{{111, 289, 226}, 0, {0, 0}, {0x00, 0x00, 0x00, 0x00}}},
	{{{111, 289, -301}, 0, {0, 0}, {0x00, 0x00, 0x00, 0x00}}},
	{{{111, -169, -301}, 0, {0, 0}, {0x00, 0x00, 0x00, 0x00}}},
};

Vtx arena_dl_Circle_001_mesh_layer_1_vtx_0[107] = {
	{{{-2, -169, 61}, 0, {-337, 1289}, {0x78, 0x1E, 0x34, 0xFF}}},
	{{{-4, -113, 84}, 0, {19, 1290}, {0x76, 0x17, 0x32, 0xFF}}},
	{{{-21, -105, 30}, 0, {-52, 964}, {0x76, 0x19, 0x32, 0xFF}}},
	{{{34, -106, 73}, 0, {33, 1273}, {0x78, 0x1F, 0x34, 0xFF}}},
	{{{37, -162, 50}, 0, {-310, 1272}, {0x65, 0x1F, 0x2D, 0xFF}}},
	{{{-47, -126, -78}, 0, {-387, 402}, {0x77, 0x17, 0x32, 0xFF}}},
	{{{-64, -54, -97}, 0, {-39, 126}, {0x76, 0x17, 0x32, 0xFF}}},
	{{{-58, -9, -46}, 0, {308, 312}, {0x76, 0x1A, 0x32, 0xFF}}},
	{{{-37, -46, 7}, 0, {224, 692}, {0x76, 0x19, 0x32, 0xFF}}},
	{{{-31, -62, 18}, 0, {157, 797}, {0x76, 0x17, 0x32, 0xFF}}},
	{{{8, -56, 8}, 0, {167, 797}, {0x78, 0x17, 0x33, 0xFF}}},
	{{{17, -99, 20}, 0, {-35, 958}, {0x78, 0x17, 0x33, 0xFF}}},
	{{{-22, -70, -110}, 0, {-147, 189}, {0x78, 0x17, 0x32, 0xFF}}},
	{{{-8, -119, -88}, 0, {-359, 416}, {0x65, 0x12, 0x2A, 0xFF}}},
	{{{-60, -77, -100}, 0, {-168, 167}, {0x76, 0x17, 0x32, 0xFF}}},
	{{{-25, -47, -108}, 0, {-23, 149}, {0x79, 0x17, 0x33, 0xFF}}},
	{{{-67, -31, -95}, 0, {90, 85}, {0x76, 0x16, 0x32, 0xFF}}},
	{{{-66, -14, -79}, 0, {212, 138}, {0x76, 0x17, 0x32, 0xFF}}},
	{{{-65, -2, -67}, 0, {305, 178}, {0x76, 0x17, 0x32, 0xFF}}},
	{{{-26, 5, -77}, 0, {309, 199}, {0x79, 0x28, 0x37, 0xFF}}},
	{{{-19, -3, -56}, 0, {312, 329}, {0x78, 0x32, 0x3C, 0xFF}}},
	{{{-45, -23, -9}, 0, {314, 548}, {0x76, 0x1A, 0x32, 0xFF}}},
	{{{-7, -16, -20}, 0, {318, 557}, {0x76, 0x17, 0x32, 0xFF}}},
	{{{1, -39, -4}, 0, {231, 696}, {0x77, 0x17, 0x32, 0xFF}}},
	{{{-29, -24, -106}, 0, {101, 110}, {0x76, 0x17, 0x32, 0xFF}}},
	{{{-27, -8, -89}, 0, {219, 161}, {0x77, 0x17, 0x32, 0xFF}}},
	{{{-81, 212, -172}, 0, {1200, -768}, {0x76, 0x17, 0x32, 0xFF}}},
	{{{-94, 192, -224}, 0, {990, -1003}, {0x76, 0x17, 0x32, 0xFF}}},
	{{{-108, 144, -289}, 0, {611, -1248}, {0x77, 0x21, 0x34, 0xFF}}},
	{{{-56, 197, -236}, 0, {976, -951}, {0x76, 0x17, 0x32, 0xFF}}},
	{{{-43, 217, -184}, 0, {1178, -724}, {0x77, 0x17, 0x32, 0xFF}}},
	{{{-93, 285, -180}, 0, {1561, -965}, {0x78, 0x17, 0x33, 0xFF}}},
	{{{-70, 283, -105}, 0, {1710, -559}, {0x79, 0x25, 0x36, 0xFF}}},
	{{{-93, 285, -180}, 0, {1561, -965}, {0x78, 0x17, 0x33, 0xFF}}},
	{{{-81, 212, -172}, 0, {1200, -768}, {0x76, 0x17, 0x32, 0xFF}}},
	{{{-31, 200, -13}, 0, {1468, 123}, {0x76, 0x17, 0x32, 0xFF}}},
	{{{-72, 92, -199}, 0, {525, -650}, {0x76, 0x1A, 0x32, 0xFF}}},
	{{{-108, 144, -289}, 0, {611, -1248}, {0x77, 0x21, 0x34, 0xFF}}},
	{{{-34, 97, -211}, 0, {526, -610}, {0x81, 0x20, 0x37, 0xFF}}},
	{{{-69, 149, -301}, 0, {608, -1188}, {0x7B, 0x17, 0x34, 0xFF}}},
	{{{-94, 192, -224}, 0, {990, -1003}, {0x76, 0x17, 0x32, 0xFF}}},
	{{{-56, 197, -236}, 0, {976, -951}, {0x76, 0x17, 0x32, 0xFF}}},
	{{{-43, 217, -184}, 0, {1178, -724}, {0x77, 0x17, 0x32, 0xFF}}},
	{{{73, 36, 110}, 0, {853, 1220}, {0x7D, 0x18, 0x35, 0xFF}}},
	{{{7, 205, -25}, 0, {1437, 137}, {0x79, 0x17, 0x33, 0xFF}}},
	{{{-32, 288, -117}, 0, {1670, -522}, {0x7E, 0x1A, 0x35, 0xFF}}},
	{{{-55, 289, -191}, 0, {1526, -914}, {0x78, 0x1B, 0x33, 0xFF}}},
	{{{-47, 253, -41}, 0, {1688, -144}, {0x78, 0x1C, 0x34, 0xFF}}},
	{{{-8, 258, -53}, 0, {1649, -121}, {0x7A, 0x18, 0x33, 0xFF}}},
	{{{15, 149, 116}, 0, {1471, 947}, {0x76, 0x1C, 0x33, 0xFF}}},
	{{{27, 65, 118}, 0, {1033, 1148}, {0x76, 0x1A, 0x32, 0xFF}}},
	{{{35, 31, 122}, 0, {864, 1244}, {0x76, 0x19, 0x32, 0xFF}}},
	{{{5, -26, 7}, 0, {327, 726}, {0x77, 0x17, 0x32, 0xFF}}},
	{{{-5, -60, -39}, 0, {57, 545}, {0x77, 0x17, 0x32, 0xFF}}},
	{{{-8, -109, -74}, 0, {-267, 464}, {0x77, 0x17, 0x32, 0xFF}}},
	{{{-73, -7, -227}, 0, {-50, -604}, {0x76, 0x17, 0x32, 0xFF}}},
	{{{-73, 67, -206}, 0, {377, -638}, {0x76, 0x17, 0x32, 0xFF}}},
	{{{-34, 72, -218}, 0, {382, -598}, {0x76, 0x17, 0x32, 0xFF}}},
	{{{-35, -2, -239}, 0, {-30, -565}, {0x7B, 0x27, 0x37, 0xFF}}},
	{{{106, -7, 212}, 0, {841, 1859}, {0x78, 0x17, 0x33, 0xFF}}},
	{{{98, 44, 184}, 0, {1042, 1606}, {0x78, 0x17, 0x33, 0xFF}}},
	{{{81, 51, 139}, 0, {986, 1347}, {0x81, 0x18, 0x36, 0xFF}}},
	{{{42, 46, 151}, 0, {1002, 1375}, {0x77, 0x1F, 0x34, 0xFF}}},
	{{{65, 69, 107}, 0, {1016, 1127}, {0x78, 0x17, 0x33, 0xFF}}},
	{{{7, 205, -25}, 0, {1437, 137}, {0x79, 0x17, 0x33, 0xFF}}},
	{{{53, 154, 104}, 0, {1439, 934}, {0x79, 0x1A, 0x33, 0xFF}}},
	{{{65, 69, 107}, 0, {1016, 1127}, {0x78, 0x17, 0x33, 0xFF}}},
	{{{15, 149, 116}, 0, {1471, 947}, {0x76, 0x1C, 0x33, 0xFF}}},
	{{{27, 65, 118}, 0, {1033, 1148}, {0x76, 0x1A, 0x32, 0xFF}}},
	{{{35, 31, 122}, 0, {864, 1244}, {0x76, 0x19, 0x32, 0xFF}}},
	{{{42, 46, 151}, 0, {1002, 1375}, {0x77, 0x1F, 0x34, 0xFF}}},
	{{{67, -12, 224}, 0, {851, 1905}, {0x77, 0x22, 0x35, 0xFF}}},
	{{{5, -26, 7}, 0, {327, 726}, {0x77, 0x17, 0x32, 0xFF}}},
	{{{73, -44, 226}, 0, {684, 1987}, {0x77, 0x22, 0x34, 0xFF}}},
	{{{63, -102, 165}, 0, {253, 1771}, {0x77, 0x21, 0x34, 0xFF}}},
	{{{34, -81, 77}, 0, {182, 1237}, {0x78, 0x1D, 0x34, 0xFF}}},
	{{{72, -76, 65}, 0, {194, 1214}, {0x65, 0x12, 0x2A, 0xFF}}},
	{{{43, -21, -5}, 0, {334, 720}, {0x65, 0x16, 0x2A, 0xFF}}},
	{{{-5, -60, -39}, 0, {57, 545}, {0x77, 0x17, 0x32, 0xFF}}},
	{{{34, -55, -51}, 0, {73, 545}, {0x6A, 0x13, 0x2C, 0xFF}}},
	{{{-8, -109, -74}, 0, {-267, 464}, {0x77, 0x17, 0x32, 0xFF}}},
	{{{30, -104, -85}, 0, {-240, 467}, {0x65, 0x12, 0x2A, 0xFF}}},
	{{{-73, -7, -227}, 0, {-50, -604}, {0x76, 0x17, 0x32, 0xFF}}},
	{{{-35, -2, -239}, 0, {-30, -565}, {0x7B, 0x27, 0x37, 0xFF}}},
	{{{-73, 67, -206}, 0, {377, -638}, {0x76, 0x17, 0x32, 0xFF}}},
	{{{-34, 72, -218}, 0, {382, -598}, {0x76, 0x17, 0x32, 0xFF}}},
	{{{106, -7, 212}, 0, {841, 1859}, {0x78, 0x17, 0x33, 0xFF}}},
	{{{101, -97, 153}, 0, {263, 1729}, {0x66, 0x2D, 0x34, 0xFF}}},
	{{{111, -39, 214}, 0, {680, 1938}, {0x7C, 0x18, 0x34, 0xFF}}},
	{{{104, 26, 209}, 0, {1000, 1775}, {0x78, 0x1B, 0x33, 0xFF}}},
	{{{98, 44, 184}, 0, {1042, 1606}, {0x78, 0x17, 0x33, 0xFF}}},
	{{{66, 21, 221}, 0, {1017, 1819}, {0x78, 0x27, 0x36, 0xFF}}},
	{{{60, 39, 196}, 0, {1059, 1643}, {0x77, 0x22, 0x34, 0xFF}}},
	{{{86, 62, 161}, 0, {1085, 1442}, {0x7B, 0x17, 0x34, 0xFF}}},
	{{{81, 51, 139}, 0, {986, 1347}, {0x81, 0x18, 0x36, 0xFF}}},
	{{{48, 57, 173}, 0, {1105, 1474}, {0x77, 0x1E, 0x33, 0xFF}}},
	{{{-32, 288, -117}, 0, {1670, -522}, {0x7E, 0x1A, 0x35, 0xFF}}},
	{{{-8, 258, -53}, 0, {1649, -121}, {0x7A, 0x18, 0x33, 0xFF}}},
	{{{7, 205, -25}, 0, {1437, 137}, {0x79, 0x17, 0x33, 0xFF}}},
	{{{-47, 253, -41}, 0, {1688, -144}, {0x78, 0x1C, 0x34, 0xFF}}},
	{{{101, -97, 153}, 0, {263, 1729}, {0x66, 0x2D, 0x34, 0xFF}}},
	{{{72, -76, 65}, 0, {194, 1214}, {0x65, 0x12, 0x2A, 0xFF}}},
	{{{43, -21, -5}, 0, {334, 720}, {0x65, 0x16, 0x2A, 0xFF}}},
	{{{34, -81, 77}, 0, {182, 1237}, {0x78, 0x1D, 0x34, 0xFF}}},
	{{{63, -102, 165}, 0, {253, 1771}, {0x77, 0x21, 0x34, 0xFF}}},
	{{{111, -39, 214}, 0, {680, 1938}, {0x7C, 0x18, 0x34, 0xFF}}},
	{{{73, -44, 226}, 0, {684, 1987}, {0x77, 0x22, 0x34, 0xFF}}},
};

Gfx arena_dl_Circle_001_mesh_layer_1_tri_0[] = {
	gsSPVertex(arena_dl_Circle_001_mesh_layer_1_vtx_0 + 0, 32, 0),
	gsSP2Triangles(0, 1, 2, 0, 0, 3, 1, 0),
	gsSP2Triangles(0, 4, 3, 0, 5, 4, 0, 0),
	gsSP2Triangles(5, 0, 2, 0, 6, 5, 2, 0),
	gsSP2Triangles(2, 7, 6, 0, 2, 8, 7, 0),
	gsSP2Triangles(2, 9, 8, 0, 2, 10, 9, 0),
	gsSP2Triangles(2, 11, 10, 0, 1, 11, 2, 0),
	gsSP2Triangles(1, 3, 11, 0, 11, 3, 4, 0),
	gsSP2Triangles(11, 4, 12, 0, 4, 13, 12, 0),
	gsSP2Triangles(5, 13, 4, 0, 14, 13, 5, 0),
	gsSP2Triangles(6, 14, 5, 0, 6, 12, 14, 0),
	gsSP2Triangles(6, 15, 12, 0, 16, 15, 6, 0),
	gsSP2Triangles(17, 16, 6, 0, 7, 17, 6, 0),
	gsSP2Triangles(7, 18, 17, 0, 7, 19, 18, 0),
	gsSP2Triangles(7, 20, 19, 0, 21, 20, 7, 0),
	gsSP2Triangles(8, 21, 7, 0, 8, 22, 21, 0),
	gsSP2Triangles(8, 23, 22, 0, 9, 23, 8, 0),
	gsSP2Triangles(9, 10, 23, 0, 23, 10, 11, 0),
	gsSP2Triangles(19, 23, 11, 0, 12, 19, 11, 0),
	gsSP2Triangles(12, 24, 19, 0, 12, 15, 24, 0),
	gsSP2Triangles(16, 24, 15, 0, 17, 24, 16, 0),
	gsSP2Triangles(17, 25, 24, 0, 18, 25, 17, 0),
	gsSP2Triangles(18, 19, 25, 0, 24, 25, 19, 0),
	gsSP2Triangles(19, 22, 23, 0, 19, 20, 22, 0),
	gsSP2Triangles(21, 22, 20, 0, 14, 12, 13, 0),
	gsSP2Triangles(26, 27, 28, 0, 26, 29, 27, 0),
	gsSP2Triangles(26, 30, 29, 0, 31, 30, 26, 0),
	gsSPVertex(arena_dl_Circle_001_mesh_layer_1_vtx_0 + 32, 32, 0),
	gsSP2Triangles(0, 1, 2, 0, 3, 0, 2, 0),
	gsSP2Triangles(3, 2, 4, 0, 2, 5, 4, 0),
	gsSP2Triangles(5, 6, 4, 0, 5, 7, 6, 0),
	gsSP2Triangles(8, 7, 5, 0, 8, 9, 7, 0),
	gsSP2Triangles(7, 9, 10, 0, 6, 7, 10, 0),
	gsSP2Triangles(6, 10, 11, 0, 10, 12, 11, 0),
	gsSP2Triangles(10, 13, 12, 0, 10, 14, 13, 0),
	gsSP2Triangles(1, 14, 10, 0, 0, 14, 1, 0),
	gsSP2Triangles(0, 13, 14, 0, 15, 13, 0, 0),
	gsSP2Triangles(3, 15, 0, 0, 3, 16, 15, 0),
	gsSP2Triangles(3, 12, 16, 0, 17, 12, 3, 0),
	gsSP2Triangles(18, 17, 3, 0, 19, 18, 3, 0),
	gsSP2Triangles(19, 3, 4, 0, 19, 4, 20, 0),
	gsSP2Triangles(4, 21, 20, 0, 4, 22, 21, 0),
	gsSP2Triangles(4, 23, 22, 0, 4, 24, 23, 0),
	gsSP2Triangles(4, 25, 24, 0, 4, 6, 25, 0),
	gsSP2Triangles(26, 25, 6, 0, 26, 6, 11, 0),
	gsSP2Triangles(11, 27, 26, 0, 11, 28, 27, 0),
	gsSP2Triangles(11, 29, 28, 0, 30, 29, 11, 0),
	gsSP2Triangles(30, 11, 19, 0, 19, 11, 31, 0),
	gsSP1Triangle(12, 31, 11, 0),
	gsSPVertex(arena_dl_Circle_001_mesh_layer_1_vtx_0 + 64, 32, 0),
	gsSP2Triangles(0, 1, 2, 0, 3, 1, 0, 0),
	gsSP2Triangles(4, 1, 3, 0, 4, 2, 1, 0),
	gsSP2Triangles(5, 2, 4, 0, 6, 5, 7, 0),
	gsSP2Triangles(5, 8, 7, 0, 8, 9, 7, 0),
	gsSP2Triangles(8, 10, 9, 0, 8, 11, 10, 0),
	gsSP2Triangles(8, 12, 11, 0, 8, 13, 12, 0),
	gsSP2Triangles(14, 13, 8, 0, 14, 15, 13, 0),
	gsSP2Triangles(16, 15, 14, 0, 16, 17, 15, 0),
	gsSP2Triangles(18, 17, 16, 0, 18, 19, 17, 0),
	gsSP2Triangles(20, 19, 18, 0, 20, 21, 19, 0),
	gsSP2Triangles(15, 17, 19, 0, 13, 15, 19, 0),
	gsSP2Triangles(22, 13, 19, 0, 22, 23, 13, 0),
	gsSP2Triangles(22, 24, 23, 0, 9, 24, 22, 0),
	gsSP2Triangles(9, 22, 7, 0, 7, 22, 25, 0),
	gsSP2Triangles(26, 25, 22, 0, 27, 25, 26, 0),
	gsSP2Triangles(27, 26, 28, 0, 28, 26, 29, 0),
	gsSP2Triangles(30, 29, 26, 0, 31, 29, 30, 0),
	gsSP2Triangles(31, 30, 6, 0, 7, 31, 6, 0),
	gsSP2Triangles(7, 28, 31, 0, 7, 27, 28, 0),
	gsSP2Triangles(7, 25, 27, 0, 28, 29, 31, 0),
	gsSPVertex(arena_dl_Circle_001_mesh_layer_1_vtx_0 + 96, 11, 0),
	gsSP2Triangles(0, 1, 2, 0, 3, 1, 0, 0),
	gsSP2Triangles(4, 5, 6, 0, 7, 5, 4, 0),
	gsSP2Triangles(7, 4, 8, 0, 8, 4, 9, 0),
	gsSP1Triangle(8, 9, 10, 0),
	gsSPEndDisplayList(),
};

Vtx arena_dl_Circle_002_mesh_layer_1_vtx_cull[8] = {
	{{{-162, 0, 703}, 0, {0, 0}, {0x00, 0x00, 0x00, 0x00}}},
	{{{-162, 764, 703}, 0, {0, 0}, {0x00, 0x00, 0x00, 0x00}}},
	{{{-162, 764, -165}, 0, {0, 0}, {0x00, 0x00, 0x00, 0x00}}},
	{{{-162, 0, -165}, 0, {0, 0}, {0x00, 0x00, 0x00, 0x00}}},
	{{{162, 0, 703}, 0, {0, 0}, {0x00, 0x00, 0x00, 0x00}}},
	{{{162, 764, 703}, 0, {0, 0}, {0x00, 0x00, 0x00, 0x00}}},
	{{{162, 764, -165}, 0, {0, 0}, {0x00, 0x00, 0x00, 0x00}}},
	{{{162, 0, -165}, 0, {0, 0}, {0x00, 0x00, 0x00, 0x00}}},
};

Vtx arena_dl_Circle_002_mesh_layer_1_vtx_0[94] = {
	{{{-101, 0, -101}, 0, {-360, -833}, {0xE3, 0xE0, 0xE0, 0x00}}},
	{{{0, 190, -165}, 0, {456, -1172}, {0xFF, 0xFF, 0xFF, 0x00}}},
	{{{0, 0, -147}, 0, {312, -1083}, {0xFF, 0xFF, 0xFF, 0x00}}},
	{{{-99, 181, -123}, 0, {-109, -797}, {0xE5, 0xE2, 0xE2, 0x00}}},
	{{{-147, 0, 0}, 0, {-1031, -582}, {0xC3, 0xBA, 0xBA, 0x00}}},
	{{{-143, 162, -29}, 0, {-580, -386}, {0xC7, 0xC0, 0xC0, 0x00}}},
	{{{-101, 0, 101}, 0, {-1031, 26}, {0xE3, 0xE0, 0xE0, 0x00}}},
	{{{-99, 143, 64}, 0, {-852, 161}, {0xE5, 0xE2, 0xE2, 0x00}}},
	{{{0, 0, 147}, 0, {-1031, 635}, {0xFF, 0xFF, 0xFF, 0x00}}},
	{{{0, 134, 107}, 0, {-1031, 782}, {0xFF, 0xFF, 0xFF, 0x00}}},
	{{{-99, 272, 73}, 0, {-699, 381}, {0xE7, 0xE5, 0xE5, 0x00}}},
	{{{0, 252, 109}, 0, {-1031, 929}, {0xFF, 0xFF, 0xFF, 0x00}}},
	{{{-104, 374, 160}, 0, {-567, 756}, {0xE4, 0xE1, 0xE1, 0x00}}},
	{{{0, 342, 187}, 0, {-1031, 1078}, {0xFF, 0xFF, 0xFF, 0x00}}},
	{{{-109, 444, 308}, 0, {-473, 1228}, {0xE0, 0xDC, 0xDC, 0x00}}},
	{{{0, 400, 324}, 0, {-1031, 1227}, {0xFF, 0xFF, 0xFF, 0x00}}},
	{{{-111, 478, 489}, 0, {-424, 1745}, {0xC8, 0xBE, 0xBE, 0x00}}},
	{{{0, 429, 494}, 0, {-1031, 1746}, {0xDD, 0xD7, 0xD7, 0x00}}},
	{{{-111, 493, 684}, 0, {-394, 2265}, {0xAB, 0x99, 0x99, 0x00}}},
	{{{0, 443, 680}, 0, {-1031, 2265}, {0xB1, 0xA3, 0xA3, 0x00}}},
	{{{-161, 603, 692}, 0, {243, 2265}, {0xA4, 0x8E, 0x8E, 0x00}}},
	{{{-162, 586, 476}, 0, {102, 1735}, {0xB0, 0xA0, 0xA0, 0x00}}},
	{{{-111, 714, 699}, 0, {505, 2265}, {0xA4, 0x8E, 0x8E, 0x00}}},
	{{{-111, 693, 463}, 0, {468, 1725}, {0xC5, 0xBB, 0xBB, 0x00}}},
	{{{0, 764, 703}, 0, {766, 2265}, {0xA5, 0x8F, 0x8F, 0x00}}},
	{{{0, 742, 457}, 0, {754, 1721}, {0xD8, 0xD1, 0xD1, 0x00}}},
	{{{111, 714, 699}, 0, {1024, 2265}, {0xB2, 0xA3, 0xA3, 0x00}}},
	{{{111, 693, 463}, 0, {1038, 1724}, {0xC2, 0xB1, 0xB1, 0x00}}},
	{{{161, 603, 692}, 0, {1282, 2265}, {0xBE, 0xB4, 0xB4, 0x00}}},
	{{{162, 586, 476}, 0, {1392, 1734}, {0xA8, 0x88, 0x88, 0x00}}},
	{{{111, 493, 684}, 0, {1860, 2265}, {0xB8, 0xAC, 0xAC, 0x00}}},
	{{{111, 478, 489}, 0, {1881, 1744}, {0xC4, 0xB5, 0xB5, 0x00}}},
	{{{111, 478, 489}, 0, {1881, 1744}, {0xC4, 0xB5, 0xB5, 0x00}}},
	{{{111, 493, 684}, 0, {1860, 2265}, {0xB8, 0xAC, 0xAC, 0x00}}},
	{{{0, 443, 680}, 0, {2438, 2265}, {0xB1, 0xA3, 0xA3, 0x00}}},
	{{{0, 429, 494}, 0, {2438, 1746}, {0xDD, 0xD7, 0xD7, 0x00}}},
	{{{109, 444, 308}, 0, {1923, 1224}, {0xD0, 0xBF, 0xBF, 0x00}}},
	{{{0, 400, 324}, 0, {2438, 1227}, {0xFF, 0xFF, 0xFF, 0x00}}},
	{{{104, 374, 160}, 0, {2014, 746}, {0xD1, 0xC1, 0xC1, 0x00}}},
	{{{0, 342, 187}, 0, {2438, 1090}, {0xFF, 0xFF, 0xFF, 0x00}}},
	{{{99, 272, 73}, 0, {2138, 366}, {0xD2, 0xC4, 0xC4, 0x00}}},
	{{{0, 252, 109}, 0, {2438, 953}, {0xFF, 0xFF, 0xFF, 0x00}}},
	{{{99, 143, 64}, 0, {2277, 144}, {0xD2, 0xC6, 0xC6, 0x00}}},
	{{{0, 134, 107}, 0, {2438, 794}, {0xFF, 0xFF, 0xFF, 0x00}}},
	{{{101, 0, 101}, 0, {2438, 8}, {0xD3, 0xC8, 0xC8, 0x00}}},
	{{{0, 0, 147}, 0, {2438, 635}, {0xFF, 0xFF, 0xFF, 0x00}}},
	{{{147, 0, 0}, 0, {2438, -618}, {0x95, 0x6D, 0x6D, 0x00}}},
	{{{143, 162, -29}, 0, {2001, -419}, {0x93, 0x65, 0x65, 0x00}}},
	{{{101, 0, -101}, 0, {1767, -851}, {0xD3, 0xC8, 0xC8, 0x00}}},
	{{{99, 181, -123}, 0, {1487, -820}, {0xD2, 0xC6, 0xC6, 0x00}}},
	{{{0, 0, -147}, 0, {1096, -1083}, {0xFF, 0xFF, 0xFF, 0x00}}},
	{{{0, 190, -165}, 0, {848, -1172}, {0xFF, 0xFF, 0xFF, 0x00}}},
	{{{99, 357, -88}, 0, {1264, -550}, {0xD2, 0xC4, 0xC4, 0x00}}},
	{{{0, 376, -125}, 0, {601, -1261}, {0xFF, 0xFF, 0xFF, 0x00}}},
	{{{104, 517, 41}, 0, {1136, 202}, {0xD1, 0xC1, 0xC1, 0x00}}},
	{{{0, 550, 14}, 0, {693, 82}, {0xFF, 0xFF, 0xFF, 0x00}}},
	{{{-99, 357, -88}, 0, {108, -526}, {0xE7, 0xE5, 0xE5, 0x00}}},
	{{{-99, 181, -123}, 0, {-109, -797}, {0xE5, 0xE2, 0xE2, 0x00}}},
	{{{0, 190, -165}, 0, {456, -1172}, {0xFF, 0xFF, 0xFF, 0x00}}},
	{{{-143, 162, -29}, 0, {-580, -386}, {0xC7, 0xC0, 0xC0, 0x00}}},
	{{{-144, 314, -8}, 0, {-328, -106}, {0xCC, 0xC6, 0xC6, 0x00}}},
	{{{-99, 143, 64}, 0, {-852, 161}, {0xE5, 0xE2, 0xE2, 0x00}}},
	{{{-99, 272, 73}, 0, {-699, 381}, {0xE7, 0xE5, 0xE5, 0x00}}},
	{{{-151, 446, 100}, 0, {-125, 458}, {0xC4, 0xBB, 0xBB, 0x00}}},
	{{{-99, 272, 73}, 0, {-699, 381}, {0xE7, 0xE5, 0xE5, 0x00}}},
	{{{-104, 374, 160}, 0, {-567, 756}, {0xE4, 0xE1, 0xE1, 0x00}}},
	{{{-151, 446, 100}, 0, {-125, 458}, {0xC4, 0xBB, 0xBB, 0x00}}},
	{{{-159, 540, 273}, 0, {21, 1137}, {0xBB, 0xB0, 0xB0, 0x00}}},
	{{{-109, 444, 308}, 0, {-473, 1228}, {0xE0, 0xDC, 0xDC, 0x00}}},
	{{{-162, 586, 476}, 0, {102, 1735}, {0xB0, 0xA0, 0xA0, 0x00}}},
	{{{-111, 478, 489}, 0, {-424, 1745}, {0xC8, 0xBE, 0xBE, 0x00}}},
	{{{-111, 693, 463}, 0, {468, 1725}, {0xC5, 0xBB, 0xBB, 0x00}}},
	{{{-109, 636, 237}, 0, {406, 1061}, {0xE0, 0xDC, 0xDC, 0x00}}},
	{{{0, 742, 457}, 0, {754, 1721}, {0xD8, 0xD1, 0xD1, 0x00}}},
	{{{0, 680, 221}, 0, {732, 1029}, {0xFF, 0xFF, 0xFF, 0x00}}},
	{{{111, 693, 463}, 0, {1038, 1724}, {0xC2, 0xB1, 0xB1, 0x00}}},
	{{{109, 636, 237}, 0, {1067, 1056}, {0xD0, 0xBF, 0xBF, 0x00}}},
	{{{162, 586, 476}, 0, {1392, 1734}, {0xA8, 0x88, 0x88, 0x00}}},
	{{{159, 540, 273}, 0, {1455, 1130}, {0x8D, 0x37, 0x37, 0x00}}},
	{{{111, 478, 489}, 0, {1881, 1744}, {0xC4, 0xB5, 0xB5, 0x00}}},
	{{{109, 444, 308}, 0, {1923, 1224}, {0xD0, 0xBF, 0xBF, 0x00}}},
	{{{151, 446, 100}, 0, {1582, 437}, {0x8F, 0x4C, 0x4C, 0x00}}},
	{{{104, 374, 160}, 0, {2014, 746}, {0xD1, 0xC1, 0xC1, 0x00}}},
	{{{144, 314, -8}, 0, {1766, -138}, {0x91, 0x5C, 0x5C, 0x00}}},
	{{{99, 272, 73}, 0, {2138, 366}, {0xD2, 0xC4, 0xC4, 0x00}}},
	{{{143, 162, -29}, 0, {2001, -419}, {0x93, 0x65, 0x65, 0x00}}},
	{{{99, 143, 64}, 0, {2277, 144}, {0xD2, 0xC6, 0xC6, 0x00}}},
	{{{99, 181, -123}, 0, {1487, -820}, {0xD2, 0xC6, 0xC6, 0x00}}},
	{{{99, 357, -88}, 0, {1264, -550}, {0xD2, 0xC4, 0xC4, 0x00}}},
	{{{104, 517, 41}, 0, {1136, 202}, {0xD1, 0xC1, 0xC1, 0x00}}},
	{{{0, 550, 14}, 0, {693, 82}, {0xFF, 0xFF, 0xFF, 0x00}}},
	{{{-104, 517, 41}, 0, {284, 218}, {0xE4, 0xE1, 0xE1, 0x00}}},
	{{{-99, 357, -88}, 0, {108, -526}, {0xE7, 0xE5, 0xE5, 0x00}}},
	{{{-144, 314, -8}, 0, {-328, -106}, {0xCC, 0xC6, 0xC6, 0x00}}},
};

Gfx arena_dl_Circle_002_mesh_layer_1_tri_0[] = {
	gsSPVertex(arena_dl_Circle_002_mesh_layer_1_vtx_0 + 0, 32, 0),
	gsSP2Triangles(0, 1, 2, 0, 0, 3, 1, 0),
	gsSP2Triangles(4, 3, 0, 0, 4, 5, 3, 0),
	gsSP2Triangles(6, 5, 4, 0, 6, 7, 5, 0),
	gsSP2Triangles(8, 7, 6, 0, 8, 9, 7, 0),
	gsSP2Triangles(9, 10, 7, 0, 9, 11, 10, 0),
	gsSP2Triangles(11, 12, 10, 0, 11, 13, 12, 0),
	gsSP2Triangles(13, 14, 12, 0, 13, 15, 14, 0),
	gsSP2Triangles(15, 16, 14, 0, 15, 17, 16, 0),
	gsSP2Triangles(17, 18, 16, 0, 17, 19, 18, 0),
	gsSP2Triangles(16, 18, 20, 0, 16, 20, 21, 0),
	gsSP2Triangles(21, 20, 22, 0, 21, 22, 23, 0),
	gsSP2Triangles(23, 22, 24, 0, 23, 24, 25, 0),
	gsSP2Triangles(25, 24, 26, 0, 25, 26, 27, 0),
	gsSP2Triangles(27, 26, 28, 0, 27, 28, 29, 0),
	gsSP2Triangles(29, 28, 30, 0, 29, 30, 31, 0),
	gsSPVertex(arena_dl_Circle_002_mesh_layer_1_vtx_0 + 32, 32, 0),
	gsSP2Triangles(0, 1, 2, 0, 0, 2, 3, 0),
	gsSP2Triangles(4, 0, 3, 0, 4, 3, 5, 0),
	gsSP2Triangles(6, 4, 5, 0, 6, 5, 7, 0),
	gsSP2Triangles(8, 6, 7, 0, 8, 7, 9, 0),
	gsSP2Triangles(10, 8, 9, 0, 10, 9, 11, 0),
	gsSP2Triangles(12, 10, 11, 0, 12, 11, 13, 0),
	gsSP2Triangles(14, 10, 12, 0, 14, 15, 10, 0),
	gsSP2Triangles(16, 15, 14, 0, 16, 17, 15, 0),
	gsSP2Triangles(18, 17, 16, 0, 18, 19, 17, 0),
	gsSP2Triangles(19, 20, 17, 0, 19, 21, 20, 0),
	gsSP2Triangles(21, 22, 20, 0, 21, 23, 22, 0),
	gsSP2Triangles(24, 23, 21, 0, 25, 24, 21, 0),
	gsSP2Triangles(25, 21, 26, 0, 27, 24, 25, 0),
	gsSP2Triangles(27, 28, 24, 0, 29, 28, 27, 0),
	gsSP2Triangles(29, 30, 28, 0, 30, 31, 28, 0),
	gsSPVertex(arena_dl_Circle_002_mesh_layer_1_vtx_0 + 64, 30, 0),
	gsSP2Triangles(0, 1, 2, 0, 1, 3, 2, 0),
	gsSP2Triangles(1, 4, 3, 0, 4, 5, 3, 0),
	gsSP2Triangles(4, 6, 5, 0, 3, 5, 7, 0),
	gsSP2Triangles(3, 7, 8, 0, 8, 7, 9, 0),
	gsSP2Triangles(8, 9, 10, 0, 10, 9, 11, 0),
	gsSP2Triangles(10, 11, 12, 0, 12, 11, 13, 0),
	gsSP2Triangles(12, 13, 14, 0, 14, 13, 15, 0),
	gsSP2Triangles(14, 15, 16, 0, 17, 14, 16, 0),
	gsSP2Triangles(17, 16, 18, 0, 19, 17, 18, 0),
	gsSP2Triangles(19, 18, 20, 0, 21, 19, 20, 0),
	gsSP2Triangles(21, 20, 22, 0, 23, 19, 21, 0),
	gsSP2Triangles(23, 24, 19, 0, 24, 17, 19, 0),
	gsSP2Triangles(24, 25, 17, 0, 25, 14, 17, 0),
	gsSP2Triangles(25, 12, 14, 0, 26, 12, 25, 0),
	gsSP2Triangles(26, 10, 12, 0, 27, 10, 26, 0),
	gsSP2Triangles(28, 27, 26, 0, 29, 27, 28, 0),
	gsSP2Triangles(29, 2, 27, 0, 2, 8, 27, 0),
	gsSP2Triangles(2, 3, 8, 0, 27, 8, 10, 0),
	gsSPEndDisplayList(),
};

Vtx arena_dl_Circle_005_mesh_layer_1_vtx_cull[8] = {
	{{{-428, -375, 365}, 0, {0, 0}, {0x00, 0x00, 0x00, 0x00}}},
	{{{-428, 307, 365}, 0, {0, 0}, {0x00, 0x00, 0x00, 0x00}}},
	{{{-428, 307, -443}, 0, {0, 0}, {0x00, 0x00, 0x00, 0x00}}},
	{{{-428, -375, -443}, 0, {0, 0}, {0x00, 0x00, 0x00, 0x00}}},
	{{{337, -375, 365}, 0, {0, 0}, {0x00, 0x00, 0x00, 0x00}}},
	{{{337, 307, 365}, 0, {0, 0}, {0x00, 0x00, 0x00, 0x00}}},
	{{{337, 307, -443}, 0, {0, 0}, {0x00, 0x00, 0x00, 0x00}}},
	{{{337, -375, -443}, 0, {0, 0}, {0x00, 0x00, 0x00, 0x00}}},
};

Vtx arena_dl_Circle_005_mesh_layer_1_vtx_0[400] = {
	{{{119, -247, 121}, 0, {1171, 1340}, {0xC3, 0x69, 0x2A, 0xFF}}},
	{{{221, -190, 107}, 0, {1745, 1260}, {0x96, 0x3B, 0x3B, 0xFF}}},
	{{{199, -260, 19}, 0, {1620, 765}, {0xFF, 0x8D, 0x00, 0xFF}}},
	{{{119, -247, 121}, 0, {-122, 2000}, {0xC3, 0x69, 0x2A, 0xFF}}},
	{{{95, -195, 222}, 0, {-689, 1706}, {0xFD, 0x8C, 0x16, 0xFF}}},
	{{{107, -285, 244}, 0, {-813, 2213}, {0x45, 0x17, 0x18, 0xFF}}},
	{{{13, -268, 188}, 0, {573, 1718}, {0x9F, 0x24, 0x24, 0xFF}}},
	{{{95, -195, 222}, 0, {1035, 1907}, {0xFD, 0x8C, 0x16, 0xFF}}},
	{{{173, -174, 42}, 0, {1472, 893}, {0xF9, 0x80, 0x1F, 0xFF}}},
	{{{197, -187, -13}, 0, {1610, 581}, {0xFF, 0x6B, 0x00, 0xFF}}},
	{{{237, -124, 42}, 0, {1834, 893}, {0xFE, 0x1E, 0x0F, 0xFF}}},
	{{{34, -180, 168}, 0, {690, 1605}, {0xFF, 0x6F, 0x04, 0xFF}}},
	{{{25, -133, 234}, 0, {643, 1978}, {0xFD, 0x89, 0x13, 0xFF}}},
	{{{-23, -197, 187}, 0, {371, 1710}, {0xFF, 0x2F, 0x09, 0xFF}}},
	{{{246, -279, 117}, 0, {1886, 2178}, {0x80, 0x31, 0x31, 0xFF}}},
	{{{221, -190, 107}, 0, {1745, 1674}, {0x96, 0x3B, 0x3B, 0xFF}}},
	{{{119, -247, 121}, 0, {1171, 2000}, {0xC3, 0x69, 0x2A, 0xFF}}},
	{{{-73, -104, -306}, 0, {88, -1068}, {0x00, 0x00, 0x00, 0xFF}}},
	{{{70, -15, -363}, 0, {894, -1387}, {0x59, 0x26, 0x26, 0xFF}}},
	{{{51, -87, -281}, 0, {790, -926}, {0x25, 0x0C, 0x0C, 0xFF}}},
	{{{-49, 17, -370}, 0, {2645, 513}, {0x55, 0x25, 0x25, 0xFF}}},
	{{{-73, -104, -306}, 0, {2286, 1191}, {0x00, 0x00, 0x00, 0xFF}}},
	{{{-91, 72, -305}, 0, {2278, 199}, {0x5F, 0x2A, 0x2A, 0xFF}}},
	{{{-270, -125, -143}, 0, {-1023, -146}, {0x00, 0x00, 0x00, 0xFF}}},
	{{{-270, -122, -14}, 0, {-1021, 576}, {0x0A, 0x02, 0x02, 0xFF}}},
	{{{-362, -61, -4}, 0, {-1541, 632}, {0x4C, 0x20, 0x20, 0xFF}}},
	{{{-101, -204, 24}, 0, {-68, 790}, {0x19, 0x06, 0x06, 0xFF}}},
	{{{-170, -235, 178}, 0, {-458, 1659}, {0x0C, 0x03, 0x03, 0xFF}}},
	{{{-218, -182, 153}, 0, {-730, 1520}, {0x2E, 0x0F, 0x0F, 0xFF}}},
	{{{-218, -182, 153}, 0, {-303, 1631}, {0x2E, 0x0F, 0x0F, 0xFF}}},
	{{{-100, -128, 28}, 0, {401, 1327}, {0x58, 0x20, 0x22, 0xFF}}},
	{{{-101, -204, 24}, 0, {428, 1754}, {0x19, 0x06, 0x06, 0xFF}}},
	{{{204, -218, -162}, 0, {1647, -258}, {0x2C, 0x05, 0x05, 0xFF}}},
	{{{42, -197, -107}, 0, {738, 56}, {0x0E, 0x03, 0x03, 0xFF}}},
	{{{181, -164, -210}, 0, {1519, -528}, {0x2F, 0x11, 0x11, 0xFF}}},
	{{{337, 48, 3}, 0, {2397, 338}, {0x91, 0x39, 0x39, 0xFF}}},
	{{{226, 158, -11}, 0, {1776, -283}, {0x5A, 0x21, 0x21, 0xFF}}},
	{{{289, 228, 87}, 0, {2129, -678}, {0x7E, 0x31, 0x31, 0xFF}}},
	{{{337, 48, 3}, 0, {542, 338}, {0x91, 0x39, 0x39, 0xFF}}},
	{{{210, 46, -154}, 0, {1429, 349}, {0x7F, 0x23, 0x23, 0xFF}}},
	{{{226, 158, -11}, 0, {623, -283}, {0x5A, 0x21, 0x21, 0xFF}}},
	{{{210, 46, -154}, 0, {1684, -212}, {0x7F, 0x23, 0x23, 0xFF}}},
	{{{181, 113, -99}, 0, {1518, 98}, {0x5B, 0x22, 0x22, 0xFF}}},
	{{{226, 158, -11}, 0, {1776, 595}, {0x5A, 0x21, 0x21, 0xFF}}},
	{{{-244, -182, 72}, 0, {-877, 1063}, {0x08, 0x02, 0x02, 0xFF}}},
	{{{-175, -198, 185}, 0, {-488, 1700}, {0x26, 0x0A, 0x0A, 0xFF}}},
	{{{-256, -125, 189}, 0, {-940, 1720}, {0x46, 0x1D, 0x1D, 0xFF}}},
	{{{136, -22, 274}, 0, {1265, 2202}, {0xF9, 0x61, 0x20, 0xFF}}},
	{{{144, 27, 332}, 0, {1314, 2528}, {0xF1, 0x28, 0x28, 0xFF}}},
	{{{89, -11, 301}, 0, {1002, 2354}, {0xF5, 0x3F, 0x23, 0xFF}}},
	{{{282, 9, 141}, 0, {2089, 1453}, {0xD3, 0x45, 0x34, 0xFF}}},
	{{{297, 43, 205}, 0, {2176, 1813}, {0xFE, 0x0F, 0x0E, 0xFF}}},
	{{{249, -10, 181}, 0, {1902, 1674}, {0xE4, 0x37, 0x30, 0xFF}}},
	{{{43, 214, 79}, 0, {741, -599}, {0x4D, 0x1C, 0x1C, 0xFF}}},
	{{{118, 185, 75}, 0, {1163, -437}, {0x53, 0x1D, 0x1E, 0xFF}}},
	{{{111, 261, 13}, 0, {1125, -867}, {0x2C, 0x0C, 0x0C, 0xFF}}},
	{{{-288, 51, -141}, 0, {-1124, 318}, {0x3E, 0x19, 0x19, 0xFF}}},
	{{{-162, 217, -168}, 0, {-413, -616}, {0x00, 0x00, 0x00, 0xFF}}},
	{{{-225, 246, -240}, 0, {-768, -780}, {0x65, 0x2B, 0x2C, 0xFF}}},
	{{{-238, -124, -239}, 0, {-841, -693}, {0x00, 0x00, 0x00, 0xFF}}},
	{{{-314, -165, -400}, 0, {-1270, -1599}, {0x03, 0x03, 0x03, 0xFF}}},
	{{{-174, -117, -293}, 0, {-478, -993}, {0x01, 0x00, 0x00, 0xFF}}},
	{{{-225, 246, -240}, 0, {1913, -780}, {0x65, 0x2B, 0x2C, 0xFF}}},
	{{{-162, 217, -168}, 0, {1505, -616}, {0x00, 0x00, 0x00, 0xFF}}},
	{{{-91, 72, -305}, 0, {2278, 199}, {0x5F, 0x2A, 0x2A, 0xFF}}},
	{{{107, -285, 244}, 0, {1104, 2213}, {0x45, 0x17, 0x18, 0xFF}}},
	{{{95, -195, 222}, 0, {1035, 1706}, {0xFD, 0x8C, 0x16, 0xFF}}},
	{{{13, -268, 188}, 0, {573, 2116}, {0x9F, 0x24, 0x24, 0xFF}}},
	{{{-8, -322, 180}, 0, {454, 2422}, {0x27, 0x0A, 0x0C, 0xFF}}},
	{{{-78, -209, 216}, 0, {60, 1782}, {0xA0, 0x3B, 0x13, 0xFF}}},
	{{{-23, -197, 187}, 0, {371, 1718}, {0xFF, 0x2F, 0x09, 0xFF}}},
	{{{119, -247, 121}, 0, {1171, 2000}, {0xC3, 0x69, 0x2A, 0xFF}}},
	{{{34, -180, 168}, 0, {690, 1621}, {0xFF, 0x6F, 0x04, 0xFF}}},
	{{{173, -174, 42}, 0, {1472, 1586}, {0xF9, 0x80, 0x1F, 0xFF}}},
	{{{-27, -116, 157}, 0, {350, 1260}, {0xFD, 0x8A, 0x0E, 0xFF}}},
	{{{163, -108, -16}, 0, {1420, 1212}, {0xFF, 0x84, 0x00, 0xFF}}},
	{{{237, -124, 42}, 0, {1834, 1304}, {0xFE, 0x1E, 0x0F, 0xFF}}},
	{{{197, -187, -13}, 0, {1610, 1662}, {0xFF, 0x6B, 0x00, 0xFF}}},
	{{{-146, -122, 206}, 0, {-322, 1293}, {0xE7, 0x32, 0x15, 0xFF}}},
	{{{-170, -235, 178}, 0, {-458, 1928}, {0x0C, 0x03, 0x03, 0xFF}}},
	{{{-218, -182, 153}, 0, {-730, 1631}, {0x2E, 0x0F, 0x0F, 0xFF}}},
	{{{-94, -315, 141}, 0, {-31, 2383}, {0x17, 0x04, 0x04, 0xFF}}},
	{{{11, -375, 134}, 0, {564, 2718}, {0x33, 0x0F, 0x13, 0xFF}}},
	{{{199, -260, 19}, 0, {453, 2069}, {0xFF, 0x8D, 0x00, 0xFF}}},
	{{{221, -190, 107}, 0, {-43, 1674}, {0x96, 0x3B, 0x3B, 0xFF}}},
	{{{246, -279, 117}, 0, {-100, 2178}, {0x80, 0x31, 0x31, 0xFF}}},
	{{{195, -313, -5}, 0, {589, 2371}, {0xD6, 0x76, 0x15, 0xFF}}},
	{{{150, -369, 8}, 0, {517, 2683}, {0x47, 0x18, 0x19, 0xFF}}},
	{{{164, -304, -94}, 0, {1091, 2317}, {0x1D, 0x06, 0x06, 0xFF}}},
	{{{204, -218, -162}, 0, {1475, 1834}, {0x2C, 0x05, 0x05, 0xFF}}},
	{{{231, -195, -66}, 0, {934, 1704}, {0xFE, 0x4D, 0x04, 0xFF}}},
	{{{223, -105, -131}, 0, {1297, 1199}, {0xFA, 0x11, 0x10, 0xFF}}},
	{{{181, -164, -210}, 0, {1746, 1530}, {0x2F, 0x11, 0x11, 0xFF}}},
	{{{197, -187, -13}, 0, {636, 1662}, {0xFF, 0x6B, 0x00, 0xFF}}},
	{{{223, -105, -131}, 0, {1297, 1199}, {0xFA, 0x11, 0x10, 0xFF}}},
	{{{163, -108, -16}, 0, {653, 1212}, {0xFF, 0x84, 0x00, 0xFF}}},
	{{{197, -187, -13}, 0, {636, 1662}, {0xFF, 0x6B, 0x00, 0xFF}}},
	{{{199, -260, 19}, 0, {453, 2069}, {0xFF, 0x8D, 0x00, 0xFF}}},
	{{{231, -195, -66}, 0, {934, 1704}, {0xFE, 0x4D, 0x04, 0xFF}}},
	{{{119, -247, 121}, 0, {-122, 2000}, {0xC3, 0x69, 0x2A, 0xFF}}},
	{{{173, -174, 42}, 0, {325, 1586}, {0xF9, 0x80, 0x1F, 0xFF}}},
	{{{195, -313, -5}, 0, {589, 2371}, {0xD6, 0x76, 0x15, 0xFF}}},
	{{{-27, -116, 157}, 0, {-322, 1260}, {0xFD, 0x8A, 0x0E, 0xFF}}},
	{{{25, -133, 234}, 0, {-760, 1357}, {0xFD, 0x89, 0x13, 0xFF}}},
	{{{34, -180, 168}, 0, {-387, 1621}, {0xFF, 0x6F, 0x04, 0xFF}}},
	{{{-23, -197, 187}, 0, {-492, 1718}, {0xFF, 0x2F, 0x09, 0xFF}}},
	{{{50, 64, -413}, 0, {784, -1668}, {0x61, 0x2A, 0x2B, 0xFF}}},
	{{{-102, 131, -443}, 0, {-77, -1838}, {0x60, 0x2A, 0x2B, 0xFF}}},
	{{{-10, 111, -348}, 0, {441, -1305}, {0x64, 0x2C, 0x2C, 0xFF}}},
	{{{86, 59, -343}, 0, {986, -1273}, {0x62, 0x2B, 0x2B, 0xFF}}},
	{{{81, 43, -246}, 0, {958, -731}, {0x62, 0x2B, 0x2B, 0xFF}}},
	{{{-35, 123, -262}, 0, {304, -822}, {0x64, 0x2C, 0x2C, 0xFF}}},
	{{{-91, 72, -305}, 0, {-12, -1061}, {0x5F, 0x2A, 0x2A, 0xFF}}},
	{{{-73, -104, -306}, 0, {88, 1191}, {0x00, 0x00, 0x00, 0xFF}}},
	{{{-49, 17, -370}, 0, {226, 513}, {0x55, 0x25, 0x25, 0xFF}}},
	{{{70, -15, -363}, 0, {894, 689}, {0x59, 0x26, 0x26, 0xFF}}},
	{{{50, 64, -413}, 0, {784, 245}, {0x61, 0x2A, 0x2B, 0xFF}}},
	{{{-102, 131, -443}, 0, {-77, -134}, {0x60, 0x2A, 0x2B, 0xFF}}},
	{{{-10, 111, -348}, 0, {441, -20}, {0x64, 0x2C, 0x2C, 0xFF}}},
	{{{-91, 72, -305}, 0, {-12, 199}, {0x5F, 0x2A, 0x2A, 0xFF}}},
	{{{-350, 75, -67}, 0, {-1470, 280}, {0x55, 0x24, 0x24, 0xFF}}},
	{{{-428, 96, -173}, 0, {-1913, -316}, {0x58, 0x22, 0x24, 0xFF}}},
	{{{-417, 14, -25}, 0, {-1852, 517}, {0x4E, 0x1F, 0x1F, 0xFF}}},
	{{{-355, 12, 23}, 0, {-1499, 787}, {0x5F, 0x2A, 0x2A, 0xFF}}},
	{{{-258, 7, 35}, 0, {-953, 854}, {0x61, 0x2B, 0x2B, 0xFF}}},
	{{{-263, 98, -73}, 0, {-983, 244}, {0x5F, 0x29, 0x29, 0xFF}}},
	{{{-288, 51, -141}, 0, {-1124, -139}, {0x3E, 0x19, 0x19, 0xFF}}},
	{{{-350, 75, -67}, 0, {-1470, 280}, {0x55, 0x24, 0x24, 0xFF}}},
	{{{-263, 98, -73}, 0, {-983, 244}, {0x5F, 0x29, 0x29, 0xFF}}},
	{{{-352, -16, -118}, 0, {-1485, 696}, {0x1C, 0x07, 0x08, 0xFF}}},
	{{{-350, 75, -67}, 0, {-1470, 184}, {0x55, 0x24, 0x24, 0xFF}}},
	{{{-288, 51, -141}, 0, {-1124, 318}, {0x3E, 0x19, 0x19, 0xFF}}},
	{{{-270, -125, -143}, 0, {-1023, 1310}, {0x00, 0x00, 0x00, 0xFF}}},
	{{{-352, -16, -118}, 0, {1227, 696}, {0x1C, 0x07, 0x08, 0xFF}}},
	{{{-428, 96, -173}, 0, {1534, 63}, {0x58, 0x22, 0x24, 0xFF}}},
	{{{-350, 75, -67}, 0, {938, 184}, {0x55, 0x24, 0x24, 0xFF}}},
	{{{-417, 14, -25}, 0, {701, 527}, {0x4E, 0x1F, 0x1F, 0xFF}}},
	{{{-362, -61, -4}, 0, {586, 950}, {0x4C, 0x20, 0x20, 0xFF}}},
	{{{-270, -125, -143}, 0, {1364, 1310}, {0x00, 0x00, 0x00, 0xFF}}},
	{{{97, -4, 189}, 0, {1045, 631}, {0xFF, 0x81, 0x00, 0xFF}}},
	{{{87, -126, 243}, 0, {988, 1315}, {0xFF, 0x57, 0x06, 0xFF}}},
	{{{21, -28, 263}, 0, {621, 763}, {0xB4, 0x60, 0x25, 0xFF}}},
	{{{89, -11, 301}, 0, {1002, 670}, {0xF5, 0x3F, 0x23, 0xFF}}},
	{{{136, -22, 274}, 0, {1265, 729}, {0xF9, 0x61, 0x20, 0xFF}}},
	{{{259, -3, 66}, 0, {1957, 620}, {0xF2, 0x84, 0x27, 0xFF}}},
	{{{240, -109, 116}, 0, {1850, 1223}, {0xFF, 0x8C, 0x0A, 0xFF}}},
	{{{170, 3, 128}, 0, {1457, 587}, {0xFE, 0x8D, 0x0F, 0xFF}}},
	{{{249, -10, 181}, 0, {1902, 661}, {0xE4, 0x37, 0x30, 0xFF}}},
	{{{240, -109, 116}, 0, {-91, 1223}, {0xFF, 0x8C, 0x0A, 0xFF}}},
	{{{259, -3, 66}, 0, {188, 620}, {0xF2, 0x84, 0x27, 0xFF}}},
	{{{282, 9, 141}, 0, {-235, 554}, {0xD3, 0x45, 0x34, 0xFF}}},
	{{{249, -10, 181}, 0, {-457, 661}, {0xE4, 0x37, 0x30, 0xFF}}},
	{{{87, -126, 243}, 0, {-805, 1315}, {0xFF, 0x57, 0x06, 0xFF}}},
	{{{97, -4, 189}, 0, {-502, 631}, {0xFF, 0x81, 0x00, 0xFF}}},
	{{{136, -22, 274}, 0, {-985, 729}, {0xF9, 0x61, 0x20, 0xFF}}},
	{{{211, 77, 265}, 0, {-932, 173}, {0xE9, 0x2A, 0x2A, 0xFF}}},
	{{{144, 27, 332}, 0, {-1310, 455}, {0xF1, 0x28, 0x28, 0xFF}}},
	{{{154, 208, 322}, 0, {-1253, -563}, {0x0E, 0x02, 0x02, 0xFF}}},
	{{{-94, -315, 141}, 0, {-31, 1452}, {0x17, 0x04, 0x04, 0xFF}}},
	{{{11, -375, 134}, 0, {564, 1412}, {0x33, 0x0F, 0x13, 0xFF}}},
	{{{-8, -322, 180}, 0, {454, 1669}, {0x27, 0x0A, 0x0C, 0xFF}}},
	{{{-1, -281, -12}, 0, {493, 587}, {0x00, 0x00, 0x00, 0xFF}}},
	{{{159, -352, 160}, 0, {1397, 1559}, {0xF3, 0x04, 0x01, 0xFF}}},
	{{{150, -369, 8}, 0, {1346, 700}, {0x47, 0x18, 0x19, 0xFF}}},
	{{{164, -304, -94}, 0, {1424, 127}, {0x1D, 0x06, 0x06, 0xFF}}},
	{{{246, -279, 117}, 0, {1886, 1318}, {0x80, 0x31, 0x31, 0xFF}}},
	{{{107, -285, 244}, 0, {1104, 2030}, {0x45, 0x17, 0x18, 0xFF}}},
	{{{159, -352, 160}, 0, {1397, 2591}, {0xF3, 0x04, 0x01, 0xFF}}},
	{{{140, -262, 225}, 0, {1289, 2084}, {0x57, 0x22, 0x1E, 0xFF}}},
	{{{107, -285, 244}, 0, {1104, 2213}, {0x45, 0x17, 0x18, 0xFF}}},
	{{{223, -259, 149}, 0, {1758, 2063}, {0x8A, 0x2D, 0x2D, 0xFF}}},
	{{{246, -279, 117}, 0, {1886, 2178}, {0x80, 0x31, 0x31, 0xFF}}},
	{{{-94, -315, 141}, 0, {-235, 2383}, {0x17, 0x04, 0x04, 0xFF}}},
	{{{-170, -235, 178}, 0, {-442, 1928}, {0x0C, 0x03, 0x03, 0xFF}}},
	{{{-1, -281, -12}, 0, {631, 2189}, {0x00, 0x00, 0x00, 0xFF}}},
	{{{-101, -204, 24}, 0, {428, 1754}, {0x19, 0x06, 0x06, 0xFF}}},
	{{{-1, -281, -12}, 0, {493, 2189}, {0x00, 0x00, 0x00, 0xFF}}},
	{{{204, -218, -162}, 0, {1647, 1834}, {0x2C, 0x05, 0x05, 0xFF}}},
	{{{164, -304, -94}, 0, {1424, 2317}, {0x1D, 0x06, 0x06, 0xFF}}},
	{{{42, -197, -107}, 0, {738, 1718}, {0x0E, 0x03, 0x03, 0xFF}}},
	{{{-101, -204, 24}, 0, {-68, 1754}, {0x19, 0x06, 0x06, 0xFF}}},
	{{{43, -122, -102}, 0, {743, 1291}, {0x31, 0x12, 0x13, 0xFF}}},
	{{{-100, -128, 28}, 0, {-63, 1327}, {0x58, 0x20, 0x22, 0xFF}}},
	{{{181, -164, -210}, 0, {1519, 1530}, {0x2F, 0x11, 0x11, 0xFF}}},
	{{{223, -259, 149}, 0, {1758, 1498}, {0x8A, 0x2D, 0x2D, 0xFF}}},
	{{{119, -247, 121}, 0, {1171, 1340}, {0xC3, 0x69, 0x2A, 0xFF}}},
	{{{140, -262, 225}, 0, {1289, 1925}, {0x57, 0x22, 0x1E, 0xFF}}},
	{{{337, 48, 3}, 0, {542, 338}, {0x91, 0x39, 0x39, 0xFF}}},
	{{{297, 43, 205}, 0, {-595, 362}, {0xFE, 0x0F, 0x0E, 0xFF}}},
	{{{282, 9, 141}, 0, {-235, 554}, {0xD3, 0x45, 0x34, 0xFF}}},
	{{{335, 131, 139}, 0, {-224, -134}, {0x92, 0x3A, 0x3A, 0xFF}}},
	{{{297, 43, 205}, 0, {-595, 362}, {0xFE, 0x0F, 0x0E, 0xFF}}},
	{{{337, 48, 3}, 0, {542, 338}, {0x91, 0x39, 0x39, 0xFF}}},
	{{{289, 228, 87}, 0, {69, -678}, {0x7E, 0x31, 0x31, 0xFF}}},
	{{{263, 219, 232}, 0, {-745, -629}, {0x7D, 0x30, 0x30, 0xFF}}},
	{{{-68, 126, 233}, 0, {-754, -105}, {0x40, 0x16, 0x16, 0xFF}}},
	{{{-141, 79, 167}, 0, {-382, 162}, {0x54, 0x24, 0x24, 0xFF}}},
	{{{-191, 3, 179}, 0, {-445, 591}, {0x5B, 0x28, 0x28, 0xFF}}},
	{{{-60, 5, 332}, 0, {-1312, 578}, {0x4E, 0x1B, 0x1B, 0xFF}}},
	{{{8, 198, 321}, 0, {-1246, -508}, {0x51, 0x1D, 0x1D, 0xFF}}},
	{{{54, 265, 172}, 0, {-406, -886}, {0x6A, 0x28, 0x28, 0xFF}}},
	{{{31, 176, 147}, 0, {-264, -384}, {0x60, 0x24, 0x24, 0xFF}}},
	{{{-256, -125, 189}, 0, {-502, 1309}, {0x46, 0x1D, 0x1D, 0xFF}}},
	{{{-282, -46, 153}, 0, {-301, 868}, {0x5F, 0x2A, 0x2A, 0xFF}}},
	{{{-244, -182, 72}, 0, {154, 1634}, {0x08, 0x02, 0x02, 0xFF}}},
	{{{-270, -122, -14}, 0, {642, 1292}, {0x0A, 0x02, 0x02, 0xFF}}},
	{{{-258, 7, 35}, 0, {364, 568}, {0x61, 0x2B, 0x2B, 0xFF}}},
	{{{-181, 110, 123}, 0, {-131, -12}, {0x61, 0x2B, 0x2B, 0xFF}}},
	{{{-206, 76, 70}, 0, {166, 178}, {0x63, 0x2C, 0x2C, 0xFF}}},
	{{{-151, 200, 120}, 0, {-117, -523}, {0x62, 0x2B, 0x2B, 0xFF}}},
	{{{-153, 142, 179}, 0, {-446, -197}, {0x56, 0x25, 0x25, 0xFF}}},
	{{{-245, 164, -2}, 0, {571, -317}, {0x64, 0x2C, 0x2C, 0xFF}}},
	{{{-92, 290, 58}, 0, {233, -1027}, {0x5D, 0x28, 0x28, 0xFF}}},
	{{{-263, 98, -73}, 0, {973, 53}, {0x5F, 0x29, 0x29, 0xFF}}},
	{{{-232, 191, -96}, 0, {1102, -472}, {0x1E, 0x09, 0x09, 0xFF}}},
	{{{-288, 51, -141}, 0, {1357, 318}, {0x3E, 0x19, 0x19, 0xFF}}},
	{{{-162, 217, -168}, 0, {1505, -616}, {0x00, 0x00, 0x00, 0xFF}}},
	{{{89, -11, 301}, 0, {1002, 670}, {0xF5, 0x3F, 0x23, 0xFF}}},
	{{{144, 27, 332}, 0, {1314, 455}, {0xF1, 0x28, 0x28, 0xFF}}},
	{{{-60, 5, 332}, 0, {162, 578}, {0x4E, 0x1B, 0x1B, 0xFF}}},
	{{{62, 102, 365}, 0, {852, 30}, {0x81, 0x32, 0x32, 0xFF}}},
	{{{154, 208, 322}, 0, {1370, -563}, {0x0E, 0x02, 0x02, 0xFF}}},
	{{{154, 208, 322}, 0, {1370, -563}, {0x0E, 0x02, 0x02, 0xFF}}},
	{{{8, 198, 321}, 0, {543, -508}, {0x51, 0x1D, 0x1D, 0xFF}}},
	{{{62, 102, 365}, 0, {852, 30}, {0x81, 0x32, 0x32, 0xFF}}},
	{{{106, 277, 258}, 0, {1095, -957}, {0x40, 0x13, 0x16, 0xFF}}},
	{{{-60, 5, 332}, 0, {162, 578}, {0x4E, 0x1B, 0x1B, 0xFF}}},
	{{{211, 77, 265}, 0, {1692, 173}, {0xE9, 0x2A, 0x2A, 0xFF}}},
	{{{263, 219, 232}, 0, {1982, -629}, {0x7D, 0x30, 0x30, 0xFF}}},
	{{{297, 43, 205}, 0, {2176, 362}, {0xFE, 0x0F, 0x0E, 0xFF}}},
	{{{249, -10, 181}, 0, {1902, 661}, {0xE4, 0x37, 0x30, 0xFF}}},
	{{{170, 3, 128}, 0, {1457, 1378}, {0xFE, 0x8D, 0x0F, 0xFF}}},
	{{{249, -10, 181}, 0, {1902, 1674}, {0xE4, 0x37, 0x30, 0xFF}}},
	{{{211, 77, 265}, 0, {1692, 2149}, {0xE9, 0x2A, 0x2A, 0xFF}}},
	{{{97, -4, 189}, 0, {1045, 1720}, {0xFF, 0x81, 0x00, 0xFF}}},
	{{{37, -19, 42}, 0, {707, 892}, {0xFF, 0x8D, 0x03, 0xFF}}},
	{{{-123, -36, 174}, 0, {-192, 1637}, {0xB4, 0x02, 0x01, 0xFF}}},
	{{{21, -28, 263}, 0, {621, 2138}, {0xB4, 0x60, 0x25, 0xFF}}},
	{{{-60, 5, 332}, 0, {162, 2530}, {0x4E, 0x1B, 0x1B, 0xFF}}},
	{{{89, -11, 301}, 0, {1002, 2354}, {0xF5, 0x3F, 0x23, 0xFF}}},
	{{{-191, 3, 179}, 0, {-577, 1662}, {0x5B, 0x28, 0x28, 0xFF}}},
	{{{199, -2, -92}, 0, {1619, 136}, {0xF5, 0x18, 0x18, 0xFF}}},
	{{{259, -3, 66}, 0, {1957, 1030}, {0xF2, 0x84, 0x27, 0xFF}}},
	{{{337, 48, 3}, 0, {2397, 676}, {0x91, 0x39, 0x39, 0xFF}}},
	{{{210, 46, -154}, 0, {1684, -212}, {0x7F, 0x23, 0x23, 0xFF}}},
	{{{282, 9, 141}, 0, {2089, 1453}, {0xD3, 0x45, 0x34, 0xFF}}},
	{{{106, 277, 258}, 0, {1095, 2113}, {0x40, 0x13, 0x16, 0xFF}}},
	{{{54, 265, 172}, 0, {803, 1623}, {0x6A, 0x28, 0x28, 0xFF}}},
	{{{8, 198, 321}, 0, {543, 2464}, {0x51, 0x1D, 0x1D, 0xFF}}},
	{{{201, 288, 179}, 0, {1632, 1668}, {0x80, 0x33, 0x3B, 0xFF}}},
	{{{154, 208, 322}, 0, {1370, 2471}, {0x0E, 0x02, 0x02, 0xFF}}},
	{{{263, 219, 232}, 0, {1982, 1963}, {0x7D, 0x30, 0x30, 0xFF}}},
	{{{289, 228, 87}, 0, {2129, 1149}, {0x7E, 0x31, 0x31, 0xFF}}},
	{{{127, 273, 111}, 0, {1215, 1282}, {0x62, 0x25, 0x26, 0xFF}}},
	{{{127, 273, 111}, 0, {1215, 1282}, {0x62, 0x25, 0x26, 0xFF}}},
	{{{289, 228, 87}, 0, {2129, 1149}, {0x7E, 0x31, 0x31, 0xFF}}},
	{{{226, 158, -11}, 0, {1776, 595}, {0x5A, 0x21, 0x21, 0xFF}}},
	{{{201, 288, 179}, 0, {1632, 1668}, {0x80, 0x33, 0x3B, 0xFF}}},
	{{{54, 265, 172}, 0, {803, 1623}, {0x6A, 0x28, 0x28, 0xFF}}},
	{{{31, 176, 147}, 0, {676, -384}, {0x60, 0x24, 0x24, 0xFF}}},
	{{{54, 265, 172}, 0, {803, -886}, {0x6A, 0x28, 0x28, 0xFF}}},
	{{{127, 273, 111}, 0, {1215, -930}, {0x62, 0x25, 0x26, 0xFF}}},
	{{{118, 185, 75}, 0, {1163, -437}, {0x53, 0x1D, 0x1E, 0xFF}}},
	{{{226, 158, -11}, 0, {1776, -283}, {0x5A, 0x21, 0x21, 0xFF}}},
	{{{-191, 3, 179}, 0, {-577, 591}, {0x5B, 0x28, 0x28, 0xFF}}},
	{{{-141, 79, 167}, 0, {-293, 162}, {0x54, 0x24, 0x24, 0xFF}}},
	{{{-181, 110, 123}, 0, {-519, -12}, {0x61, 0x2B, 0x2B, 0xFF}}},
	{{{-282, -46, 153}, 0, {-1090, 868}, {0x5F, 0x2A, 0x2A, 0xFF}}},
	{{{-163, -92, 183}, 0, {-416, 1122}, {0xD5, 0x1F, 0x1E, 0xFF}}},
	{{{-256, -125, 189}, 0, {-940, 1309}, {0x46, 0x1D, 0x1D, 0xFF}}},
	{{{-175, -198, 185}, 0, {-488, 1724}, {0x26, 0x0A, 0x0A, 0xFF}}},
	{{{31, -111, 23}, 0, {676, 1232}, {0xFF, 0x8D, 0x00, 0xFF}}},
	{{{47, -207, 30}, 0, {764, 1771}, {0x33, 0x18, 0x01, 0xFF}}},
	{{{239, -154, -159}, 0, {1847, 1474}, {0xB6, 0x0A, 0x09, 0xFF}}},
	{{{221, -50, -135}, 0, {1745, 890}, {0xF7, 0x18, 0x18, 0xFF}}},
	{{{199, -2, -92}, 0, {1619, 616}, {0xF5, 0x18, 0x18, 0xFF}}},
	{{{37, -19, 42}, 0, {707, 713}, {0xFF, 0x8D, 0x03, 0xFF}}},
	{{{-123, -36, 174}, 0, {-192, 810}, {0xB4, 0x02, 0x01, 0xFF}}},
	{{{221, -50, -135}, 0, {1323, 890}, {0xF7, 0x18, 0x18, 0xFF}}},
	{{{210, 46, -154}, 0, {1429, 349}, {0x7F, 0x23, 0x23, 0xFF}}},
	{{{199, -2, -92}, 0, {1082, 616}, {0xF5, 0x18, 0x18, 0xFF}}},
	{{{208, 6, -253}, 0, {1987, 572}, {0x5B, 0x28, 0x28, 0xFF}}},
	{{{248, -71, -228}, 0, {1848, 1005}, {0x85, 0x1B, 0x1B, 0xFF}}},
	{{{239, -154, -159}, 0, {1454, 1474}, {0xB6, 0x0A, 0x09, 0xFF}}},
	{{{141, 144, -144}, 0, {1370, -206}, {0x57, 0x21, 0x21, 0xFF}}},
	{{{181, 113, -99}, 0, {1120, -31}, {0x5B, 0x22, 0x22, 0xFF}}},
	{{{141, 144, -144}, 0, {1370, -206}, {0x57, 0x21, 0x21, 0xFF}}},
	{{{186, 179, -102}, 0, {1139, -401}, {0x4D, 0x1B, 0x1B, 0xFF}}},
	{{{181, 113, -99}, 0, {1120, -31}, {0x5B, 0x22, 0x22, 0xFF}}},
	{{{226, 158, -11}, 0, {623, -283}, {0x5A, 0x21, 0x21, 0xFF}}},
	{{{174, 217, -39}, 0, {780, -619}, {0x2B, 0x0B, 0x0B, 0xFF}}},
	{{{-38, 245, 136}, 0, {288, 1424}, {0x4E, 0x20, 0x20, 0xFF}}},
	{{{-92, 290, 58}, 0, {-17, 985}, {0x5D, 0x28, 0x28, 0xFF}}},
	{{{-151, 200, 120}, 0, {-353, 1335}, {0x62, 0x2B, 0x2B, 0xFF}}},
	{{{43, 214, 79}, 0, {741, 1102}, {0x4D, 0x1C, 0x1C, 0xFF}}},
	{{{31, 176, 147}, 0, {676, 1482}, {0x60, 0x24, 0x24, 0xFF}}},
	{{{118, 185, 75}, 0, {1163, 1078}, {0x53, 0x1D, 0x1E, 0xFF}}},
	{{{-28, 307, 6}, 0, {342, 689}, {0x55, 0x21, 0x22, 0xFF}}},
	{{{39, 304, -50}, 0, {719, 374}, {0x4B, 0x1A, 0x1C, 0xFF}}},
	{{{111, 261, 13}, 0, {1125, 730}, {0x2C, 0x0C, 0x0C, 0xFF}}},
	{{{121, 230, -106}, 0, {1184, 61}, {0x38, 0x12, 0x12, 0xFF}}},
	{{{23, 193, -224}, 0, {631, -606}, {0x63, 0x2B, 0x2B, 0xFF}}},
	{{{-74, 208, -226}, 0, {81, -619}, {0x2C, 0x10, 0x10, 0xFF}}},
	{{{-162, 217, -168}, 0, {-413, -287}, {0x00, 0x00, 0x00, 0xFF}}},
	{{{-232, 191, -96}, 0, {-806, 116}, {0x1E, 0x09, 0x09, 0xFF}}},
	{{{-245, 164, -2}, 0, {-880, 647}, {0x64, 0x2C, 0x2C, 0xFF}}},
	{{{-151, 200, 120}, 0, {-353, -523}, {0x62, 0x2B, 0x2B, 0xFF}}},
	{{{-52, 208, 150}, 0, {208, -563}, {0x4F, 0x21, 0x21, 0xFF}}},
	{{{-38, 245, 136}, 0, {288, -777}, {0x4E, 0x20, 0x20, 0xFF}}},
	{{{31, 176, 147}, 0, {676, -384}, {0x60, 0x24, 0x24, 0xFF}}},
	{{{-94, 189, 184}, 0, {-29, -457}, {0x50, 0x21, 0x21, 0xFF}}},
	{{{-68, 126, 233}, 0, {115, -105}, {0x40, 0x16, 0x16, 0xFF}}},
	{{{-153, 142, 179}, 0, {-363, -197}, {0x56, 0x25, 0x25, 0xFF}}},
	{{{-141, 79, 167}, 0, {-293, 162}, {0x54, 0x24, 0x24, 0xFF}}},
	{{{111, 261, 13}, 0, {488, -867}, {0x2C, 0x0C, 0x0C, 0xFF}}},
	{{{132, 227, -2}, 0, {573, -674}, {0x1B, 0x05, 0x05, 0xFF}}},
	{{{121, 230, -106}, 0, {1157, -687}, {0x38, 0x12, 0x12, 0xFF}}},
	{{{118, 185, 75}, 0, {139, -437}, {0x53, 0x1D, 0x1E, 0xFF}}},
	{{{121, 230, -106}, 0, {1157, -687}, {0x38, 0x12, 0x12, 0xFF}}},
	{{{98, 108, -182}, 0, {1584, -5}, {0x5E, 0x29, 0x29, 0xFF}}},
	{{{23, 193, -224}, 0, {1824, -479}, {0x63, 0x2B, 0x2B, 0xFF}}},
	{{{81, 43, -246}, 0, {1948, 364}, {0x62, 0x2B, 0x2B, 0xFF}}},
	{{{121, 230, -106}, 0, {1184, -687}, {0x38, 0x12, 0x12, 0xFF}}},
	{{{186, 179, -102}, 0, {1547, -401}, {0x4D, 0x1B, 0x1B, 0xFF}}},
	{{{141, 144, -144}, 0, {1292, -206}, {0x57, 0x21, 0x21, 0xFF}}},
	{{{98, 108, -182}, 0, {1051, -5}, {0x5E, 0x29, 0x29, 0xFF}}},
	{{{81, 43, -246}, 0, {958, 364}, {0x62, 0x2B, 0x2B, 0xFF}}},
	{{{208, 6, -253}, 0, {1670, 572}, {0x5B, 0x28, 0x28, 0xFF}}},
	{{{51, -87, -281}, 0, {790, 1098}, {0x25, 0x0C, 0x0C, 0xFF}}},
	{{{139, -141, -246}, 0, {1284, 1402}, {0x2D, 0x10, 0x10, 0xFF}}},
	{{{248, -71, -228}, 0, {1895, 1005}, {0x85, 0x1B, 0x1B, 0xFF}}},
	{{{239, -154, -159}, 0, {1847, 1474}, {0xB6, 0x0A, 0x09, 0xFF}}},
	{{{-61, -260, -285}, 0, {155, 2069}, {0x00, 0x00, 0x00, 0xFF}}},
	{{{-73, -104, -306}, 0, {88, 1191}, {0x00, 0x00, 0x00, 0xFF}}},
	{{{-174, -117, -293}, 0, {-478, 1265}, {0x01, 0x00, 0x00, 0xFF}}},
	{{{-238, -124, -239}, 0, {-841, 1304}, {0x00, 0x00, 0x00, 0xFF}}},
	{{{-245, -279, -132}, 0, {-882, 2180}, {0x00, 0x00, 0x00, 0xFF}}},
	{{{-91, 72, -305}, 0, {-12, 199}, {0x5F, 0x2A, 0x2A, 0xFF}}},
	{{{-286, 47, -339}, 0, {-1110, 340}, {0x16, 0x05, 0x05, 0xFF}}},
	{{{-307, -35, -374}, 0, {-1227, 805}, {0x00, 0x00, 0x00, 0xFF}}},
	{{{-314, -165, -400}, 0, {-1270, 1538}, {0x03, 0x03, 0x03, 0xFF}}},
	{{{-350, 122, -407}, 0, {-1473, -80}, {0x5C, 0x28, 0x28, 0xFF}}},
	{{{-296, 206, -330}, 0, {-1166, -556}, {0x63, 0x2C, 0x2C, 0xFF}}},
	{{{-225, 246, -240}, 0, {-768, -780}, {0x65, 0x2B, 0x2C, 0xFF}}},
	{{{186, 179, -102}, 0, {1547, 79}, {0x4D, 0x1B, 0x1B, 0xFF}}},
	{{{121, 230, -106}, 0, {1184, 61}, {0x38, 0x12, 0x12, 0xFF}}},
	{{{174, 217, -39}, 0, {1482, 438}, {0x2B, 0x0B, 0x0B, 0xFF}}},
	{{{132, 227, -2}, 0, {1245, 645}, {0x1B, 0x05, 0x05, 0xFF}}},
	{{{118, 185, 75}, 0, {1163, 1078}, {0x53, 0x1D, 0x1E, 0xFF}}},
	{{{226, 158, -11}, 0, {1776, 595}, {0x5A, 0x21, 0x21, 0xFF}}},
	{{{-151, 200, 120}, 0, {-353, 1335}, {0x62, 0x2B, 0x2B, 0xFF}}},
	{{{-153, 142, 179}, 0, {-363, 1663}, {0x56, 0x25, 0x25, 0xFF}}},
	{{{-94, 189, 184}, 0, {-29, 1691}, {0x50, 0x21, 0x21, 0xFF}}},
	{{{-52, 208, 150}, 0, {208, 1504}, {0x4F, 0x21, 0x21, 0xFF}}},
	{{{-91, 72, -305}, 0, {-12, 199}, {0x5F, 0x2A, 0x2A, 0xFF}}},
	{{{-162, 217, -168}, 0, {-413, -616}, {0x00, 0x00, 0x00, 0xFF}}},
	{{{-74, 208, -226}, 0, {81, -567}, {0x2C, 0x10, 0x10, 0xFF}}},
	{{{-35, 123, -262}, 0, {304, -85}, {0x64, 0x2C, 0x2C, 0xFF}}},
	{{{23, 193, -224}, 0, {631, -479}, {0x63, 0x2B, 0x2B, 0xFF}}},
	{{{81, 43, -246}, 0, {958, 364}, {0x62, 0x2B, 0x2B, 0xFF}}},
	{{{47, -207, 30}, 0, {764, 824}, {0x33, 0x18, 0x01, 0xFF}}},
	{{{-175, -198, 185}, 0, {-488, 1700}, {0x26, 0x0A, 0x0A, 0xFF}}},
	{{{-245, -279, -132}, 0, {-882, -88}, {0x00, 0x00, 0x00, 0xFF}}},
	{{{-61, -260, -285}, 0, {155, -948}, {0x00, 0x00, 0x00, 0xFF}}},
	{{{239, -154, -159}, 0, {1847, -237}, {0xB6, 0x0A, 0x09, 0xFF}}},
	{{{-245, -279, -132}, 0, {1306, 2180}, {0x00, 0x00, 0x00, 0xFF}}},
	{{{-175, -198, 185}, 0, {-482, 1724}, {0x26, 0x0A, 0x0A, 0xFF}}},
	{{{-244, -182, 72}, 0, {154, 1634}, {0x08, 0x02, 0x02, 0xFF}}},
	{{{-270, -122, -14}, 0, {642, 1292}, {0x0A, 0x02, 0x02, 0xFF}}},
	{{{-270, -125, -143}, 0, {1364, 1310}, {0x00, 0x00, 0x00, 0xFF}}},
	{{{-238, -124, -239}, 0, {1911, 1304}, {0x00, 0x00, 0x00, 0xFF}}},
	{{{-288, 51, -141}, 0, {1357, 318}, {0x3E, 0x19, 0x19, 0xFF}}},
	{{{-286, 47, -339}, 0, {2469, 340}, {0x16, 0x05, 0x05, 0xFF}}},
	{{{-350, 122, -407}, 0, {2853, -80}, {0x5C, 0x28, 0x28, 0xFF}}},
	{{{-296, 206, -330}, 0, {2421, -556}, {0x63, 0x2C, 0x2C, 0xFF}}},
	{{{-225, 246, -240}, 0, {1913, -780}, {0x65, 0x2B, 0x2C, 0xFF}}},
	{{{-307, -35, -374}, 0, {2670, 805}, {0x00, 0x00, 0x00, 0xFF}}},
	{{{-314, -165, -400}, 0, {2817, 1538}, {0x03, 0x03, 0x03, 0xFF}}},
	{{{-362, -61, -4}, 0, {-1541, 950}, {0x4C, 0x20, 0x20, 0xFF}}},
	{{{-270, -122, -14}, 0, {-1021, 1292}, {0x0A, 0x02, 0x02, 0xFF}}},
	{{{-258, 7, 35}, 0, {-953, 568}, {0x61, 0x2B, 0x2B, 0xFF}}},
	{{{-355, 12, 23}, 0, {-1499, 539}, {0x5F, 0x2A, 0x2A, 0xFF}}},
	{{{-362, -61, -4}, 0, {-1541, 950}, {0x4C, 0x20, 0x20, 0xFF}}},
	{{{-355, 12, 23}, 0, {-1499, 539}, {0x5F, 0x2A, 0x2A, 0xFF}}},
	{{{-417, 14, -25}, 0, {-1852, 527}, {0x4E, 0x1F, 0x1F, 0xFF}}},
	{{{81, 43, -246}, 0, {1948, 364}, {0x62, 0x2B, 0x2B, 0xFF}}},
	{{{51, -87, -281}, 0, {2143, 1098}, {0x25, 0x0C, 0x0C, 0xFF}}},
	{{{70, -15, -363}, 0, {2605, 689}, {0x59, 0x26, 0x26, 0xFF}}},
	{{{86, 59, -343}, 0, {2491, 273}, {0x62, 0x2B, 0x2B, 0xFF}}},
	{{{50, 64, -413}, 0, {2885, 245}, {0x61, 0x2A, 0x2B, 0xFF}}},
	{{{-27, -116, 157}, 0, {350, 1539}, {0xFD, 0x8A, 0x0E, 0xFF}}},
	{{{163, -108, -16}, 0, {1420, 564}, {0xFF, 0x84, 0x00, 0xFF}}},
	{{{-53, -80, 48}, 0, {201, 926}, {0xDE, 0x7A, 0x25, 0xFF}}},
	{{{56, -75, -51}, 0, {815, 368}, {0xE2, 0x7C, 0x38, 0xFF}}},
	{{{223, -105, -131}, 0, {1759, -79}, {0xFA, 0x11, 0x10, 0xFF}}},
	{{{181, -164, -210}, 0, {1519, -528}, {0x2F, 0x11, 0x11, 0xFF}}},
	{{{43, -122, -102}, 0, {743, 83}, {0x31, 0x12, 0x13, 0xFF}}},
	{{{-100, -128, 28}, 0, {-63, 817}, {0x58, 0x20, 0x22, 0xFF}}},
	{{{-218, -182, 153}, 0, {-730, 1520}, {0x2E, 0x0F, 0x0F, 0xFF}}},
	{{{-146, -122, 206}, 0, {-322, 1816}, {0xE7, 0x32, 0x15, 0xFF}}},
};

Gfx arena_dl_Circle_005_mesh_layer_1_tri_0[] = {
	gsSPVertex(arena_dl_Circle_005_mesh_layer_1_vtx_0 + 0, 32, 0),
	gsSP2Triangles(0, 1, 2, 0, 3, 4, 5, 0),
	gsSP2Triangles(6, 7, 0, 0, 8, 9, 10, 0),
	gsSP2Triangles(11, 12, 13, 0, 14, 15, 16, 0),
	gsSP2Triangles(17, 18, 19, 0, 20, 21, 22, 0),
	gsSP2Triangles(23, 24, 25, 0, 26, 27, 28, 0),
	gsSP1Triangle(29, 30, 31, 0),
	gsSPVertex(arena_dl_Circle_005_mesh_layer_1_vtx_0 + 32, 30, 0),
	gsSP2Triangles(0, 1, 2, 0, 3, 4, 5, 0),
	gsSP2Triangles(6, 7, 8, 0, 9, 10, 11, 0),
	gsSP2Triangles(12, 13, 14, 0, 15, 16, 17, 0),
	gsSP2Triangles(18, 19, 20, 0, 21, 22, 23, 0),
	gsSP2Triangles(24, 25, 26, 0, 27, 28, 29, 0),
	gsSPVertex(arena_dl_Circle_005_mesh_layer_1_vtx_0 + 62, 32, 0),
	gsSP2Triangles(0, 1, 2, 0, 3, 4, 5, 0),
	gsSP2Triangles(3, 5, 6, 0, 6, 5, 7, 0),
	gsSP2Triangles(7, 5, 8, 0, 5, 9, 8, 0),
	gsSP2Triangles(9, 10, 8, 0, 10, 9, 11, 0),
	gsSP2Triangles(12, 10, 11, 0, 11, 13, 12, 0),
	gsSP2Triangles(11, 14, 13, 0, 13, 14, 15, 0),
	gsSP2Triangles(8, 16, 7, 0, 8, 12, 16, 0),
	gsSP2Triangles(7, 16, 17, 0, 17, 16, 18, 0),
	gsSP2Triangles(17, 6, 7, 0, 6, 17, 19, 0),
	gsSP2Triangles(6, 20, 3, 0, 21, 22, 23, 0),
	gsSP2Triangles(24, 21, 23, 0, 23, 25, 24, 0),
	gsSP2Triangles(25, 26, 24, 0, 26, 27, 24, 0),
	gsSP2Triangles(27, 28, 24, 0, 27, 29, 28, 0),
	gsSP2Triangles(27, 30, 29, 0, 28, 29, 31, 0),
	gsSPVertex(arena_dl_Circle_005_mesh_layer_1_vtx_0 + 94, 32, 0),
	gsSP2Triangles(0, 1, 2, 0, 2, 3, 4, 0),
	gsSP2Triangles(5, 3, 2, 0, 2, 6, 5, 0),
	gsSP2Triangles(4, 3, 7, 0, 8, 9, 10, 0),
	gsSP2Triangles(11, 9, 8, 0, 12, 13, 14, 0),
	gsSP2Triangles(15, 12, 14, 0, 16, 15, 14, 0),
	gsSP2Triangles(16, 14, 17, 0, 17, 14, 18, 0),
	gsSP2Triangles(19, 20, 21, 0, 20, 22, 21, 0),
	gsSP2Triangles(20, 23, 22, 0, 24, 23, 20, 0),
	gsSP2Triangles(25, 24, 20, 0, 26, 27, 28, 0),
	gsSP2Triangles(26, 28, 29, 0, 29, 30, 26, 0),
	gsSP1Triangle(26, 30, 31, 0),
	gsSPVertex(arena_dl_Circle_005_mesh_layer_1_vtx_0 + 126, 32, 0),
	gsSP2Triangles(0, 1, 2, 0, 3, 4, 5, 0),
	gsSP2Triangles(5, 6, 3, 0, 7, 8, 9, 0),
	gsSP2Triangles(10, 8, 7, 0, 11, 10, 7, 0),
	gsSP2Triangles(7, 12, 11, 0, 13, 14, 15, 0),
	gsSP2Triangles(16, 15, 14, 0, 14, 17, 16, 0),
	gsSP2Triangles(18, 19, 20, 0, 20, 19, 21, 0),
	gsSP2Triangles(22, 23, 24, 0, 22, 24, 25, 0),
	gsSP2Triangles(26, 27, 28, 0, 28, 27, 29, 0),
	gsSP2Triangles(29, 30, 28, 0, 30, 29, 31, 0),
	gsSPVertex(arena_dl_Circle_005_mesh_layer_1_vtx_0 + 158, 32, 0),
	gsSP2Triangles(0, 1, 2, 0, 3, 1, 0, 0),
	gsSP2Triangles(3, 4, 1, 0, 3, 5, 4, 0),
	gsSP2Triangles(6, 5, 3, 0, 4, 5, 7, 0),
	gsSP2Triangles(1, 4, 8, 0, 9, 10, 11, 0),
	gsSP2Triangles(9, 12, 10, 0, 13, 12, 9, 0),
	gsSP2Triangles(14, 15, 16, 0, 16, 15, 17, 0),
	gsSP2Triangles(18, 19, 20, 0, 21, 19, 18, 0),
	gsSP2Triangles(22, 21, 18, 0, 21, 22, 23, 0),
	gsSP2Triangles(22, 24, 23, 0, 21, 23, 25, 0),
	gsSP2Triangles(26, 7, 27, 0, 27, 28, 26, 0),
	gsSP2Triangles(8, 28, 27, 0, 29, 30, 31, 0),
	gsSPVertex(arena_dl_Circle_005_mesh_layer_1_vtx_0 + 190, 32, 0),
	gsSP2Triangles(0, 1, 2, 0, 2, 3, 0, 0),
	gsSP2Triangles(0, 3, 4, 0, 4, 1, 0, 0),
	gsSP2Triangles(5, 6, 7, 0, 7, 8, 5, 0),
	gsSP2Triangles(9, 5, 8, 0, 5, 9, 10, 0),
	gsSP2Triangles(10, 11, 5, 0, 12, 13, 14, 0),
	gsSP2Triangles(13, 15, 14, 0, 13, 16, 15, 0),
	gsSP2Triangles(17, 16, 13, 0, 18, 16, 17, 0),
	gsSP2Triangles(18, 17, 19, 0, 20, 19, 17, 0),
	gsSP2Triangles(6, 20, 17, 0, 19, 21, 18, 0),
	gsSP2Triangles(21, 19, 22, 0, 16, 18, 21, 0),
	gsSP2Triangles(23, 16, 21, 0, 24, 23, 21, 0),
	gsSP2Triangles(25, 23, 24, 0, 25, 24, 26, 0),
	gsSP2Triangles(27, 28, 29, 0, 29, 28, 30, 0),
	gsSP1Triangle(28, 31, 30, 0),
	gsSPVertex(arena_dl_Circle_005_mesh_layer_1_vtx_0 + 222, 32, 0),
	gsSP2Triangles(0, 1, 2, 0, 0, 3, 1, 0),
	gsSP2Triangles(2, 1, 4, 0, 5, 6, 0, 0),
	gsSP2Triangles(5, 7, 6, 0, 8, 7, 5, 0),
	gsSP2Triangles(9, 10, 11, 0, 11, 12, 9, 0),
	gsSP2Triangles(12, 13, 9, 0, 12, 14, 13, 0),
	gsSP2Triangles(12, 15, 14, 0, 16, 14, 15, 0),
	gsSP2Triangles(16, 15, 17, 0, 16, 18, 14, 0),
	gsSP2Triangles(9, 13, 19, 0, 19, 20, 9, 0),
	gsSP2Triangles(20, 19, 21, 0, 19, 22, 21, 0),
	gsSP2Triangles(23, 20, 21, 0, 24, 25, 26, 0),
	gsSP2Triangles(27, 25, 24, 0, 27, 24, 28, 0),
	gsSP2Triangles(29, 27, 28, 0, 30, 27, 29, 0),
	gsSP1Triangle(30, 31, 27, 0),
	gsSPVertex(arena_dl_Circle_005_mesh_layer_1_vtx_0 + 254, 32, 0),
	gsSP2Triangles(0, 1, 2, 0, 3, 0, 4, 0),
	gsSP2Triangles(5, 6, 7, 0, 7, 8, 5, 0),
	gsSP2Triangles(7, 9, 8, 0, 10, 11, 12, 0),
	gsSP2Triangles(10, 12, 13, 0, 14, 10, 13, 0),
	gsSP2Triangles(14, 13, 15, 0, 16, 14, 15, 0),
	gsSP2Triangles(16, 17, 14, 0, 16, 18, 17, 0),
	gsSP2Triangles(17, 18, 19, 0, 19, 20, 17, 0),
	gsSP2Triangles(17, 20, 21, 0, 17, 21, 22, 0),
	gsSP2Triangles(22, 23, 17, 0, 23, 14, 17, 0),
	gsSP2Triangles(23, 10, 14, 0, 24, 25, 26, 0),
	gsSP2Triangles(25, 24, 27, 0, 28, 27, 24, 0),
	gsSP2Triangles(24, 29, 28, 0, 25, 27, 30, 0),
	gsSP1Triangle(30, 31, 25, 0),
	gsSPVertex(arena_dl_Circle_005_mesh_layer_1_vtx_0 + 286, 32, 0),
	gsSP2Triangles(0, 1, 2, 0, 2, 1, 3, 0),
	gsSP2Triangles(4, 3, 1, 0, 5, 6, 7, 0),
	gsSP2Triangles(8, 6, 5, 0, 5, 9, 8, 0),
	gsSP2Triangles(9, 10, 8, 0, 8, 11, 6, 0),
	gsSP2Triangles(8, 12, 11, 0, 12, 8, 13, 0),
	gsSP2Triangles(14, 12, 13, 0, 15, 12, 14, 0),
	gsSP2Triangles(16, 12, 15, 0, 16, 17, 12, 0),
	gsSP2Triangles(11, 12, 17, 0, 17, 6, 11, 0),
	gsSP2Triangles(17, 18, 6, 0, 18, 19, 6, 0),
	gsSP2Triangles(20, 21, 22, 0, 21, 23, 22, 0),
	gsSP2Triangles(23, 21, 24, 0, 24, 25, 23, 0),
	gsSP2Triangles(26, 25, 24, 0, 25, 26, 27, 0),
	gsSP2Triangles(28, 29, 30, 0, 28, 31, 29, 0),
	gsSPVertex(arena_dl_Circle_005_mesh_layer_1_vtx_0 + 318, 32, 0),
	gsSP2Triangles(0, 1, 2, 0, 2, 1, 3, 0),
	gsSP2Triangles(4, 5, 6, 0, 6, 7, 4, 0),
	gsSP2Triangles(6, 8, 7, 0, 9, 8, 6, 0),
	gsSP2Triangles(10, 8, 9, 0, 11, 10, 9, 0),
	gsSP2Triangles(11, 9, 12, 0, 12, 13, 11, 0),
	gsSP2Triangles(11, 13, 14, 0, 14, 10, 11, 0),
	gsSP2Triangles(14, 15, 10, 0, 16, 15, 14, 0),
	gsSP2Triangles(14, 17, 16, 0, 14, 18, 17, 0),
	gsSP2Triangles(19, 15, 16, 0, 19, 16, 20, 0),
	gsSP2Triangles(20, 16, 21, 0, 16, 22, 21, 0),
	gsSP2Triangles(20, 23, 19, 0, 19, 23, 24, 0),
	gsSP2Triangles(19, 24, 25, 0, 26, 27, 28, 0),
	gsSP2Triangles(28, 27, 29, 0, 28, 29, 30, 0),
	gsSP1Triangle(30, 31, 28, 0),
	gsSPVertex(arena_dl_Circle_005_mesh_layer_1_vtx_0 + 350, 32, 0),
	gsSP2Triangles(0, 1, 2, 0, 3, 0, 2, 0),
	gsSP2Triangles(4, 5, 6, 0, 4, 6, 7, 0),
	gsSP2Triangles(7, 6, 8, 0, 8, 9, 7, 0),
	gsSP2Triangles(10, 11, 12, 0, 12, 13, 10, 0),
	gsSP2Triangles(13, 14, 10, 0, 15, 16, 17, 0),
	gsSP2Triangles(15, 17, 18, 0, 15, 18, 19, 0),
	gsSP2Triangles(15, 19, 20, 0, 20, 19, 21, 0),
	gsSP2Triangles(21, 22, 20, 0, 21, 23, 22, 0),
	gsSP2Triangles(23, 21, 24, 0, 21, 25, 24, 0),
	gsSP2Triangles(22, 26, 20, 0, 26, 27, 20, 0),
	gsSP2Triangles(28, 29, 30, 0, 30, 31, 28, 0),
	gsSPVertex(arena_dl_Circle_005_mesh_layer_1_vtx_0 + 382, 18, 0),
	gsSP2Triangles(0, 1, 2, 0, 3, 4, 5, 0),
	gsSP2Triangles(5, 6, 3, 0, 5, 7, 6, 0),
	gsSP2Triangles(8, 9, 10, 0, 9, 11, 10, 0),
	gsSP2Triangles(9, 12, 11, 0, 12, 13, 11, 0),
	gsSP2Triangles(11, 13, 14, 0, 10, 11, 14, 0),
	gsSP2Triangles(10, 14, 15, 0, 15, 16, 10, 0),
	gsSP2Triangles(10, 16, 17, 0, 17, 8, 10, 0),
	gsSPEndDisplayList(),
};

Vtx arena_dl_Cube_mesh_layer_1_vtx_cull[8] = {
	{{{-1355, -297, 1355}, 0, {0, 0}, {0x00, 0x00, 0x00, 0x00}}},
	{{{-1355, 233, 1355}, 0, {0, 0}, {0x00, 0x00, 0x00, 0x00}}},
	{{{-1355, 233, -1355}, 0, {0, 0}, {0x00, 0x00, 0x00, 0x00}}},
	{{{-1355, -297, -1355}, 0, {0, 0}, {0x00, 0x00, 0x00, 0x00}}},
	{{{1355, -297, 1355}, 0, {0, 0}, {0x00, 0x00, 0x00, 0x00}}},
	{{{1355, 233, 1355}, 0, {0, 0}, {0x00, 0x00, 0x00, 0x00}}},
	{{{1355, 233, -1355}, 0, {0, 0}, {0x00, 0x00, 0x00, 0x00}}},
	{{{1355, -297, -1355}, 0, {0, 0}, {0x00, 0x00, 0x00, 0x00}}},
};

Vtx arena_dl_Cube_mesh_layer_1_vtx_0[142] = {
	{{{-1355, 33, 0}, 0, {-3367, 241}, {0x00, 0x00, 0x00, 0x00}}},
	{{{-1355, 233, 0}, 0, {-3367, -516}, {0x6E, 0x2A, 0x20, 0x00}}},
	{{{-985, 233, -985}, 0, {-5674, -516}, {0x6E, 0x2A, 0x1D, 0x00}}},
	{{{-985, 33, -985}, 0, {-5674, 241}, {0x00, 0x00, 0x00, 0x00}}},
	{{{-1355, -297, 0}, 0, {-3367, 1486}, {0x00, 0x00, 0x00, 0x00}}},
	{{{-985, -297, -985}, 0, {-5674, 1486}, {0x00, 0x00, 0x00, 0x00}}},
	{{{0, 33, -1355}, 0, {-7981, 241}, {0x00, 0x00, 0x00, 0x00}}},
	{{{0, 233, -1355}, 0, {-7981, -516}, {0x6E, 0x2A, 0x1D, 0x00}}},
	{{{-985, 233, -985}, 0, {-5674, -516}, {0x6E, 0x2A, 0x1D, 0x00}}},
	{{{0, -297, -1355}, 0, {-7981, 1486}, {0x26, 0x09, 0x05, 0x00}}},
	{{{-985, -297, 985}, 0, {-1060, 1486}, {0x00, 0x00, 0x00, 0x00}}},
	{{{-985, 33, 985}, 0, {-1060, 241}, {0x00, 0x00, 0x00, 0x00}}},
	{{{0, -297, 1355}, 0, {1247, 1486}, {0x00, 0x00, 0x00, 0x00}}},
	{{{0, 33, 1355}, 0, {1247, 241}, {0x00, 0x00, 0x00, 0x00}}},
	{{{985, -297, 985}, 0, {3554, 1486}, {0x00, 0x00, 0x00, 0x00}}},
	{{{985, 33, 985}, 0, {3554, 241}, {0x00, 0x00, 0x00, 0x00}}},
	{{{1355, -297, 0}, 0, {5861, 1486}, {0x00, 0x00, 0x00, 0x00}}},
	{{{1355, 33, 0}, 0, {5861, 241}, {0x00, 0x00, 0x00, 0x00}}},
	{{{985, -297, -985}, 0, {8168, 1486}, {0x03, 0x01, 0x01, 0x00}}},
	{{{985, 33, -985}, 0, {8168, 241}, {0x00, 0x00, 0x00, 0x00}}},
	{{{0, -297, -1355}, 0, {10475, 1486}, {0x26, 0x09, 0x05, 0x00}}},
	{{{0, 33, -1355}, 0, {10475, 241}, {0x00, 0x00, 0x00, 0x00}}},
	{{{985, 233, -985}, 0, {8168, -516}, {0x6E, 0x2A, 0x1D, 0x00}}},
	{{{0, 233, -1355}, 0, {10475, -516}, {0x6E, 0x2A, 0x1D, 0x00}}},
	{{{1355, 233, 0}, 0, {5861, -516}, {0x6E, 0x2A, 0x1D, 0x00}}},
	{{{985, 233, -985}, 0, {8168, -516}, {0x6E, 0x2A, 0x1D, 0x00}}},
	{{{-1355, 233, 0}, 0, {-3367, -516}, {0x6E, 0x2B, 0x21, 0x00}}},
	{{{-985, 233, 985}, 0, {-1060, -516}, {0x6E, 0x2A, 0x1D, 0x00}}},
	{{{0, 233, 1355}, 0, {1247, -516}, {0x6E, 0x2A, 0x1D, 0x00}}},
	{{{1355, 233, 0}, 0, {5861, -516}, {0x6E, 0x2A, 0x1D, 0x00}}},
	{{{985, 233, 985}, 0, {3554, -516}, {0x6E, 0x2A, 0x1E, 0x00}}},
	{{{985, 33, 985}, 0, {3554, 241}, {0x00, 0x00, 0x00, 0x00}}},
	{{{985, 233, 985}, 0, {3554, -516}, {0x6E, 0x2A, 0x1E, 0x00}}},
	{{{0, 233, 1355}, 0, {1247, -516}, {0x6E, 0x2A, 0x1D, 0x00}}},
	{{{0, 33, 1355}, 0, {1247, 241}, {0x00, 0x00, 0x00, 0x00}}},
	{{{-1163, 124, 0}, 0, {-3367, -103}, {0xFA, 0x5C, 0x08, 0x00}}},
	{{{-850, 233, -850}, 0, {-5674, -516}, {0xFF, 0x74, 0x00, 0x00}}},
	{{{-1163, 233, 0}, 0, {-3367, -516}, {0xF4, 0x6F, 0x11, 0x00}}},
	{{{-850, 124, -850}, 0, {-5674, -103}, {0xFD, 0x5F, 0x06, 0x00}}},
	{{{-1163, 33, 0}, 0, {-3367, 241}, {0xFF, 0x41, 0x00, 0x00}}},
	{{{-850, 33, 850}, 0, {-1060, 241}, {0xFF, 0x39, 0x00, 0x00}}},
	{{{-850, 124, 850}, 0, {-1060, -103}, {0xFE, 0x5F, 0x01, 0x00}}},
	{{{-1163, 233, 0}, 0, {-3367, -516}, {0xF4, 0x6F, 0x11, 0x00}}},
	{{{-850, 233, 850}, 0, {-1060, -516}, {0xFF, 0x74, 0x01, 0x00}}},
	{{{0, 124, 1163}, 0, {1247, -103}, {0xFF, 0x5F, 0x01, 0x00}}},
	{{{0, 233, 1163}, 0, {1247, -516}, {0xFF, 0x74, 0x02, 0x00}}},
	{{{0, 33, 1163}, 0, {1247, 241}, {0xFF, 0x39, 0x00, 0x00}}},
	{{{0, -297, 1163}, 0, {1247, 1486}, {0x00, 0x00, 0x00, 0x00}}},
	{{{850, -297, 850}, 0, {3554, 1486}, {0x00, 0x00, 0x00, 0x00}}},
	{{{850, 33, 850}, 0, {3554, 241}, {0xFF, 0x39, 0x00, 0x00}}},
	{{{850, 124, 850}, 0, {3554, -103}, {0xFF, 0x5F, 0x02, 0x00}}},
	{{{0, 233, 1163}, 0, {1247, -516}, {0xFF, 0x74, 0x02, 0x00}}},
	{{{850, 233, 850}, 0, {3554, -516}, {0xFE, 0x74, 0x04, 0x00}}},
	{{{1163, 33, 0}, 0, {5861, 241}, {0xFF, 0x39, 0x00, 0x00}}},
	{{{1163, -297, 0}, 0, {5861, 1486}, {0x00, 0x00, 0x00, 0x00}}},
	{{{850, -297, -850}, 0, {8168, 1486}, {0x7B, 0x47, 0x57, 0x00}}},
	{{{850, 33, -850}, 0, {8168, 241}, {0xFF, 0x39, 0x00, 0x00}}},
	{{{1163, 124, 0}, 0, {5861, -103}, {0xFF, 0x5F, 0x00, 0x00}}},
	{{{850, 233, 850}, 0, {3554, -516}, {0xFE, 0x74, 0x04, 0x00}}},
	{{{1163, 233, 0}, 0, {5861, -516}, {0xFF, 0x74, 0x01, 0x00}}},
	{{{850, 124, -850}, 0, {8168, -103}, {0xFF, 0x7B, 0x00, 0x00}}},
	{{{1163, 233, 0}, 0, {5861, -516}, {0xFF, 0x74, 0x01, 0x00}}},
	{{{850, 233, -850}, 0, {8168, -516}, {0xFF, 0x74, 0x01, 0x00}}},
	{{{0, 33, -1163}, 0, {10475, 241}, {0xFF, 0x39, 0x00, 0x00}}},
	{{{850, 33, -850}, 0, {8168, 241}, {0xFF, 0x39, 0x00, 0x00}}},
	{{{850, 124, -850}, 0, {8168, -103}, {0xFF, 0x7B, 0x00, 0x00}}},
	{{{0, -297, -1163}, 0, {10475, 1486}, {0x47, 0x18, 0x0F, 0x00}}},
	{{{850, -297, -850}, 0, {8168, 1486}, {0x7B, 0x47, 0x57, 0x00}}},
	{{{0, 124, -1163}, 0, {10475, -103}, {0xFF, 0x7C, 0x00, 0x00}}},
	{{{850, 233, -850}, 0, {8168, -516}, {0xFF, 0x74, 0x01, 0x00}}},
	{{{0, 233, -1163}, 0, {10475, -516}, {0xFE, 0x74, 0x05, 0x00}}},
	{{{1163, -297, 0}, 0, {5861, 1486}, {0x00, 0x00, 0x00, 0x00}}},
	{{{850, -297, 850}, 0, {3554, 1486}, {0x00, 0x00, 0x00, 0x00}}},
	{{{850, 33, 850}, 0, {3554, 241}, {0xFF, 0x39, 0x00, 0x00}}},
	{{{-850, -297, -850}, 0, {-5674, 1486}, {0x00, 0x00, 0x00, 0x00}}},
	{{{0, -297, -1163}, 0, {-7981, 1486}, {0x47, 0x18, 0x0F, 0x00}}},
	{{{0, 33, -1163}, 0, {-7981, 241}, {0xFF, 0x39, 0x00, 0x00}}},
	{{{-850, 33, -850}, 0, {-5674, 241}, {0xFF, 0x57, 0x00, 0x00}}},
	{{{0, 124, -1163}, 0, {-7981, -103}, {0xFF, 0x7C, 0x00, 0x00}}},
	{{{-850, 124, -850}, 0, {-5674, -103}, {0xFD, 0x5F, 0x06, 0x00}}},
	{{{0, 233, -1163}, 0, {-7981, -516}, {0xFE, 0x74, 0x05, 0x00}}},
	{{{-850, 233, -850}, 0, {-5674, -516}, {0xFF, 0x74, 0x00, 0x00}}},
	{{{-1163, 33, 0}, 0, {-3367, 241}, {0xFF, 0x41, 0x00, 0x00}}},
	{{{-1163, -297, 0}, 0, {-3367, 1486}, {0x92, 0x23, 0x33, 0x00}}},
	{{{-850, -297, 850}, 0, {-1060, 1486}, {0x00, 0x00, 0x00, 0x00}}},
	{{{-850, 33, 850}, 0, {-1060, 241}, {0xFF, 0x39, 0x00, 0x00}}},
	{{{0, -297, 1163}, 0, {1247, 1486}, {0x00, 0x00, 0x00, 0x00}}},
	{{{-1355, -297, 0}, 0, {-609, 880}, {0x00, 0x00, 0x00, 0x00}}},
	{{{-985, -297, -985}, 0, {-609, -1012}, {0x00, 0x00, 0x00, 0x00}}},
	{{{-850, -297, -850}, 0, {-609, -1012}, {0x00, 0x00, 0x00, 0x00}}},
	{{{-1163, -297, 0}, 0, {-609, 880}, {0x92, 0x23, 0x33, 0x00}}},
	{{{-985, -297, 985}, 0, {-609, 2772}, {0x00, 0x00, 0x00, 0x00}}},
	{{{-850, -297, 850}, 0, {-609, 2772}, {0x00, 0x00, 0x00, 0x00}}},
	{{{-1355, 233, 0}, 0, {-2601, 256}, {0x6E, 0x2B, 0x21, 0x00}}},
	{{{-850, 233, 850}, 0, {-1550, 2241}, {0xFF, 0x74, 0x01, 0x00}}},
	{{{-1163, 233, 0}, 0, {-2202, 256}, {0xF4, 0x6F, 0x11, 0x00}}},
	{{{-985, 233, 985}, 0, {-1833, 2558}, {0x6E, 0x2A, 0x1D, 0x00}}},
	{{{0, 233, 1163}, 0, {217, 2973}, {0xFF, 0x74, 0x02, 0x00}}},
	{{{0, 233, 1355}, 0, {217, 3422}, {0x6E, 0x2A, 0x1D, 0x00}}},
	{{{-985, 233, -985}, 0, {-1833, -2047}, {0x6E, 0x2A, 0x1D, 0x00}}},
	{{{-1355, 233, 0}, 0, {-2601, 256}, {0x6E, 0x2A, 0x20, 0x00}}},
	{{{-1163, 233, 0}, 0, {-2202, 256}, {0xF4, 0x6F, 0x11, 0x00}}},
	{{{-850, 233, -850}, 0, {-1550, -1730}, {0xFF, 0x74, 0x00, 0x00}}},
	{{{0, -297, -1355}, 0, {-609, 624}, {0x26, 0x09, 0x05, 0x00}}},
	{{{985, -297, -985}, 0, {-609, -1268}, {0x03, 0x01, 0x01, 0x00}}},
	{{{850, -297, -850}, 0, {-609, -1268}, {0x7B, 0x47, 0x57, 0x00}}},
	{{{0, -297, -1163}, 0, {-609, 624}, {0x47, 0x18, 0x0F, 0x00}}},
	{{{-985, -297, -985}, 0, {-609, 2516}, {0x00, 0x00, 0x00, 0x00}}},
	{{{-850, -297, -850}, 0, {-609, 2516}, {0x00, 0x00, 0x00, 0x00}}},
	{{{0, 233, -1355}, 0, {217, -2910}, {0x6E, 0x2A, 0x1D, 0x00}}},
	{{{-985, 233, -985}, 0, {-1833, -2047}, {0x6E, 0x2A, 0x1D, 0x00}}},
	{{{-850, 233, -850}, 0, {-1550, -1730}, {0xFF, 0x74, 0x00, 0x00}}},
	{{{0, 233, -1163}, 0, {217, -2462}, {0xFE, 0x74, 0x05, 0x00}}},
	{{{985, 233, -985}, 0, {2266, -2047}, {0x6E, 0x2A, 0x1D, 0x00}}},
	{{{0, 233, -1163}, 0, {217, -2462}, {0xFE, 0x74, 0x05, 0x00}}},
	{{{850, 233, -850}, 0, {1984, -1730}, {0xFF, 0x74, 0x01, 0x00}}},
	{{{1355, -297, 0}, 0, {-609, 368}, {0x00, 0x00, 0x00, 0x00}}},
	{{{985, -297, 985}, 0, {-609, -1524}, {0x00, 0x00, 0x00, 0x00}}},
	{{{850, -297, 850}, 0, {-609, -1524}, {0x00, 0x00, 0x00, 0x00}}},
	{{{1163, -297, 0}, 0, {-609, 368}, {0x00, 0x00, 0x00, 0x00}}},
	{{{985, -297, -985}, 0, {-609, 2260}, {0x03, 0x01, 0x01, 0x00}}},
	{{{850, -297, -850}, 0, {-609, 2260}, {0x7B, 0x47, 0x57, 0x00}}},
	{{{1355, 233, 0}, 0, {3035, 256}, {0x6E, 0x2A, 0x1D, 0x00}}},
	{{{985, 233, -985}, 0, {2266, -2047}, {0x6E, 0x2A, 0x1D, 0x00}}},
	{{{850, 233, -850}, 0, {1984, -1730}, {0xFF, 0x74, 0x01, 0x00}}},
	{{{1355, 233, 0}, 0, {3035, 256}, {0x6E, 0x2A, 0x1D, 0x00}}},
	{{{850, 233, -850}, 0, {1984, -1730}, {0xFF, 0x74, 0x01, 0x00}}},
	{{{1163, 233, 0}, 0, {2635, 256}, {0xFF, 0x74, 0x01, 0x00}}},
	{{{985, 233, 985}, 0, {2266, 2558}, {0x6E, 0x2A, 0x1E, 0x00}}},
	{{{1355, 233, 0}, 0, {3035, 256}, {0x6E, 0x2A, 0x1D, 0x00}}},
	{{{1163, 233, 0}, 0, {2635, 256}, {0xFF, 0x74, 0x01, 0x00}}},
	{{{850, 233, 850}, 0, {1984, 2241}, {0xFE, 0x74, 0x04, 0x00}}},
	{{{0, -297, 1355}, 0, {-609, 112}, {0x00, 0x00, 0x00, 0x00}}},
	{{{-985, -297, 985}, 0, {-609, -1780}, {0x00, 0x00, 0x00, 0x00}}},
	{{{-850, -297, 850}, 0, {-609, -1780}, {0x00, 0x00, 0x00, 0x00}}},
	{{{0, -297, 1163}, 0, {-609, 112}, {0x00, 0x00, 0x00, 0x00}}},
	{{{985, -297, 985}, 0, {-609, 2004}, {0x00, 0x00, 0x00, 0x00}}},
	{{{850, -297, 850}, 0, {-609, 2004}, {0x00, 0x00, 0x00, 0x00}}},
	{{{0, 233, 1355}, 0, {217, 3422}, {0x6E, 0x2A, 0x1D, 0x00}}},
	{{{985, 233, 985}, 0, {2266, 2558}, {0x6E, 0x2A, 0x1E, 0x00}}},
	{{{850, 233, 850}, 0, {1984, 2241}, {0xFE, 0x74, 0x04, 0x00}}},
	{{{0, 233, 1163}, 0, {217, 2973}, {0xFF, 0x74, 0x02, 0x00}}},
};

Gfx arena_dl_Cube_mesh_layer_1_tri_0[] = {
	gsSPVertex(arena_dl_Cube_mesh_layer_1_vtx_0 + 0, 31, 0),
	gsSP2Triangles(0, 1, 2, 0, 0, 2, 3, 0),
	gsSP2Triangles(4, 0, 3, 0, 4, 3, 5, 0),
	gsSP2Triangles(5, 3, 6, 0, 3, 7, 6, 0),
	gsSP2Triangles(3, 8, 7, 0, 5, 6, 9, 0),
	gsSP2Triangles(10, 0, 4, 0, 10, 11, 0, 0),
	gsSP2Triangles(12, 11, 10, 0, 12, 13, 11, 0),
	gsSP2Triangles(14, 13, 12, 0, 14, 15, 13, 0),
	gsSP2Triangles(16, 15, 14, 0, 16, 17, 15, 0),
	gsSP2Triangles(18, 17, 16, 0, 18, 19, 17, 0),
	gsSP2Triangles(20, 19, 18, 0, 20, 21, 19, 0),
	gsSP2Triangles(21, 22, 19, 0, 21, 23, 22, 0),
	gsSP2Triangles(19, 24, 17, 0, 19, 25, 24, 0),
	gsSP2Triangles(11, 26, 0, 0, 11, 27, 26, 0),
	gsSP2Triangles(13, 27, 11, 0, 13, 28, 27, 0),
	gsSP2Triangles(17, 29, 30, 0, 17, 30, 15, 0),
	gsSPVertex(arena_dl_Cube_mesh_layer_1_vtx_0 + 31, 32, 0),
	gsSP2Triangles(0, 1, 2, 0, 0, 2, 3, 0),
	gsSP2Triangles(4, 5, 6, 0, 4, 7, 5, 0),
	gsSP2Triangles(8, 7, 4, 0, 9, 8, 4, 0),
	gsSP2Triangles(9, 4, 10, 0, 10, 4, 11, 0),
	gsSP2Triangles(10, 11, 12, 0, 13, 10, 12, 0),
	gsSP2Triangles(13, 12, 14, 0, 15, 10, 13, 0),
	gsSP2Triangles(15, 9, 10, 0, 16, 9, 15, 0),
	gsSP2Triangles(17, 16, 15, 0, 17, 15, 18, 0),
	gsSP2Triangles(18, 15, 13, 0, 18, 13, 19, 0),
	gsSP2Triangles(19, 13, 20, 0, 19, 20, 21, 0),
	gsSP2Triangles(22, 18, 19, 0, 23, 18, 22, 0),
	gsSP2Triangles(24, 23, 22, 0, 24, 22, 25, 0),
	gsSP2Triangles(25, 22, 26, 0, 22, 19, 26, 0),
	gsSP2Triangles(26, 19, 27, 0, 26, 27, 28, 0),
	gsSP2Triangles(25, 26, 29, 0, 29, 26, 30, 0),
	gsSP1Triangle(29, 30, 31, 0),
	gsSPVertex(arena_dl_Cube_mesh_layer_1_vtx_0 + 63, 30, 0),
	gsSP2Triangles(0, 1, 2, 0, 3, 1, 0, 0),
	gsSP2Triangles(3, 4, 1, 0, 0, 2, 5, 0),
	gsSP2Triangles(5, 2, 6, 0, 5, 6, 7, 0),
	gsSP2Triangles(8, 9, 10, 0, 11, 12, 13, 0),
	gsSP2Triangles(11, 13, 14, 0, 14, 13, 15, 0),
	gsSP2Triangles(14, 15, 16, 0, 16, 15, 17, 0),
	gsSP2Triangles(16, 17, 18, 0, 19, 14, 16, 0),
	gsSP2Triangles(20, 14, 19, 0, 21, 20, 19, 0),
	gsSP2Triangles(21, 19, 22, 0, 23, 21, 22, 0),
	gsSP2Triangles(20, 11, 14, 0, 24, 25, 26, 0),
	gsSP2Triangles(24, 26, 27, 0, 28, 24, 27, 0),
	gsSP1Triangle(28, 27, 29, 0),
	gsSPVertex(arena_dl_Cube_mesh_layer_1_vtx_0 + 93, 32, 0),
	gsSP2Triangles(0, 1, 2, 0, 0, 3, 1, 0),
	gsSP2Triangles(3, 4, 1, 0, 3, 5, 4, 0),
	gsSP2Triangles(6, 7, 8, 0, 6, 8, 9, 0),
	gsSP2Triangles(10, 11, 12, 0, 10, 12, 13, 0),
	gsSP2Triangles(14, 10, 13, 0, 14, 13, 15, 0),
	gsSP2Triangles(16, 17, 18, 0, 16, 18, 19, 0),
	gsSP2Triangles(20, 16, 21, 0, 20, 21, 22, 0),
	gsSP2Triangles(23, 24, 25, 0, 23, 25, 26, 0),
	gsSP2Triangles(27, 23, 26, 0, 27, 26, 28, 0),
	gsSP1Triangle(29, 30, 31, 0),
	gsSPVertex(arena_dl_Cube_mesh_layer_1_vtx_0 + 125, 17, 0),
	gsSP2Triangles(0, 1, 2, 0, 3, 4, 5, 0),
	gsSP2Triangles(3, 5, 6, 0, 7, 8, 9, 0),
	gsSP2Triangles(7, 9, 10, 0, 11, 7, 10, 0),
	gsSP2Triangles(11, 10, 12, 0, 13, 14, 15, 0),
	gsSP1Triangle(13, 15, 16, 0),
	gsSPEndDisplayList(),
};

Vtx arena_dl_Cube_001_mesh_layer_1_vtx_cull[8] = {
	{{{-1207, -106, 1207}, 0, {0, 0}, {0x00, 0x00, 0x00, 0x00}}},
	{{{-1207, 415, 1207}, 0, {0, 0}, {0x00, 0x00, 0x00, 0x00}}},
	{{{-1207, 415, -1207}, 0, {0, 0}, {0x00, 0x00, 0x00, 0x00}}},
	{{{-1207, -106, -1207}, 0, {0, 0}, {0x00, 0x00, 0x00, 0x00}}},
	{{{1207, -106, 1207}, 0, {0, 0}, {0x00, 0x00, 0x00, 0x00}}},
	{{{1207, 415, 1207}, 0, {0, 0}, {0x00, 0x00, 0x00, 0x00}}},
	{{{1207, 415, -1207}, 0, {0, 0}, {0x00, 0x00, 0x00, 0x00}}},
	{{{1207, -106, -1207}, 0, {0, 0}, {0x00, 0x00, 0x00, 0x00}}},
};

Vtx arena_dl_Cube_001_mesh_layer_1_vtx_0[17] = {
	{{{0, 415, -1207}, 0, {532, -2242}, {0x53, 0x05, 0x3D, 0x00}}},
	{{{0, -106, -1207}, 0, {532, -2242}, {0x82, 0x14, 0x23, 0x00}}},
	{{{-877, -106, -877}, 0, {-1418, -1511}, {0x9A, 0x1F, 0x2F, 0x00}}},
	{{{877, 415, -877}, 0, {2482, -1511}, {0x53, 0x05, 0x3D, 0x00}}},
	{{{0, 415, 0}, 0, {532, 439}, {0xFF, 0xFF, 0xFF, 0x00}}},
	{{{-877, 415, -877}, 0, {-1418, -1511}, {0x53, 0x05, 0x3D, 0x00}}},
	{{{-1207, -106, 0}, 0, {-2150, 439}, {0x9D, 0x4C, 0x62, 0x00}}},
	{{{0, -106, 1207}, 0, {532, 3121}, {0xA5, 0x44, 0x56, 0x00}}},
	{{{1207, -106, 0}, 0, {3213, 439}, {0xA3, 0x50, 0x65, 0x00}}},
	{{{877, -106, -877}, 0, {2482, -1511}, {0x70, 0x1B, 0x3D, 0x00}}},
	{{{1207, 415, 0}, 0, {3213, 439}, {0x53, 0x05, 0x3D, 0x00}}},
	{{{877, 415, 877}, 0, {2482, 2390}, {0x53, 0x05, 0x3D, 0x00}}},
	{{{0, 415, 1207}, 0, {532, 3121}, {0x53, 0x05, 0x3D, 0x00}}},
	{{{-877, 415, 877}, 0, {-1418, 2390}, {0x53, 0x05, 0x3D, 0x00}}},
	{{{-1207, 415, 0}, 0, {-2150, 439}, {0x53, 0x05, 0x3D, 0x00}}},
	{{{-877, -106, 877}, 0, {-1418, 2390}, {0xB8, 0x74, 0x8E, 0x00}}},
	{{{877, -106, 877}, 0, {2482, 2390}, {0xB7, 0x73, 0x8D, 0x00}}},
};

Gfx arena_dl_Cube_001_mesh_layer_1_tri_0[] = {
	gsSPVertex(arena_dl_Cube_001_mesh_layer_1_vtx_0 + 0, 17, 0),
	gsSP2Triangles(0, 1, 2, 0, 3, 1, 0, 0),
	gsSP2Triangles(3, 0, 4, 0, 5, 4, 0, 0),
	gsSP2Triangles(0, 2, 5, 0, 5, 2, 6, 0),
	gsSP2Triangles(6, 2, 1, 0, 7, 6, 1, 0),
	gsSP2Triangles(1, 8, 7, 0, 1, 9, 8, 0),
	gsSP2Triangles(3, 9, 1, 0, 10, 9, 3, 0),
	gsSP2Triangles(10, 3, 4, 0, 11, 10, 4, 0),
	gsSP2Triangles(12, 11, 4, 0, 13, 12, 4, 0),
	gsSP2Triangles(14, 13, 4, 0, 14, 4, 5, 0),
	gsSP2Triangles(5, 6, 14, 0, 14, 6, 15, 0),
	gsSP2Triangles(7, 15, 6, 0, 13, 15, 7, 0),
	gsSP2Triangles(13, 7, 12, 0, 12, 7, 16, 0),
	gsSP2Triangles(8, 16, 7, 0, 11, 16, 8, 0),
	gsSP2Triangles(11, 8, 10, 0, 10, 8, 9, 0),
	gsSP2Triangles(12, 16, 11, 0, 14, 15, 13, 0),
	gsSPEndDisplayList(),
};

Vtx arena_dl_Cube_002_mesh_layer_1_vtx_cull[8] = {
	{{{-115, -56, 115}, 0, {0, 0}, {0x00, 0x00, 0x00, 0x00}}},
	{{{-115, 64, 115}, 0, {0, 0}, {0x00, 0x00, 0x00, 0x00}}},
	{{{-115, 64, -115}, 0, {0, 0}, {0x00, 0x00, 0x00, 0x00}}},
	{{{-115, -56, -115}, 0, {0, 0}, {0x00, 0x00, 0x00, 0x00}}},
	{{{115, -56, 115}, 0, {0, 0}, {0x00, 0x00, 0x00, 0x00}}},
	{{{115, 64, 115}, 0, {0, 0}, {0x00, 0x00, 0x00, 0x00}}},
	{{{115, 64, -115}, 0, {0, 0}, {0x00, 0x00, 0x00, 0x00}}},
	{{{115, -56, -115}, 0, {0, 0}, {0x00, 0x00, 0x00, 0x00}}},
};

Vtx arena_dl_Cube_002_mesh_layer_1_vtx_0[110] = {
	{{{-60, -56, -60}, 0, {112, 496}, {0x00, 0x00, 0x00, 0xFF}}},
	{{{0, -56, -83}, 0, {240, 496}, {0x00, 0x00, 0x00, 0xFF}}},
	{{{60, -56, -60}, 0, {368, 496}, {0x00, 0x00, 0x00, 0xFF}}},
	{{{60, -56, 60}, 0, {368, 240}, {0x00, 0x00, 0x00, 0xFF}}},
	{{{83, -56, 0}, 0, {368, 368}, {0x00, 0x00, 0x00, 0xFF}}},
	{{{92, 2, 0}, 0, {556, 368}, {0x5C, 0x10, 0x1A, 0xFF}}},
	{{{67, 2, -67}, 0, {556, 496}, {0x41, 0x0A, 0x1B, 0xFF}}},
	{{{0, -56, -83}, 0, {368, 624}, {0x00, 0x00, 0x00, 0xFF}}},
	{{{0, 2, -92}, 0, {556, 624}, {0x26, 0x04, 0x11, 0xFF}}},
	{{{-60, -56, -60}, 0, {368, 752}, {0x00, 0x00, 0x00, 0xFF}}},
	{{{-67, 2, -67}, 0, {556, 752}, {0x32, 0x06, 0x12, 0xFF}}},
	{{{-83, -56, 0}, 0, {368, 880}, {0x11, 0x01, 0x03, 0xFF}}},
	{{{-92, 2, 0}, 0, {556, 880}, {0x46, 0x0A, 0x12, 0xFF}}},
	{{{-60, -56, 60}, 0, {368, 1008}, {0x02, 0x00, 0x00, 0xFF}}},
	{{{-67, 2, 67}, 0, {556, 1008}, {0x68, 0x14, 0x1B, 0xFF}}},
	{{{-95, 23, 0}, 0, {624, 880}, {0x3D, 0x06, 0x15, 0xFF}}},
	{{{-69, 23, 69}, 0, {624, 1008}, {0x3E, 0x0D, 0x12, 0xFF}}},
	{{{-80, 23, 80}, 0, {624, 1008}, {0x42, 0x0F, 0x13, 0xFF}}},
	{{{-111, 23, 0}, 0, {624, 880}, {0x4E, 0x0A, 0x1C, 0xFF}}},
	{{{-83, 64, 83}, 0, {624, 1008}, {0x83, 0x1C, 0x24, 0xFF}}},
	{{{-115, 64, 0}, 0, {624, 880}, {0x63, 0x12, 0x1B, 0xFF}}},
	{{{-80, 23, -80}, 0, {624, 752}, {0x4E, 0x0D, 0x1B, 0xFF}}},
	{{{-83, 64, -83}, 0, {624, 752}, {0x49, 0x0B, 0x1B, 0xFF}}},
	{{{0, 23, -111}, 0, {624, 624}, {0x2B, 0x08, 0x19, 0xFF}}},
	{{{0, 64, -115}, 0, {624, 624}, {0x33, 0x07, 0x16, 0xFF}}},
	{{{80, 23, -80}, 0, {624, 496}, {0x41, 0x0F, 0x17, 0xFF}}},
	{{{83, 64, -83}, 0, {624, 496}, {0x4C, 0x0C, 0x14, 0xFF}}},
	{{{111, 23, 0}, 0, {624, 368}, {0x58, 0x0D, 0x20, 0xFF}}},
	{{{115, 64, 0}, 0, {624, 368}, {0x78, 0x18, 0x23, 0xFF}}},
	{{{60, 64, -60}, 0, {666, 454}, {0x40, 0x0E, 0x13, 0xFF}}},
	{{{0, 64, -82}, 0, {752, 469}, {0x41, 0x0F, 0x16, 0xFF}}},
	{{{0, 64, -115}, 0, {752, 496}, {0x33, 0x07, 0x16, 0xFF}}},
	{{{-60, 64, -60}, 0, {838, 454}, {0x43, 0x0F, 0x14, 0xFF}}},
	{{{0, 64, -82}, 0, {752, 469}, {0x41, 0x0F, 0x16, 0xFF}}},
	{{{0, 64, -115}, 0, {752, 496}, {0x33, 0x07, 0x16, 0xFF}}},
	{{{-83, 64, -83}, 0, {880, 496}, {0x49, 0x0B, 0x1B, 0xFF}}},
	{{{-82, 64, 0}, 0, {853, 368}, {0x43, 0x0F, 0x13, 0xFF}}},
	{{{-115, 64, 0}, 0, {880, 368}, {0x63, 0x12, 0x1B, 0xFF}}},
	{{{-60, 64, 60}, 0, {838, 282}, {0x40, 0x0E, 0x12, 0xFF}}},
	{{{-83, 64, 83}, 0, {880, 240}, {0x83, 0x1C, 0x24, 0xFF}}},
	{{{0, 64, 82}, 0, {752, 267}, {0x44, 0x0F, 0x14, 0xFF}}},
	{{{0, 64, 115}, 0, {752, 240}, {0x9C, 0x23, 0x2D, 0xFF}}},
	{{{60, 64, 60}, 0, {666, 282}, {0x43, 0x0F, 0x13, 0xFF}}},
	{{{83, 64, 83}, 0, {624, 240}, {0x9C, 0x23, 0x2D, 0xFF}}},
	{{{82, 64, 0}, 0, {651, 368}, {0x43, 0x0F, 0x13, 0xFF}}},
	{{{115, 64, 0}, 0, {624, 368}, {0x78, 0x18, 0x23, 0xFF}}},
	{{{80, 23, 80}, 0, {624, 240}, {0x43, 0x0F, 0x13, 0xFF}}},
	{{{0, 23, 111}, 0, {624, 112}, {0x43, 0x0F, 0x13, 0xFF}}},
	{{{0, 64, 115}, 0, {624, 112}, {0x9C, 0x23, 0x2D, 0xFF}}},
	{{{-80, 23, 80}, 0, {624, -16}, {0x42, 0x0F, 0x13, 0xFF}}},
	{{{-83, 64, 83}, 0, {624, -16}, {0x83, 0x1C, 0x24, 0xFF}}},
	{{{-69, 23, 69}, 0, {624, -16}, {0x3E, 0x0D, 0x12, 0xFF}}},
	{{{0, 23, 95}, 0, {624, 112}, {0x43, 0x0F, 0x13, 0xFF}}},
	{{{0, 2, 92}, 0, {556, 112}, {0x8C, 0x1F, 0x28, 0xFF}}},
	{{{-67, 2, 67}, 0, {556, -16}, {0x68, 0x14, 0x1B, 0xFF}}},
	{{{0, -56, 83}, 0, {368, 112}, {0x19, 0x03, 0x04, 0xFF}}},
	{{{-60, -56, 60}, 0, {368, -16}, {0x02, 0x00, 0x00, 0xFF}}},
	{{{60, -56, 60}, 0, {368, 240}, {0x00, 0x00, 0x00, 0xFF}}},
	{{{67, 2, 67}, 0, {556, 240}, {0x88, 0x1E, 0x27, 0xFF}}},
	{{{83, -56, 0}, 0, {368, 368}, {0x00, 0x00, 0x00, 0xFF}}},
	{{{92, 2, 0}, 0, {556, 368}, {0x5C, 0x10, 0x1A, 0xFF}}},
	{{{69, 23, 69}, 0, {624, 240}, {0x43, 0x0F, 0x13, 0xFF}}},
	{{{95, 23, 0}, 0, {624, 368}, {0x4A, 0x0D, 0x19, 0xFF}}},
	{{{67, 2, -67}, 0, {556, 496}, {0x41, 0x0A, 0x1B, 0xFF}}},
	{{{67, 2, -67}, 0, {556, 496}, {0x41, 0x0A, 0x1B, 0xFF}}},
	{{{69, 23, -69}, 0, {624, 496}, {0x38, 0x0C, 0x1B, 0xFF}}},
	{{{95, 23, 0}, 0, {624, 368}, {0x4A, 0x0D, 0x19, 0xFF}}},
	{{{0, 2, -92}, 0, {556, 624}, {0x26, 0x04, 0x11, 0xFF}}},
	{{{0, 23, -95}, 0, {624, 624}, {0x29, 0x08, 0x18, 0xFF}}},
	{{{-67, 2, -67}, 0, {556, 752}, {0x32, 0x06, 0x12, 0xFF}}},
	{{{-69, 23, -69}, 0, {624, 752}, {0x47, 0x0B, 0x18, 0xFF}}},
	{{{-92, 2, 0}, 0, {556, 880}, {0x46, 0x0A, 0x12, 0xFF}}},
	{{{-95, 23, 0}, 0, {624, 880}, {0x3D, 0x06, 0x15, 0xFF}}},
	{{{-111, 23, 0}, 0, {624, 880}, {0x4E, 0x0A, 0x1C, 0xFF}}},
	{{{-80, 23, -80}, 0, {624, 752}, {0x4E, 0x0D, 0x1B, 0xFF}}},
	{{{0, 23, -111}, 0, {624, 624}, {0x2B, 0x08, 0x19, 0xFF}}},
	{{{80, 23, -80}, 0, {624, 496}, {0x41, 0x0F, 0x17, 0xFF}}},
	{{{111, 23, 0}, 0, {624, 368}, {0x58, 0x0D, 0x20, 0xFF}}},
	{{{69, 23, 69}, 0, {624, 240}, {0x43, 0x0F, 0x13, 0xFF}}},
	{{{80, 23, 80}, 0, {624, 240}, {0x43, 0x0F, 0x13, 0xFF}}},
	{{{115, 64, 0}, 0, {624, 368}, {0x78, 0x18, 0x23, 0xFF}}},
	{{{0, 23, 95}, 0, {624, 112}, {0x43, 0x0F, 0x13, 0xFF}}},
	{{{67, 2, 67}, 0, {556, 240}, {0x88, 0x1E, 0x27, 0xFF}}},
	{{{0, 2, 92}, 0, {556, 112}, {0x8C, 0x1F, 0x28, 0xFF}}},
	{{{0, 23, 111}, 0, {624, 112}, {0x43, 0x0F, 0x13, 0xFF}}},
	{{{60, -56, 60}, 0, {368, 240}, {0x00, 0x00, 0x00, 0xFF}}},
	{{{0, -56, 83}, 0, {240, 240}, {0x19, 0x03, 0x04, 0xFF}}},
	{{{-60, -56, 60}, 0, {112, 240}, {0x02, 0x00, 0x00, 0xFF}}},
	{{{-60, -56, -60}, 0, {112, 496}, {0x00, 0x00, 0x00, 0xFF}}},
	{{{-83, -56, 0}, 0, {112, 368}, {0x11, 0x01, 0x03, 0xFF}}},
	{{{60, 64, -60}, 0, {666, 454}, {0x40, 0x0E, 0x13, 0xFF}}},
	{{{82, 64, 0}, 0, {651, 368}, {0x43, 0x0F, 0x13, 0xFF}}},
	{{{60, 50, -60}, 0, {666, 454}, {0x00, 0x00, 0x00, 0xFF}}},
	{{{0, 50, -82}, 0, {752, 469}, {0x00, 0x00, 0x00, 0xFF}}},
	{{{0, 64, -82}, 0, {752, 469}, {0x41, 0x0F, 0x16, 0xFF}}},
	{{{-60, 50, -60}, 0, {838, 454}, {0x00, 0x00, 0x00, 0xFF}}},
	{{{0, 64, -82}, 0, {752, 469}, {0x41, 0x0F, 0x16, 0xFF}}},
	{{{-60, 64, -60}, 0, {838, 454}, {0x43, 0x0F, 0x14, 0xFF}}},
	{{{-60, 50, -60}, 0, {838, 454}, {0x00, 0x00, 0x00, 0xFF}}},
	{{{-82, 50, 0}, 0, {853, 368}, {0x00, 0x00, 0x00, 0xFF}}},
	{{{-82, 64, 0}, 0, {853, 368}, {0x43, 0x0F, 0x13, 0xFF}}},
	{{{-60, 50, 60}, 0, {838, 282}, {0x19, 0x02, 0x03, 0xFF}}},
	{{{-60, 64, 60}, 0, {838, 282}, {0x40, 0x0E, 0x12, 0xFF}}},
	{{{0, 50, 82}, 0, {752, 267}, {0x00, 0x00, 0x00, 0xFF}}},
	{{{0, 64, 82}, 0, {752, 267}, {0x44, 0x0F, 0x14, 0xFF}}},
	{{{60, 50, 60}, 0, {666, 282}, {0x00, 0x00, 0x00, 0xFF}}},
	{{{60, 64, 60}, 0, {666, 282}, {0x43, 0x0F, 0x13, 0xFF}}},
	{{{82, 50, 0}, 0, {651, 368}, {0x00, 0x00, 0x00, 0xFF}}},
	{{{82, 64, 0}, 0, {651, 368}, {0x43, 0x0F, 0x13, 0xFF}}},
	{{{60, 50, -60}, 0, {666, 454}, {0x00, 0x00, 0x00, 0xFF}}},
};

Gfx arena_dl_Cube_002_mesh_layer_1_tri_0[] = {
	gsSPVertex(arena_dl_Cube_002_mesh_layer_1_vtx_0 + 0, 32, 0),
	gsSP2Triangles(0, 1, 2, 0, 0, 2, 3, 0),
	gsSP2Triangles(2, 4, 3, 0, 2, 5, 4, 0),
	gsSP2Triangles(2, 6, 5, 0, 7, 6, 2, 0),
	gsSP2Triangles(7, 8, 6, 0, 9, 8, 7, 0),
	gsSP2Triangles(9, 10, 8, 0, 11, 10, 9, 0),
	gsSP2Triangles(11, 12, 10, 0, 13, 12, 11, 0),
	gsSP2Triangles(13, 14, 12, 0, 14, 15, 12, 0),
	gsSP2Triangles(14, 16, 15, 0, 15, 16, 17, 0),
	gsSP2Triangles(15, 17, 18, 0, 18, 17, 19, 0),
	gsSP2Triangles(18, 19, 20, 0, 21, 18, 20, 0),
	gsSP2Triangles(21, 20, 22, 0, 23, 21, 22, 0),
	gsSP2Triangles(23, 22, 24, 0, 25, 23, 24, 0),
	gsSP2Triangles(25, 24, 26, 0, 27, 25, 26, 0),
	gsSP2Triangles(27, 26, 28, 0, 29, 28, 26, 0),
	gsSP2Triangles(30, 29, 26, 0, 30, 26, 31, 0),
	gsSPVertex(arena_dl_Cube_002_mesh_layer_1_vtx_0 + 32, 32, 0),
	gsSP2Triangles(0, 1, 2, 0, 0, 2, 3, 0),
	gsSP2Triangles(4, 0, 3, 0, 4, 3, 5, 0),
	gsSP2Triangles(6, 4, 5, 0, 6, 5, 7, 0),
	gsSP2Triangles(8, 6, 7, 0, 8, 7, 9, 0),
	gsSP2Triangles(10, 8, 9, 0, 10, 9, 11, 0),
	gsSP2Triangles(12, 10, 11, 0, 12, 11, 13, 0),
	gsSP2Triangles(14, 13, 11, 0, 15, 14, 11, 0),
	gsSP2Triangles(15, 11, 16, 0, 17, 15, 16, 0),
	gsSP2Triangles(17, 16, 18, 0, 19, 15, 17, 0),
	gsSP2Triangles(19, 20, 15, 0, 21, 20, 19, 0),
	gsSP2Triangles(21, 19, 22, 0, 23, 21, 22, 0),
	gsSP2Triangles(23, 22, 24, 0, 25, 21, 23, 0),
	gsSP2Triangles(25, 26, 21, 0, 27, 26, 25, 0),
	gsSP2Triangles(27, 28, 26, 0, 28, 29, 26, 0),
	gsSP2Triangles(28, 30, 29, 0, 31, 30, 28, 0),
	gsSPVertex(arena_dl_Cube_002_mesh_layer_1_vtx_0 + 64, 32, 0),
	gsSP2Triangles(0, 1, 2, 0, 3, 1, 0, 0),
	gsSP2Triangles(3, 4, 1, 0, 5, 4, 3, 0),
	gsSP2Triangles(5, 6, 4, 0, 7, 6, 5, 0),
	gsSP2Triangles(7, 8, 6, 0, 6, 8, 9, 0),
	gsSP2Triangles(6, 9, 10, 0, 4, 6, 10, 0),
	gsSP2Triangles(4, 10, 11, 0, 1, 4, 11, 0),
	gsSP2Triangles(1, 11, 12, 0, 2, 1, 12, 0),
	gsSP2Triangles(2, 12, 13, 0, 14, 2, 13, 0),
	gsSP2Triangles(14, 13, 15, 0, 15, 13, 16, 0),
	gsSP2Triangles(17, 14, 15, 0, 18, 14, 17, 0),
	gsSP2Triangles(18, 17, 19, 0, 17, 15, 20, 0),
	gsSP2Triangles(21, 22, 23, 0, 21, 23, 24, 0),
	gsSP2Triangles(23, 25, 24, 0, 26, 27, 16, 0),
	gsSP2Triangles(27, 26, 28, 0, 26, 29, 28, 0),
	gsSP2Triangles(26, 30, 29, 0, 30, 31, 29, 0),
	gsSPVertex(arena_dl_Cube_002_mesh_layer_1_vtx_0 + 96, 14, 0),
	gsSP2Triangles(0, 1, 2, 0, 1, 3, 2, 0),
	gsSP2Triangles(1, 4, 3, 0, 4, 5, 3, 0),
	gsSP2Triangles(4, 6, 5, 0, 6, 7, 5, 0),
	gsSP2Triangles(6, 8, 7, 0, 8, 9, 7, 0),
	gsSP2Triangles(8, 10, 9, 0, 10, 11, 9, 0),
	gsSP2Triangles(10, 12, 11, 0, 12, 13, 11, 0),
	gsSPEndDisplayList(),
};

Vtx arena_dl_Cube_002_mesh_layer_1_vtx_1[9] = {
	{{{0, 50, 0}, 0, {563, 488}, {0x57, 0x13, 0x16, 0xFF}}},
	{{{-82, 50, 0}, 0, {141, 488}, {0x00, 0x00, 0x00, 0xFF}}},
	{{{-60, 50, 60}, 0, {257, 794}, {0x19, 0x02, 0x03, 0xFF}}},
	{{{-60, 50, -60}, 0, {257, 182}, {0x00, 0x00, 0x00, 0xFF}}},
	{{{0, 50, -82}, 0, {563, 65}, {0x00, 0x00, 0x00, 0xFF}}},
	{{{60, 50, -60}, 0, {869, 182}, {0x00, 0x00, 0x00, 0xFF}}},
	{{{82, 50, 0}, 0, {986, 488}, {0x00, 0x00, 0x00, 0xFF}}},
	{{{60, 50, 60}, 0, {869, 794}, {0x00, 0x00, 0x00, 0xFF}}},
	{{{0, 50, 82}, 0, {563, 910}, {0x00, 0x00, 0x00, 0xFF}}},
};

Gfx arena_dl_Cube_002_mesh_layer_1_tri_1[] = {
	gsSPVertex(arena_dl_Cube_002_mesh_layer_1_vtx_1 + 0, 9, 0),
	gsSP2Triangles(0, 1, 2, 0, 3, 1, 0, 0),
	gsSP2Triangles(4, 3, 0, 0, 5, 4, 0, 0),
	gsSP2Triangles(6, 5, 0, 0, 6, 0, 7, 0),
	gsSP2Triangles(0, 8, 7, 0, 8, 0, 2, 0),
	gsSPEndDisplayList(),
};

Vtx arena_dl_Cube_003_mesh_layer_1_vtx_cull[8] = {
	{{{-115, -56, 115}, 0, {0, 0}, {0x00, 0x00, 0x00, 0x00}}},
	{{{-115, 64, 115}, 0, {0, 0}, {0x00, 0x00, 0x00, 0x00}}},
	{{{-115, 64, -115}, 0, {0, 0}, {0x00, 0x00, 0x00, 0x00}}},
	{{{-115, -56, -115}, 0, {0, 0}, {0x00, 0x00, 0x00, 0x00}}},
	{{{115, -56, 115}, 0, {0, 0}, {0x00, 0x00, 0x00, 0x00}}},
	{{{115, 64, 115}, 0, {0, 0}, {0x00, 0x00, 0x00, 0x00}}},
	{{{115, 64, -115}, 0, {0, 0}, {0x00, 0x00, 0x00, 0x00}}},
	{{{115, -56, -115}, 0, {0, 0}, {0x00, 0x00, 0x00, 0x00}}},
};

Vtx arena_dl_Cube_003_mesh_layer_1_vtx_0[110] = {
	{{{-60, -56, -60}, 0, {112, 496}, {0x00, 0x00, 0x00, 0xFF}}},
	{{{0, -56, -83}, 0, {240, 496}, {0x00, 0x00, 0x00, 0xFF}}},
	{{{60, -56, -60}, 0, {368, 496}, {0x00, 0x00, 0x00, 0xFF}}},
	{{{60, -56, 60}, 0, {368, 240}, {0x00, 0x00, 0x00, 0xFF}}},
	{{{83, -56, 0}, 0, {368, 368}, {0x00, 0x00, 0x00, 0xFF}}},
	{{{92, 2, 0}, 0, {556, 368}, {0x5C, 0x10, 0x1A, 0xFF}}},
	{{{67, 2, -67}, 0, {556, 496}, {0x41, 0x0A, 0x1B, 0xFF}}},
	{{{0, -56, -83}, 0, {368, 624}, {0x00, 0x00, 0x00, 0xFF}}},
	{{{0, 2, -92}, 0, {556, 624}, {0x26, 0x04, 0x11, 0xFF}}},
	{{{-60, -56, -60}, 0, {368, 752}, {0x00, 0x00, 0x00, 0xFF}}},
	{{{-67, 2, -67}, 0, {556, 752}, {0x32, 0x06, 0x12, 0xFF}}},
	{{{-83, -56, 0}, 0, {368, 880}, {0x11, 0x01, 0x03, 0xFF}}},
	{{{-92, 2, 0}, 0, {556, 880}, {0x46, 0x0A, 0x12, 0xFF}}},
	{{{-60, -56, 60}, 0, {368, 1008}, {0x02, 0x00, 0x00, 0xFF}}},
	{{{-67, 2, 67}, 0, {556, 1008}, {0x68, 0x14, 0x1B, 0xFF}}},
	{{{-95, 23, 0}, 0, {624, 880}, {0x3D, 0x06, 0x15, 0xFF}}},
	{{{-69, 23, 69}, 0, {624, 1008}, {0x3E, 0x0D, 0x12, 0xFF}}},
	{{{-80, 23, 80}, 0, {624, 1008}, {0x42, 0x0F, 0x13, 0xFF}}},
	{{{-111, 23, 0}, 0, {624, 880}, {0x4E, 0x0A, 0x1C, 0xFF}}},
	{{{-83, 64, 83}, 0, {624, 1008}, {0x83, 0x1C, 0x24, 0xFF}}},
	{{{-115, 64, 0}, 0, {624, 880}, {0x63, 0x12, 0x1B, 0xFF}}},
	{{{-80, 23, -80}, 0, {624, 752}, {0x4E, 0x0D, 0x1B, 0xFF}}},
	{{{-83, 64, -83}, 0, {624, 752}, {0x49, 0x0B, 0x1B, 0xFF}}},
	{{{0, 23, -111}, 0, {624, 624}, {0x2B, 0x08, 0x19, 0xFF}}},
	{{{0, 64, -115}, 0, {624, 624}, {0x33, 0x07, 0x16, 0xFF}}},
	{{{80, 23, -80}, 0, {624, 496}, {0x41, 0x0F, 0x17, 0xFF}}},
	{{{83, 64, -83}, 0, {624, 496}, {0x4C, 0x0C, 0x14, 0xFF}}},
	{{{111, 23, 0}, 0, {624, 368}, {0x58, 0x0D, 0x20, 0xFF}}},
	{{{115, 64, 0}, 0, {624, 368}, {0x78, 0x18, 0x23, 0xFF}}},
	{{{60, 64, -60}, 0, {666, 454}, {0x40, 0x0E, 0x13, 0xFF}}},
	{{{0, 64, -82}, 0, {752, 469}, {0x41, 0x0F, 0x16, 0xFF}}},
	{{{0, 64, -115}, 0, {752, 496}, {0x33, 0x07, 0x16, 0xFF}}},
	{{{-60, 64, -60}, 0, {838, 454}, {0x43, 0x0F, 0x14, 0xFF}}},
	{{{0, 64, -82}, 0, {752, 469}, {0x41, 0x0F, 0x16, 0xFF}}},
	{{{0, 64, -115}, 0, {752, 496}, {0x33, 0x07, 0x16, 0xFF}}},
	{{{-83, 64, -83}, 0, {880, 496}, {0x49, 0x0B, 0x1B, 0xFF}}},
	{{{-82, 64, 0}, 0, {853, 368}, {0x43, 0x0F, 0x13, 0xFF}}},
	{{{-115, 64, 0}, 0, {880, 368}, {0x63, 0x12, 0x1B, 0xFF}}},
	{{{-60, 64, 60}, 0, {838, 282}, {0x40, 0x0E, 0x12, 0xFF}}},
	{{{-83, 64, 83}, 0, {880, 240}, {0x83, 0x1C, 0x24, 0xFF}}},
	{{{0, 64, 82}, 0, {752, 267}, {0x44, 0x0F, 0x14, 0xFF}}},
	{{{0, 64, 115}, 0, {752, 240}, {0x9C, 0x23, 0x2D, 0xFF}}},
	{{{60, 64, 60}, 0, {666, 282}, {0x43, 0x0F, 0x13, 0xFF}}},
	{{{83, 64, 83}, 0, {624, 240}, {0x9C, 0x23, 0x2D, 0xFF}}},
	{{{82, 64, 0}, 0, {651, 368}, {0x43, 0x0F, 0x13, 0xFF}}},
	{{{115, 64, 0}, 0, {624, 368}, {0x78, 0x18, 0x23, 0xFF}}},
	{{{80, 23, 80}, 0, {624, 240}, {0x43, 0x0F, 0x13, 0xFF}}},
	{{{0, 23, 111}, 0, {624, 112}, {0x43, 0x0F, 0x13, 0xFF}}},
	{{{0, 64, 115}, 0, {624, 112}, {0x9C, 0x23, 0x2D, 0xFF}}},
	{{{-80, 23, 80}, 0, {624, -16}, {0x42, 0x0F, 0x13, 0xFF}}},
	{{{-83, 64, 83}, 0, {624, -16}, {0x83, 0x1C, 0x24, 0xFF}}},
	{{{-69, 23, 69}, 0, {624, -16}, {0x3E, 0x0D, 0x12, 0xFF}}},
	{{{0, 23, 95}, 0, {624, 112}, {0x43, 0x0F, 0x13, 0xFF}}},
	{{{0, 2, 92}, 0, {556, 112}, {0x8C, 0x1F, 0x28, 0xFF}}},
	{{{-67, 2, 67}, 0, {556, -16}, {0x68, 0x14, 0x1B, 0xFF}}},
	{{{0, -56, 83}, 0, {368, 112}, {0x19, 0x03, 0x04, 0xFF}}},
	{{{-60, -56, 60}, 0, {368, -16}, {0x02, 0x00, 0x00, 0xFF}}},
	{{{60, -56, 60}, 0, {368, 240}, {0x00, 0x00, 0x00, 0xFF}}},
	{{{67, 2, 67}, 0, {556, 240}, {0x88, 0x1E, 0x27, 0xFF}}},
	{{{83, -56, 0}, 0, {368, 368}, {0x00, 0x00, 0x00, 0xFF}}},
	{{{92, 2, 0}, 0, {556, 368}, {0x5C, 0x10, 0x1A, 0xFF}}},
	{{{69, 23, 69}, 0, {624, 240}, {0x43, 0x0F, 0x13, 0xFF}}},
	{{{95, 23, 0}, 0, {624, 368}, {0x4A, 0x0D, 0x19, 0xFF}}},
	{{{67, 2, -67}, 0, {556, 496}, {0x41, 0x0A, 0x1B, 0xFF}}},
	{{{67, 2, -67}, 0, {556, 496}, {0x41, 0x0A, 0x1B, 0xFF}}},
	{{{69, 23, -69}, 0, {624, 496}, {0x38, 0x0C, 0x1B, 0xFF}}},
	{{{95, 23, 0}, 0, {624, 368}, {0x4A, 0x0D, 0x19, 0xFF}}},
	{{{0, 2, -92}, 0, {556, 624}, {0x26, 0x04, 0x11, 0xFF}}},
	{{{0, 23, -95}, 0, {624, 624}, {0x29, 0x08, 0x18, 0xFF}}},
	{{{-67, 2, -67}, 0, {556, 752}, {0x32, 0x06, 0x12, 0xFF}}},
	{{{-69, 23, -69}, 0, {624, 752}, {0x47, 0x0B, 0x18, 0xFF}}},
	{{{-92, 2, 0}, 0, {556, 880}, {0x46, 0x0A, 0x12, 0xFF}}},
	{{{-95, 23, 0}, 0, {624, 880}, {0x3D, 0x06, 0x15, 0xFF}}},
	{{{-111, 23, 0}, 0, {624, 880}, {0x4E, 0x0A, 0x1C, 0xFF}}},
	{{{-80, 23, -80}, 0, {624, 752}, {0x4E, 0x0D, 0x1B, 0xFF}}},
	{{{0, 23, -111}, 0, {624, 624}, {0x2B, 0x08, 0x19, 0xFF}}},
	{{{80, 23, -80}, 0, {624, 496}, {0x41, 0x0F, 0x17, 0xFF}}},
	{{{111, 23, 0}, 0, {624, 368}, {0x58, 0x0D, 0x20, 0xFF}}},
	{{{69, 23, 69}, 0, {624, 240}, {0x43, 0x0F, 0x13, 0xFF}}},
	{{{80, 23, 80}, 0, {624, 240}, {0x43, 0x0F, 0x13, 0xFF}}},
	{{{115, 64, 0}, 0, {624, 368}, {0x78, 0x18, 0x23, 0xFF}}},
	{{{0, 23, 95}, 0, {624, 112}, {0x43, 0x0F, 0x13, 0xFF}}},
	{{{67, 2, 67}, 0, {556, 240}, {0x88, 0x1E, 0x27, 0xFF}}},
	{{{0, 2, 92}, 0, {556, 112}, {0x8C, 0x1F, 0x28, 0xFF}}},
	{{{0, 23, 111}, 0, {624, 112}, {0x43, 0x0F, 0x13, 0xFF}}},
	{{{60, -56, 60}, 0, {368, 240}, {0x00, 0x00, 0x00, 0xFF}}},
	{{{0, -56, 83}, 0, {240, 240}, {0x19, 0x03, 0x04, 0xFF}}},
	{{{-60, -56, 60}, 0, {112, 240}, {0x02, 0x00, 0x00, 0xFF}}},
	{{{-60, -56, -60}, 0, {112, 496}, {0x00, 0x00, 0x00, 0xFF}}},
	{{{-83, -56, 0}, 0, {112, 368}, {0x11, 0x01, 0x03, 0xFF}}},
	{{{60, 64, -60}, 0, {666, 454}, {0x40, 0x0E, 0x13, 0xFF}}},
	{{{82, 64, 0}, 0, {651, 368}, {0x43, 0x0F, 0x13, 0xFF}}},
	{{{60, 50, -60}, 0, {666, 454}, {0x00, 0x00, 0x00, 0xFF}}},
	{{{0, 50, -82}, 0, {752, 469}, {0x00, 0x00, 0x00, 0xFF}}},
	{{{0, 64, -82}, 0, {752, 469}, {0x41, 0x0F, 0x16, 0xFF}}},
	{{{-60, 50, -60}, 0, {838, 454}, {0x00, 0x00, 0x00, 0xFF}}},
	{{{0, 64, -82}, 0, {752, 469}, {0x41, 0x0F, 0x16, 0xFF}}},
	{{{-60, 64, -60}, 0, {838, 454}, {0x43, 0x0F, 0x14, 0xFF}}},
	{{{-60, 50, -60}, 0, {838, 454}, {0x00, 0x00, 0x00, 0xFF}}},
	{{{-82, 50, 0}, 0, {853, 368}, {0x00, 0x00, 0x00, 0xFF}}},
	{{{-82, 64, 0}, 0, {853, 368}, {0x43, 0x0F, 0x13, 0xFF}}},
	{{{-60, 50, 60}, 0, {838, 282}, {0x19, 0x02, 0x03, 0xFF}}},
	{{{-60, 64, 60}, 0, {838, 282}, {0x40, 0x0E, 0x12, 0xFF}}},
	{{{0, 50, 82}, 0, {752, 267}, {0x00, 0x00, 0x00, 0xFF}}},
	{{{0, 64, 82}, 0, {752, 267}, {0x44, 0x0F, 0x14, 0xFF}}},
	{{{60, 50, 60}, 0, {666, 282}, {0x00, 0x00, 0x00, 0xFF}}},
	{{{60, 64, 60}, 0, {666, 282}, {0x43, 0x0F, 0x13, 0xFF}}},
	{{{82, 50, 0}, 0, {651, 368}, {0x00, 0x00, 0x00, 0xFF}}},
	{{{82, 64, 0}, 0, {651, 368}, {0x43, 0x0F, 0x13, 0xFF}}},
	{{{60, 50, -60}, 0, {666, 454}, {0x00, 0x00, 0x00, 0xFF}}},
};

Gfx arena_dl_Cube_003_mesh_layer_1_tri_0[] = {
	gsSPVertex(arena_dl_Cube_003_mesh_layer_1_vtx_0 + 0, 32, 0),
	gsSP2Triangles(0, 1, 2, 0, 0, 2, 3, 0),
	gsSP2Triangles(2, 4, 3, 0, 2, 5, 4, 0),
	gsSP2Triangles(2, 6, 5, 0, 7, 6, 2, 0),
	gsSP2Triangles(7, 8, 6, 0, 9, 8, 7, 0),
	gsSP2Triangles(9, 10, 8, 0, 11, 10, 9, 0),
	gsSP2Triangles(11, 12, 10, 0, 13, 12, 11, 0),
	gsSP2Triangles(13, 14, 12, 0, 14, 15, 12, 0),
	gsSP2Triangles(14, 16, 15, 0, 15, 16, 17, 0),
	gsSP2Triangles(15, 17, 18, 0, 18, 17, 19, 0),
	gsSP2Triangles(18, 19, 20, 0, 21, 18, 20, 0),
	gsSP2Triangles(21, 20, 22, 0, 23, 21, 22, 0),
	gsSP2Triangles(23, 22, 24, 0, 25, 23, 24, 0),
	gsSP2Triangles(25, 24, 26, 0, 27, 25, 26, 0),
	gsSP2Triangles(27, 26, 28, 0, 29, 28, 26, 0),
	gsSP2Triangles(30, 29, 26, 0, 30, 26, 31, 0),
	gsSPVertex(arena_dl_Cube_003_mesh_layer_1_vtx_0 + 32, 32, 0),
	gsSP2Triangles(0, 1, 2, 0, 0, 2, 3, 0),
	gsSP2Triangles(4, 0, 3, 0, 4, 3, 5, 0),
	gsSP2Triangles(6, 4, 5, 0, 6, 5, 7, 0),
	gsSP2Triangles(8, 6, 7, 0, 8, 7, 9, 0),
	gsSP2Triangles(10, 8, 9, 0, 10, 9, 11, 0),
	gsSP2Triangles(12, 10, 11, 0, 12, 11, 13, 0),
	gsSP2Triangles(14, 13, 11, 0, 15, 14, 11, 0),
	gsSP2Triangles(15, 11, 16, 0, 17, 15, 16, 0),
	gsSP2Triangles(17, 16, 18, 0, 19, 15, 17, 0),
	gsSP2Triangles(19, 20, 15, 0, 21, 20, 19, 0),
	gsSP2Triangles(21, 19, 22, 0, 23, 21, 22, 0),
	gsSP2Triangles(23, 22, 24, 0, 25, 21, 23, 0),
	gsSP2Triangles(25, 26, 21, 0, 27, 26, 25, 0),
	gsSP2Triangles(27, 28, 26, 0, 28, 29, 26, 0),
	gsSP2Triangles(28, 30, 29, 0, 31, 30, 28, 0),
	gsSPVertex(arena_dl_Cube_003_mesh_layer_1_vtx_0 + 64, 32, 0),
	gsSP2Triangles(0, 1, 2, 0, 3, 1, 0, 0),
	gsSP2Triangles(3, 4, 1, 0, 5, 4, 3, 0),
	gsSP2Triangles(5, 6, 4, 0, 7, 6, 5, 0),
	gsSP2Triangles(7, 8, 6, 0, 6, 8, 9, 0),
	gsSP2Triangles(6, 9, 10, 0, 4, 6, 10, 0),
	gsSP2Triangles(4, 10, 11, 0, 1, 4, 11, 0),
	gsSP2Triangles(1, 11, 12, 0, 2, 1, 12, 0),
	gsSP2Triangles(2, 12, 13, 0, 14, 2, 13, 0),
	gsSP2Triangles(14, 13, 15, 0, 15, 13, 16, 0),
	gsSP2Triangles(17, 14, 15, 0, 18, 14, 17, 0),
	gsSP2Triangles(18, 17, 19, 0, 17, 15, 20, 0),
	gsSP2Triangles(21, 22, 23, 0, 21, 23, 24, 0),
	gsSP2Triangles(23, 25, 24, 0, 26, 27, 16, 0),
	gsSP2Triangles(27, 26, 28, 0, 26, 29, 28, 0),
	gsSP2Triangles(26, 30, 29, 0, 30, 31, 29, 0),
	gsSPVertex(arena_dl_Cube_003_mesh_layer_1_vtx_0 + 96, 14, 0),
	gsSP2Triangles(0, 1, 2, 0, 1, 3, 2, 0),
	gsSP2Triangles(1, 4, 3, 0, 4, 5, 3, 0),
	gsSP2Triangles(4, 6, 5, 0, 6, 7, 5, 0),
	gsSP2Triangles(6, 8, 7, 0, 8, 9, 7, 0),
	gsSP2Triangles(8, 10, 9, 0, 10, 11, 9, 0),
	gsSP2Triangles(10, 12, 11, 0, 12, 13, 11, 0),
	gsSPEndDisplayList(),
};

Vtx arena_dl_Cube_003_mesh_layer_1_vtx_1[9] = {
	{{{0, 50, 0}, 0, {563, 488}, {0x57, 0x13, 0x16, 0xFF}}},
	{{{-82, 50, 0}, 0, {141, 488}, {0x00, 0x00, 0x00, 0xFF}}},
	{{{-60, 50, 60}, 0, {257, 794}, {0x19, 0x02, 0x03, 0xFF}}},
	{{{-60, 50, -60}, 0, {257, 182}, {0x00, 0x00, 0x00, 0xFF}}},
	{{{0, 50, -82}, 0, {563, 65}, {0x00, 0x00, 0x00, 0xFF}}},
	{{{60, 50, -60}, 0, {869, 182}, {0x00, 0x00, 0x00, 0xFF}}},
	{{{82, 50, 0}, 0, {986, 488}, {0x00, 0x00, 0x00, 0xFF}}},
	{{{60, 50, 60}, 0, {869, 794}, {0x00, 0x00, 0x00, 0xFF}}},
	{{{0, 50, 82}, 0, {563, 910}, {0x00, 0x00, 0x00, 0xFF}}},
};

Gfx arena_dl_Cube_003_mesh_layer_1_tri_1[] = {
	gsSPVertex(arena_dl_Cube_003_mesh_layer_1_vtx_1 + 0, 9, 0),
	gsSP2Triangles(0, 1, 2, 0, 3, 1, 0, 0),
	gsSP2Triangles(4, 3, 0, 0, 5, 4, 0, 0),
	gsSP2Triangles(6, 5, 0, 0, 6, 0, 7, 0),
	gsSP2Triangles(0, 8, 7, 0, 8, 0, 2, 0),
	gsSPEndDisplayList(),
};

Vtx arena_dl_Plane_mesh_layer_1_vtx_cull[8] = {
	{{{-32350, 0, 32350}, 0, {0, 0}, {0x00, 0x00, 0x00, 0x00}}},
	{{{-32350, 0, 32350}, 0, {0, 0}, {0x00, 0x00, 0x00, 0x00}}},
	{{{-32350, 0, -32350}, 0, {0, 0}, {0x00, 0x00, 0x00, 0x00}}},
	{{{-32350, 0, -32350}, 0, {0, 0}, {0x00, 0x00, 0x00, 0x00}}},
	{{{32350, 0, 32350}, 0, {0, 0}, {0x00, 0x00, 0x00, 0x00}}},
	{{{32350, 0, 32350}, 0, {0, 0}, {0x00, 0x00, 0x00, 0x00}}},
	{{{32350, 0, -32350}, 0, {0, 0}, {0x00, 0x00, 0x00, 0x00}}},
	{{{32350, 0, -32350}, 0, {0, 0}, {0x00, 0x00, 0x00, 0x00}}},
};

Vtx arena_dl_Plane_mesh_layer_1_vtx_0[54] = {
	{{{1151, 0, 1151}, 0, {1586, 1555}, {0x00, 0x00, 0x00, 0xFF}}},
	{{{1151, 0, 0}, 0, {1586, 475}, {0x00, 0x00, 0x00, 0xFF}}},
	{{{1151, 0, -1151}, 0, {1586, -604}, {0x00, 0x00, 0x00, 0xFF}}},
	{{{0, 0, 0}, 0, {507, 475}, {0x00, 0x00, 0x00, 0xFF}}},
	{{{-1151, 0, -1151}, 0, {-573, -604}, {0x00, 0x00, 0x00, 0xFF}}},
	{{{0, 0, -1151}, 0, {507, -604}, {0x00, 0x00, 0x00, 0xFF}}},
	{{{-1151, 0, -1151}, 0, {-573, -604}, {0x00, 0x00, 0x00, 0xFF}}},
	{{{-1151, 0, 0}, 0, {-573, 475}, {0x00, 0x00, 0x00, 0xFF}}},
	{{{-1151, 0, 1151}, 0, {-573, 1555}, {0x00, 0x00, 0x00, 0xFF}}},
	{{{1151, 0, 1151}, 0, {1586, 1555}, {0x00, 0x00, 0x00, 0xFF}}},
	{{{0, 0, 1151}, 0, {507, 1555}, {0x00, 0x00, 0x00, 0xFF}}},
	{{{-1151, 0, -1151}, 0, {-573, -604}, {0x00, 0x00, 0x00, 0xFF}}},
	{{{-1474, 0, -1474}, 0, {-875, -906}, {0x64, 0x14, 0x2B, 0xFF}}},
	{{{-1474, 0, 0}, 0, {-875, 475}, {0x6F, 0x18, 0x2C, 0xFF}}},
	{{{-1151, 0, 1151}, 0, {-573, 1555}, {0x00, 0x00, 0x00, 0xFF}}},
	{{{-1474, 0, 1474}, 0, {-875, 1857}, {0x7A, 0x1C, 0x2D, 0xFF}}},
	{{{-1151, 0, 1151}, 0, {-573, 1555}, {0x00, 0x00, 0x00, 0xFF}}},
	{{{-1474, 0, 1474}, 0, {-875, 1857}, {0x7A, 0x1C, 0x2D, 0xFF}}},
	{{{0, 0, 1474}, 0, {507, 1857}, {0x80, 0x1D, 0x2A, 0xFF}}},
	{{{1151, 0, 1151}, 0, {1586, 1555}, {0x00, 0x00, 0x00, 0xFF}}},
	{{{1474, 0, 1474}, 0, {1888, 1857}, {0x87, 0x1F, 0x29, 0xFF}}},
	{{{1151, 0, 1151}, 0, {1586, 1555}, {0x00, 0x00, 0x00, 0xFF}}},
	{{{1474, 0, 1474}, 0, {1888, 1857}, {0x87, 0x1F, 0x29, 0xFF}}},
	{{{1474, 0, 0}, 0, {1888, 475}, {0x81, 0x1E, 0x2A, 0xFF}}},
	{{{1151, 0, -1151}, 0, {1586, -604}, {0x00, 0x00, 0x00, 0xFF}}},
	{{{1474, 0, -1474}, 0, {1888, -906}, {0x7B, 0x1D, 0x2D, 0xFF}}},
	{{{1151, 0, -1151}, 0, {1586, -604}, {0x00, 0x00, 0x00, 0xFF}}},
	{{{1474, 0, -1474}, 0, {1888, -906}, {0x7B, 0x1D, 0x2D, 0xFF}}},
	{{{0, 0, -1474}, 0, {507, -906}, {0x70, 0x18, 0x2C, 0xFF}}},
	{{{-1151, 0, -1151}, 0, {-573, -604}, {0x00, 0x00, 0x00, 0xFF}}},
	{{{-22016, 0, 0}, 0, {-20130, 475}, {0x8A, 0x14, 0x15, 0xFF}}},
	{{{-32350, 0, -32350}, 0, {-29817, -29848}, {0x08, 0x00, 0x00, 0xFF}}},
	{{{-32350, 0, 0}, 0, {-29817, 475}, {0x04, 0x00, 0x00, 0xFF}}},
	{{{-22016, 0, -22016}, 0, {-20130, -20161}, {0x8A, 0x04, 0x06, 0xFF}}},
	{{{-1474, 0, 0}, 0, {-875, 475}, {0x6F, 0x18, 0x2C, 0xFF}}},
	{{{-1474, 0, 1474}, 0, {-875, 1857}, {0x79, 0x1B, 0x2B, 0xFF}}},
	{{{-22016, 0, 22016}, 0, {-20130, 21112}, {0x8A, 0x1E, 0x1E, 0xFF}}},
	{{{-32350, 0, 32350}, 0, {-29817, 30798}, {0x01, 0x00, 0x00, 0xFF}}},
	{{{0, 0, 22016}, 0, {507, 21112}, {0x8A, 0x24, 0x24, 0xFF}}},
	{{{0, 0, 32350}, 0, {507, 30798}, {0x18, 0x05, 0x05, 0xFF}}},
	{{{22016, 0, 22016}, 0, {21143, 21112}, {0x8A, 0x29, 0x29, 0xFF}}},
	{{{32350, 0, 32350}, 0, {30830, 30798}, {0x24, 0x0A, 0x0A, 0xFF}}},
	{{{22016, 0, 0}, 0, {21143, 475}, {0x8A, 0x25, 0x25, 0xFF}}},
	{{{32350, 0, 0}, 0, {30830, 475}, {0x20, 0x05, 0x05, 0xFF}}},
	{{{22016, 0, -22016}, 0, {21143, -20161}, {0x8A, 0x20, 0x21, 0xFF}}},
	{{{32350, 0, -32350}, 0, {30830, -29848}, {0x1A, 0x00, 0x00, 0xFF}}},
	{{{0, 0, -22016}, 0, {507, -20161}, {0x8A, 0x16, 0x17, 0xFF}}},
	{{{0, 0, -32350}, 0, {507, -29848}, {0x13, 0x00, 0x00, 0xFF}}},
	{{{-1474, 0, -1474}, 0, {-875, -906}, {0x64, 0x14, 0x2B, 0xFF}}},
	{{{0, 0, -1474}, 0, {507, -906}, {0x70, 0x18, 0x2C, 0xFF}}},
	{{{1474, 0, -1474}, 0, {1888, -906}, {0x7A, 0x1B, 0x2B, 0xFF}}},
	{{{1474, 0, 0}, 0, {1888, 475}, {0x81, 0x1E, 0x2A, 0xFF}}},
	{{{1474, 0, 1474}, 0, {1888, 1857}, {0x87, 0x1F, 0x28, 0xFF}}},
	{{{0, 0, 1474}, 0, {507, 1857}, {0x80, 0x1D, 0x2A, 0xFF}}},
};

Gfx arena_dl_Plane_mesh_layer_1_tri_0[] = {
	gsSPVertex(arena_dl_Plane_mesh_layer_1_vtx_0 + 0, 30, 0),
	gsSP2Triangles(0, 1, 2, 0, 0, 2, 3, 0),
	gsSP2Triangles(2, 4, 3, 0, 2, 5, 4, 0),
	gsSP2Triangles(6, 7, 8, 0, 6, 8, 3, 0),
	gsSP2Triangles(8, 9, 3, 0, 8, 10, 9, 0),
	gsSP2Triangles(7, 11, 12, 0, 7, 12, 13, 0),
	gsSP2Triangles(14, 7, 13, 0, 14, 13, 15, 0),
	gsSP2Triangles(10, 16, 17, 0, 10, 17, 18, 0),
	gsSP2Triangles(19, 10, 18, 0, 19, 18, 20, 0),
	gsSP2Triangles(1, 21, 22, 0, 1, 22, 23, 0),
	gsSP2Triangles(24, 1, 23, 0, 24, 23, 25, 0),
	gsSP2Triangles(5, 26, 27, 0, 5, 27, 28, 0),
	gsSP2Triangles(29, 5, 28, 0, 29, 28, 12, 0),
	gsSPVertex(arena_dl_Plane_mesh_layer_1_vtx_0 + 30, 24, 0),
	gsSP2Triangles(0, 1, 2, 0, 0, 3, 1, 0),
	gsSP2Triangles(4, 3, 0, 0, 5, 4, 0, 0),
	gsSP2Triangles(5, 0, 6, 0, 6, 0, 2, 0),
	gsSP2Triangles(6, 2, 7, 0, 8, 6, 7, 0),
	gsSP2Triangles(8, 7, 9, 0, 10, 8, 9, 0),
	gsSP2Triangles(10, 9, 11, 0, 12, 10, 11, 0),
	gsSP2Triangles(12, 11, 13, 0, 14, 12, 13, 0),
	gsSP2Triangles(14, 13, 15, 0, 16, 14, 15, 0),
	gsSP2Triangles(16, 15, 17, 0, 3, 16, 17, 0),
	gsSP2Triangles(3, 17, 1, 0, 18, 16, 3, 0),
	gsSP2Triangles(18, 19, 16, 0, 19, 14, 16, 0),
	gsSP2Triangles(19, 20, 14, 0, 20, 12, 14, 0),
	gsSP2Triangles(20, 21, 12, 0, 21, 10, 12, 0),
	gsSP2Triangles(21, 22, 10, 0, 22, 8, 10, 0),
	gsSP2Triangles(22, 23, 8, 0, 23, 6, 8, 0),
	gsSP2Triangles(23, 5, 6, 0, 4, 18, 3, 0),
	gsSPEndDisplayList(),
};

Vtx arena_dl_Plane_001_mesh_layer_1_vtx_cull[8] = {
	{{{-460, -411, 460}, 0, {0, 0}, {0x00, 0x00, 0x00, 0x00}}},
	{{{-460, 45, 460}, 0, {0, 0}, {0x00, 0x00, 0x00, 0x00}}},
	{{{-460, 45, -460}, 0, {0, 0}, {0x00, 0x00, 0x00, 0x00}}},
	{{{-460, -411, -460}, 0, {0, 0}, {0x00, 0x00, 0x00, 0x00}}},
	{{{460, -411, 460}, 0, {0, 0}, {0x00, 0x00, 0x00, 0x00}}},
	{{{460, 45, 460}, 0, {0, 0}, {0x00, 0x00, 0x00, 0x00}}},
	{{{460, 45, -460}, 0, {0, 0}, {0x00, 0x00, 0x00, 0x00}}},
	{{{460, -411, -460}, 0, {0, 0}, {0x00, 0x00, 0x00, 0x00}}},
};

Vtx arena_dl_Plane_001_mesh_layer_1_vtx_0[61] = {
	{{{0, -411, 460}, 0, {585, 1430}, {0xBC, 0x5A, 0x00, 0xFF}}},
	{{{460, -411, 0}, 0, {1660, 355}, {0xBC, 0x5A, 0x00, 0xFF}}},
	{{{337, -411, 337}, 0, {1373, 1143}, {0xBC, 0x5A, 0x00, 0xFF}}},
	{{{0, -411, 0}, 0, {585, 355}, {0xFF, 0xFF, 0xFF, 0xFF}}},
	{{{-337, -411, 337}, 0, {-202, 1143}, {0xBC, 0x5A, 0x00, 0xFF}}},
	{{{-460, -411, 0}, 0, {-489, 355}, {0xBC, 0x5A, 0x00, 0xFF}}},
	{{{0, -411, -460}, 0, {585, -719}, {0xBC, 0x5A, 0x00, 0xFF}}},
	{{{-337, -411, -337}, 0, {-202, -432}, {0xBC, 0x5A, 0x00, 0xFF}}},
	{{{337, -411, -337}, 0, {1373, -432}, {0xBC, 0x5A, 0x00, 0xFF}}},
	{{{0, -411, -460}, 0, {585, -719}, {0xBC, 0x5A, 0x00, 0xFF}}},
	{{{-460, 45, 0}, 0, {213, -694}, {0x07, 0x03, 0x03, 0xFF}}},
	{{{-337, 45, -337}, 0, {-563, -694}, {0x24, 0x12, 0x17, 0xFF}}},
	{{{-337, -411, -337}, 0, {-563, 608}, {0xBC, 0x5A, 0x00, 0xFF}}},
	{{{-460, -411, 0}, 0, {213, 608}, {0xBC, 0x5A, 0x00, 0xFF}}},
	{{{-337, 45, 337}, 0, {993, -694}, {0xEA, 0x0E, 0x11, 0xFF}}},
	{{{-460, 45, 0}, 0, {217, -694}, {0x07, 0x03, 0x03, 0xFF}}},
	{{{-460, -411, 0}, 0, {217, 608}, {0xBC, 0x5A, 0x00, 0xFF}}},
	{{{-337, -411, 337}, 0, {993, 608}, {0xBC, 0x5A, 0x00, 0xFF}}},
	{{{0, 45, 460}, 0, {1774, -694}, {0xFF, 0x05, 0x03, 0xFF}}},
	{{{-337, 45, 337}, 0, {998, -694}, {0xEA, 0x0E, 0x11, 0xFF}}},
	{{{-337, -411, 337}, 0, {998, 608}, {0xBC, 0x5A, 0x00, 0xFF}}},
	{{{0, -411, 460}, 0, {1774, 608}, {0xBC, 0x5A, 0x10, 0xFF}}},
	{{{337, 45, 337}, 0, {2554, -694}, {0xFB, 0x1E, 0x24, 0xFF}}},
	{{{0, 45, 460}, 0, {1778, -694}, {0xFF, 0x05, 0x03, 0xFF}}},
	{{{0, -411, 460}, 0, {1778, 608}, {0xBC, 0x5A, 0x10, 0xFF}}},
	{{{337, -411, 337}, 0, {2554, 608}, {0xBC, 0x5A, 0x00, 0xFF}}},
	{{{460, 45, 0}, 0, {3335, -694}, {0x4D, 0x3F, 0x41, 0xFF}}},
	{{{337, 45, 337}, 0, {2559, -694}, {0xFB, 0x1E, 0x24, 0xFF}}},
	{{{337, -411, 337}, 0, {2559, 608}, {0xBC, 0x5A, 0x00, 0xFF}}},
	{{{460, -411, 0}, 0, {3335, 608}, {0xBC, 0x5A, 0x00, 0xFF}}},
	{{{337, 45, -337}, 0, {4115, -694}, {0x2B, 0x18, 0x1C, 0xFF}}},
	{{{460, 45, 0}, 0, {3339, -694}, {0x4D, 0x3F, 0x41, 0xFF}}},
	{{{460, -411, 0}, 0, {3339, 608}, {0xBC, 0x5A, 0x00, 0xFF}}},
	{{{337, -411, -337}, 0, {4115, 608}, {0xBC, 0x5A, 0x00, 0xFF}}},
	{{{0, 45, -460}, 0, {4897, -694}, {0x55, 0x32, 0x3B, 0xFF}}},
	{{{337, 45, -337}, 0, {4120, -694}, {0x2B, 0x18, 0x1C, 0xFF}}},
	{{{337, -411, -337}, 0, {4120, 608}, {0xBC, 0x5A, 0x00, 0xFF}}},
	{{{0, -411, -460}, 0, {4897, 608}, {0xBC, 0x5A, 0x00, 0xFF}}},
	{{{-337, 45, -337}, 0, {-568, -694}, {0x24, 0x12, 0x17, 0xFF}}},
	{{{0, 45, -460}, 0, {-1345, -694}, {0x55, 0x32, 0x3B, 0xFF}}},
	{{{0, -411, -460}, 0, {-1345, 608}, {0xBC, 0x5A, 0x00, 0xFF}}},
	{{{-337, -411, -337}, 0, {-568, 608}, {0xBC, 0x5A, 0x00, 0xFF}}},
	{{{254, 45, 0}, 0, {1178, 355}, {0x00, 0x00, 0x00, 0xFF}}},
	{{{337, 45, 337}, 0, {1373, 1143}, {0xFB, 0x1E, 0x24, 0xFF}}},
	{{{460, 45, 0}, 0, {1660, 355}, {0x4D, 0x3F, 0x41, 0xFF}}},
	{{{186, 45, 186}, 0, {1020, 790}, {0x80, 0x01, 0x00, 0xFF}}},
	{{{0, 45, 254}, 0, {585, 948}, {0x14, 0x01, 0x01, 0xFF}}},
	{{{0, 45, 0}, 0, {585, 355}, {0x00, 0x00, 0x00, 0xFF}}},
	{{{186, 45, -186}, 0, {1020, -79}, {0x00, 0x00, 0x00, 0xFF}}},
	{{{460, 45, 0}, 0, {1660, 355}, {0x4D, 0x3F, 0x41, 0xFF}}},
	{{{337, 45, -337}, 0, {1373, -432}, {0x2B, 0x18, 0x1C, 0xFF}}},
	{{{0, 45, -254}, 0, {585, -237}, {0x00, 0x00, 0x00, 0xFF}}},
	{{{0, 45, -460}, 0, {585, -719}, {0x55, 0x32, 0x3B, 0xFF}}},
	{{{-254, 45, 0}, 0, {-7, 355}, {0x00, 0x00, 0x00, 0xFF}}},
	{{{-186, 45, -186}, 0, {151, -79}, {0x00, 0x00, 0x00, 0xFF}}},
	{{{0, 45, -460}, 0, {585, -719}, {0x55, 0x32, 0x3B, 0xFF}}},
	{{{-337, 45, -337}, 0, {-202, -432}, {0x24, 0x12, 0x17, 0xFF}}},
	{{{-460, 45, 0}, 0, {-489, 355}, {0x07, 0x03, 0x03, 0xFF}}},
	{{{-186, 45, 186}, 0, {151, 790}, {0xA3, 0x02, 0x01, 0xFF}}},
	{{{-337, 45, 337}, 0, {-202, 1143}, {0xEA, 0x0E, 0x11, 0xFF}}},
	{{{0, 45, 460}, 0, {585, 1430}, {0xFF, 0x05, 0x03, 0xFF}}},
};

Gfx arena_dl_Plane_001_mesh_layer_1_tri_0[] = {
	gsSPVertex(arena_dl_Plane_001_mesh_layer_1_vtx_0 + 0, 30, 0),
	gsSP2Triangles(0, 1, 2, 0, 0, 3, 1, 0),
	gsSP2Triangles(4, 3, 0, 0, 4, 5, 3, 0),
	gsSP2Triangles(5, 6, 3, 0, 5, 7, 6, 0),
	gsSP2Triangles(3, 8, 1, 0, 3, 9, 8, 0),
	gsSP2Triangles(10, 11, 12, 0, 10, 12, 13, 0),
	gsSP2Triangles(14, 15, 16, 0, 14, 16, 17, 0),
	gsSP2Triangles(18, 19, 20, 0, 18, 20, 21, 0),
	gsSP2Triangles(22, 23, 24, 0, 22, 24, 25, 0),
	gsSP2Triangles(26, 27, 28, 0, 26, 28, 29, 0),
	gsSPVertex(arena_dl_Plane_001_mesh_layer_1_vtx_0 + 30, 31, 0),
	gsSP2Triangles(0, 1, 2, 0, 0, 2, 3, 0),
	gsSP2Triangles(4, 5, 6, 0, 4, 6, 7, 0),
	gsSP2Triangles(8, 9, 10, 0, 8, 10, 11, 0),
	gsSP2Triangles(12, 13, 14, 0, 12, 15, 13, 0),
	gsSP2Triangles(16, 15, 12, 0, 16, 12, 17, 0),
	gsSP2Triangles(17, 12, 18, 0, 18, 12, 19, 0),
	gsSP2Triangles(18, 19, 20, 0, 21, 18, 20, 0),
	gsSP2Triangles(21, 20, 22, 0, 17, 18, 21, 0),
	gsSP2Triangles(23, 17, 21, 0, 23, 21, 24, 0),
	gsSP2Triangles(24, 21, 25, 0, 24, 25, 26, 0),
	gsSP2Triangles(23, 24, 26, 0, 23, 26, 27, 0),
	gsSP2Triangles(28, 23, 27, 0, 28, 27, 29, 0),
	gsSP2Triangles(16, 28, 29, 0, 16, 29, 30, 0),
	gsSP2Triangles(15, 16, 30, 0, 15, 30, 13, 0),
	gsSP2Triangles(28, 16, 17, 0, 28, 17, 23, 0),
	gsSPEndDisplayList(),
};

Vtx arena_dl_Plane_002_mesh_layer_1_vtx_cull[8] = {
	{{{-28, -391, 28}, 0, {0, 0}, {0x00, 0x00, 0x00, 0x00}}},
	{{{-28, 596, 28}, 0, {0, 0}, {0x00, 0x00, 0x00, 0x00}}},
	{{{-28, 596, -28}, 0, {0, 0}, {0x00, 0x00, 0x00, 0x00}}},
	{{{-28, -391, -28}, 0, {0, 0}, {0x00, 0x00, 0x00, 0x00}}},
	{{{28, -391, 28}, 0, {0, 0}, {0x00, 0x00, 0x00, 0x00}}},
	{{{28, 596, 28}, 0, {0, 0}, {0x00, 0x00, 0x00, 0x00}}},
	{{{28, 596, -28}, 0, {0, 0}, {0x00, 0x00, 0x00, 0x00}}},
	{{{28, -391, -28}, 0, {0, 0}, {0x00, 0x00, 0x00, 0x00}}},
};

Vtx arena_dl_Plane_002_mesh_layer_1_vtx_0[52] = {
	{{{-21, 596, 21}, 0, {422, 3296}, {0x00, 0x00, 0x00, 0xFF}}},
	{{{0, 596, 28}, 0, {496, 3296}, {0x00, 0x00, 0x00, 0xFF}}},
	{{{0, 596, 0}, 0, {496, 3296}, {0x00, 0x00, 0x00, 0xFF}}},
	{{{-28, 596, 0}, 0, {347, 3296}, {0x00, 0x00, 0x00, 0xFF}}},
	{{{0, 596, 28}, 0, {496, 3296}, {0x00, 0x00, 0x00, 0xFF}}},
	{{{21, 596, 21}, 0, {570, 3296}, {0x00, 0x00, 0x00, 0xFF}}},
	{{{28, 596, 0}, 0, {645, 3296}, {0x00, 0x00, 0x00, 0xFF}}},
	{{{0, 596, 0}, 0, {496, 3296}, {0x00, 0x00, 0x00, 0xFF}}},
	{{{0, 596, 0}, 0, {496, 3296}, {0x00, 0x00, 0x00, 0xFF}}},
	{{{28, 596, 0}, 0, {645, 3296}, {0x00, 0x00, 0x00, 0xFF}}},
	{{{21, 596, -21}, 0, {719, 3296}, {0x02, 0x01, 0x01, 0xFF}}},
	{{{0, 596, -28}, 0, {794, 3296}, {0x04, 0x01, 0x02, 0xFF}}},
	{{{-28, 596, 0}, 0, {347, 3296}, {0x00, 0x00, 0x00, 0xFF}}},
	{{{0, 596, 0}, 0, {496, 3296}, {0x00, 0x00, 0x00, 0xFF}}},
	{{{0, 596, -28}, 0, {198, 3296}, {0x04, 0x01, 0x02, 0xFF}}},
	{{{-21, 596, -21}, 0, {273, 3296}, {0x04, 0x01, 0x02, 0xFF}}},
	{{{0, -391, 0}, 0, {496, -2304}, {0x77, 0x26, 0x35, 0xFF}}},
	{{{0, -391, -28}, 0, {794, -2304}, {0x77, 0x26, 0x35, 0xFF}}},
	{{{21, -391, -21}, 0, {719, -2304}, {0x77, 0x26, 0x35, 0xFF}}},
	{{{28, -391, 0}, 0, {645, -2304}, {0x77, 0x26, 0x35, 0xFF}}},
	{{{21, 596, -21}, 0, {719, 3296}, {0x00, 0x00, 0x0A, 0xFF}}},
	{{{28, 596, 0}, 0, {645, 3296}, {0x00, 0x00, 0x02, 0xFF}}},
	{{{0, -391, 28}, 0, {496, -2304}, {0x77, 0x26, 0x35, 0xFF}}},
	{{{-21, -391, 21}, 0, {422, -2304}, {0x77, 0x26, 0x35, 0xFF}}},
	{{{-28, -391, 0}, 0, {347, -2304}, {0x77, 0x26, 0x35, 0xFF}}},
	{{{-21, 596, 21}, 0, {422, 3296}, {0x00, 0x00, 0x00, 0xFF}}},
	{{{-28, 596, 0}, 0, {347, 3296}, {0x00, 0x00, 0x01, 0xFF}}},
	{{{0, -391, -28}, 0, {198, -2304}, {0x77, 0x26, 0x35, 0xFF}}},
	{{{-21, -391, -21}, 0, {273, -2304}, {0x77, 0x26, 0x35, 0xFF}}},
	{{{21, -391, 21}, 0, {570, -2304}, {0x77, 0x26, 0x35, 0xFF}}},
	{{{28, 596, 0}, 0, {645, 3296}, {0x00, 0x00, 0x04, 0xFF}}},
	{{{21, 596, 21}, 0, {570, 3296}, {0x00, 0x00, 0x02, 0xFF}}},
	{{{-28, 596, 0}, 0, {347, 3296}, {0x00, 0x00, 0x01, 0xFF}}},
	{{{-21, 596, -21}, 0, {273, 3296}, {0x00, 0x00, 0x06, 0xFF}}},
	{{{-21, -391, -21}, 0, {273, -2304}, {0x77, 0x26, 0x35, 0xFF}}},
	{{{-28, -391, 0}, 0, {347, -2304}, {0x77, 0x26, 0x35, 0xFF}}},
	{{{0, 596, 28}, 0, {496, 3296}, {0x00, 0x00, 0x00, 0xFF}}},
	{{{-21, 596, 21}, 0, {422, 3296}, {0x00, 0x00, 0x00, 0xFF}}},
	{{{-21, -391, 21}, 0, {422, -2304}, {0x77, 0x26, 0x35, 0xFF}}},
	{{{0, -391, 28}, 0, {496, -2304}, {0x77, 0x26, 0x35, 0xFF}}},
	{{{21, 596, 21}, 0, {570, 3296}, {0x00, 0x00, 0x01, 0xFF}}},
	{{{0, 596, 28}, 0, {496, 3296}, {0x00, 0x00, 0x01, 0xFF}}},
	{{{0, -391, 28}, 0, {496, -2304}, {0x77, 0x26, 0x35, 0xFF}}},
	{{{21, -391, 21}, 0, {570, -2304}, {0x77, 0x26, 0x35, 0xFF}}},
	{{{0, 596, -28}, 0, {794, 3296}, {0x00, 0x00, 0x17, 0xFF}}},
	{{{21, 596, -21}, 0, {719, 3296}, {0x00, 0x00, 0x09, 0xFF}}},
	{{{21, -391, -21}, 0, {719, -2304}, {0x77, 0x26, 0x35, 0xFF}}},
	{{{0, -391, -28}, 0, {794, -2304}, {0x77, 0x26, 0x35, 0xFF}}},
	{{{-21, 596, -21}, 0, {273, 3296}, {0x00, 0x00, 0x1C, 0xFF}}},
	{{{0, 596, -28}, 0, {198, 3296}, {0x00, 0x00, 0x16, 0xFF}}},
	{{{0, -391, -28}, 0, {198, -2304}, {0x77, 0x26, 0x35, 0xFF}}},
	{{{-21, -391, -21}, 0, {273, -2304}, {0x77, 0x26, 0x35, 0xFF}}},
};

Gfx arena_dl_Plane_002_mesh_layer_1_tri_0[] = {
	gsSPVertex(arena_dl_Plane_002_mesh_layer_1_vtx_0 + 0, 32, 0),
	gsSP2Triangles(0, 1, 2, 0, 0, 2, 3, 0),
	gsSP2Triangles(4, 5, 6, 0, 4, 6, 7, 0),
	gsSP2Triangles(8, 9, 10, 0, 8, 10, 11, 0),
	gsSP2Triangles(12, 13, 14, 0, 12, 14, 15, 0),
	gsSP2Triangles(16, 17, 18, 0, 16, 18, 19, 0),
	gsSP2Triangles(20, 19, 18, 0, 20, 21, 19, 0),
	gsSP2Triangles(22, 16, 19, 0, 23, 16, 22, 0),
	gsSP2Triangles(23, 24, 16, 0, 25, 24, 23, 0),
	gsSP2Triangles(25, 26, 24, 0, 24, 27, 16, 0),
	gsSP2Triangles(24, 28, 27, 0, 22, 19, 29, 0),
	gsSP2Triangles(30, 29, 19, 0, 30, 31, 29, 0),
	gsSPVertex(arena_dl_Plane_002_mesh_layer_1_vtx_0 + 32, 20, 0),
	gsSP2Triangles(0, 1, 2, 0, 0, 2, 3, 0),
	gsSP2Triangles(4, 5, 6, 0, 4, 6, 7, 0),
	gsSP2Triangles(8, 9, 10, 0, 8, 10, 11, 0),
	gsSP2Triangles(12, 13, 14, 0, 12, 14, 15, 0),
	gsSP2Triangles(16, 17, 18, 0, 16, 18, 19, 0),
	gsSPEndDisplayList(),
};

Vtx arena_dl_Plane_003_mesh_layer_1_vtx_cull[8] = {
	{{{-28, -391, 28}, 0, {0, 0}, {0x00, 0x00, 0x00, 0x00}}},
	{{{-28, 596, 28}, 0, {0, 0}, {0x00, 0x00, 0x00, 0x00}}},
	{{{-28, 596, -28}, 0, {0, 0}, {0x00, 0x00, 0x00, 0x00}}},
	{{{-28, -391, -28}, 0, {0, 0}, {0x00, 0x00, 0x00, 0x00}}},
	{{{28, -391, 28}, 0, {0, 0}, {0x00, 0x00, 0x00, 0x00}}},
	{{{28, 596, 28}, 0, {0, 0}, {0x00, 0x00, 0x00, 0x00}}},
	{{{28, 596, -28}, 0, {0, 0}, {0x00, 0x00, 0x00, 0x00}}},
	{{{28, -391, -28}, 0, {0, 0}, {0x00, 0x00, 0x00, 0x00}}},
};

Vtx arena_dl_Plane_003_mesh_layer_1_vtx_0[52] = {
	{{{-21, 596, 21}, 0, {422, 3296}, {0x00, 0x00, 0x00, 0xFF}}},
	{{{0, 596, 28}, 0, {496, 3296}, {0x00, 0x00, 0x00, 0xFF}}},
	{{{0, 596, 0}, 0, {496, 3296}, {0x00, 0x00, 0x00, 0xFF}}},
	{{{-28, 596, 0}, 0, {347, 3296}, {0x00, 0x00, 0x00, 0xFF}}},
	{{{0, 596, 28}, 0, {496, 3296}, {0x00, 0x00, 0x00, 0xFF}}},
	{{{21, 596, 21}, 0, {570, 3296}, {0x00, 0x00, 0x00, 0xFF}}},
	{{{28, 596, 0}, 0, {645, 3296}, {0x00, 0x00, 0x00, 0xFF}}},
	{{{0, 596, 0}, 0, {496, 3296}, {0x00, 0x00, 0x00, 0xFF}}},
	{{{0, 596, 0}, 0, {496, 3296}, {0x00, 0x00, 0x00, 0xFF}}},
	{{{28, 596, 0}, 0, {645, 3296}, {0x00, 0x00, 0x00, 0xFF}}},
	{{{21, 596, -21}, 0, {719, 3296}, {0x02, 0x01, 0x01, 0xFF}}},
	{{{0, 596, -28}, 0, {794, 3296}, {0x04, 0x01, 0x02, 0xFF}}},
	{{{-28, 596, 0}, 0, {347, 3296}, {0x00, 0x00, 0x00, 0xFF}}},
	{{{0, 596, 0}, 0, {496, 3296}, {0x00, 0x00, 0x00, 0xFF}}},
	{{{0, 596, -28}, 0, {198, 3296}, {0x04, 0x01, 0x02, 0xFF}}},
	{{{-21, 596, -21}, 0, {273, 3296}, {0x04, 0x01, 0x02, 0xFF}}},
	{{{0, -391, 0}, 0, {496, -2304}, {0x77, 0x26, 0x35, 0xFF}}},
	{{{0, -391, -28}, 0, {794, -2304}, {0x77, 0x26, 0x35, 0xFF}}},
	{{{21, -391, -21}, 0, {719, -2304}, {0x77, 0x26, 0x35, 0xFF}}},
	{{{28, -391, 0}, 0, {645, -2304}, {0x77, 0x26, 0x35, 0xFF}}},
	{{{21, 596, -21}, 0, {719, 3296}, {0x00, 0x00, 0x0A, 0xFF}}},
	{{{28, 596, 0}, 0, {645, 3296}, {0x00, 0x00, 0x02, 0xFF}}},
	{{{0, -391, 28}, 0, {496, -2304}, {0x77, 0x26, 0x35, 0xFF}}},
	{{{-21, -391, 21}, 0, {422, -2304}, {0x77, 0x26, 0x35, 0xFF}}},
	{{{-28, -391, 0}, 0, {347, -2304}, {0x77, 0x26, 0x35, 0xFF}}},
	{{{-21, 596, 21}, 0, {422, 3296}, {0x00, 0x00, 0x00, 0xFF}}},
	{{{-28, 596, 0}, 0, {347, 3296}, {0x00, 0x00, 0x01, 0xFF}}},
	{{{0, -391, -28}, 0, {198, -2304}, {0x77, 0x26, 0x35, 0xFF}}},
	{{{-21, -391, -21}, 0, {273, -2304}, {0x77, 0x26, 0x35, 0xFF}}},
	{{{21, -391, 21}, 0, {570, -2304}, {0x77, 0x26, 0x35, 0xFF}}},
	{{{28, 596, 0}, 0, {645, 3296}, {0x00, 0x00, 0x04, 0xFF}}},
	{{{21, 596, 21}, 0, {570, 3296}, {0x00, 0x00, 0x02, 0xFF}}},
	{{{-28, 596, 0}, 0, {347, 3296}, {0x00, 0x00, 0x01, 0xFF}}},
	{{{-21, 596, -21}, 0, {273, 3296}, {0x00, 0x00, 0x06, 0xFF}}},
	{{{-21, -391, -21}, 0, {273, -2304}, {0x77, 0x26, 0x35, 0xFF}}},
	{{{-28, -391, 0}, 0, {347, -2304}, {0x77, 0x26, 0x35, 0xFF}}},
	{{{0, 596, 28}, 0, {496, 3296}, {0x00, 0x00, 0x00, 0xFF}}},
	{{{-21, 596, 21}, 0, {422, 3296}, {0x00, 0x00, 0x00, 0xFF}}},
	{{{-21, -391, 21}, 0, {422, -2304}, {0x77, 0x26, 0x35, 0xFF}}},
	{{{0, -391, 28}, 0, {496, -2304}, {0x77, 0x26, 0x35, 0xFF}}},
	{{{21, 596, 21}, 0, {570, 3296}, {0x00, 0x00, 0x01, 0xFF}}},
	{{{0, 596, 28}, 0, {496, 3296}, {0x00, 0x00, 0x01, 0xFF}}},
	{{{0, -391, 28}, 0, {496, -2304}, {0x77, 0x26, 0x35, 0xFF}}},
	{{{21, -391, 21}, 0, {570, -2304}, {0x77, 0x26, 0x35, 0xFF}}},
	{{{0, 596, -28}, 0, {794, 3296}, {0x00, 0x00, 0x17, 0xFF}}},
	{{{21, 596, -21}, 0, {719, 3296}, {0x00, 0x00, 0x09, 0xFF}}},
	{{{21, -391, -21}, 0, {719, -2304}, {0x77, 0x26, 0x35, 0xFF}}},
	{{{0, -391, -28}, 0, {794, -2304}, {0x77, 0x26, 0x35, 0xFF}}},
	{{{-21, 596, -21}, 0, {273, 3296}, {0x00, 0x00, 0x1C, 0xFF}}},
	{{{0, 596, -28}, 0, {198, 3296}, {0x00, 0x00, 0x16, 0xFF}}},
	{{{0, -391, -28}, 0, {198, -2304}, {0x77, 0x26, 0x35, 0xFF}}},
	{{{-21, -391, -21}, 0, {273, -2304}, {0x77, 0x26, 0x35, 0xFF}}},
};

Gfx arena_dl_Plane_003_mesh_layer_1_tri_0[] = {
	gsSPVertex(arena_dl_Plane_003_mesh_layer_1_vtx_0 + 0, 32, 0),
	gsSP2Triangles(0, 1, 2, 0, 0, 2, 3, 0),
	gsSP2Triangles(4, 5, 6, 0, 4, 6, 7, 0),
	gsSP2Triangles(8, 9, 10, 0, 8, 10, 11, 0),
	gsSP2Triangles(12, 13, 14, 0, 12, 14, 15, 0),
	gsSP2Triangles(16, 17, 18, 0, 16, 18, 19, 0),
	gsSP2Triangles(20, 19, 18, 0, 20, 21, 19, 0),
	gsSP2Triangles(22, 16, 19, 0, 23, 16, 22, 0),
	gsSP2Triangles(23, 24, 16, 0, 25, 24, 23, 0),
	gsSP2Triangles(25, 26, 24, 0, 24, 27, 16, 0),
	gsSP2Triangles(24, 28, 27, 0, 22, 19, 29, 0),
	gsSP2Triangles(30, 29, 19, 0, 30, 31, 29, 0),
	gsSPVertex(arena_dl_Plane_003_mesh_layer_1_vtx_0 + 32, 20, 0),
	gsSP2Triangles(0, 1, 2, 0, 0, 2, 3, 0),
	gsSP2Triangles(4, 5, 6, 0, 4, 6, 7, 0),
	gsSP2Triangles(8, 9, 10, 0, 8, 10, 11, 0),
	gsSP2Triangles(12, 13, 14, 0, 12, 14, 15, 0),
	gsSP2Triangles(16, 17, 18, 0, 16, 18, 19, 0),
	gsSPEndDisplayList(),
};

Vtx arena_dl_Plane_004_mesh_layer_1_vtx_cull[8] = {
	{{{-117, -215, 117}, 0, {0, 0}, {0x00, 0x00, 0x00, 0x00}}},
	{{{-117, 58, 117}, 0, {0, 0}, {0x00, 0x00, 0x00, 0x00}}},
	{{{-117, 58, -117}, 0, {0, 0}, {0x00, 0x00, 0x00, 0x00}}},
	{{{-117, -215, -117}, 0, {0, 0}, {0x00, 0x00, 0x00, 0x00}}},
	{{{117, -215, 117}, 0, {0, 0}, {0x00, 0x00, 0x00, 0x00}}},
	{{{117, 58, 117}, 0, {0, 0}, {0x00, 0x00, 0x00, 0x00}}},
	{{{117, 58, -117}, 0, {0, 0}, {0x00, 0x00, 0x00, 0x00}}},
	{{{117, -215, -117}, 0, {0, 0}, {0x00, 0x00, 0x00, 0x00}}},
};

Vtx arena_dl_Plane_004_mesh_layer_1_vtx_0[176] = {
	{{{-86, 58, 86}, 0, {1037, 919}, {0x1D, 0x00, 0x02, 0xFF}}},
	{{{0, 58, 117}, 0, {529, 1104}, {0x10, 0x00, 0x01, 0xFF}}},
	{{{0, 58, 0}, 0, {529, 411}, {0x00, 0x00, 0x00, 0xFF}}},
	{{{-117, 58, 0}, 0, {1222, 411}, {0x02, 0x00, 0x00, 0xFF}}},
	{{{0, 58, 117}, 0, {529, 1104}, {0x10, 0x00, 0x01, 0xFF}}},
	{{{86, 58, 86}, 0, {21, 919}, {0x36, 0x12, 0x14, 0xFF}}},
	{{{117, 58, 0}, 0, {-165, 411}, {0x18, 0x04, 0x05, 0xFF}}},
	{{{0, 58, 0}, 0, {529, 411}, {0x00, 0x00, 0x00, 0xFF}}},
	{{{0, 58, 0}, 0, {529, 411}, {0x00, 0x00, 0x00, 0xFF}}},
	{{{86, 58, -86}, 0, {21, -97}, {0x36, 0x0C, 0x0F, 0xFF}}},
	{{{0, 58, -117}, 0, {529, -282}, {0x04, 0x00, 0x00, 0xFF}}},
	{{{-117, 58, 0}, 0, {1222, 411}, {0x02, 0x00, 0x00, 0xFF}}},
	{{{0, 58, 0}, 0, {529, 411}, {0x00, 0x00, 0x00, 0xFF}}},
	{{{0, 58, -117}, 0, {529, -282}, {0x04, 0x00, 0x00, 0xFF}}},
	{{{-86, 58, -86}, 0, {1037, -97}, {0x4E, 0x00, 0x0B, 0xFF}}},
	{{{-63, 23, 63}, 0, {902, 784}, {0xFF, 0x43, 0x16, 0xFF}}},
	{{{-86, 23, 0}, 0, {1038, 411}, {0xFF, 0x4C, 0x01, 0xFF}}},
	{{{0, 23, 0}, 0, {529, 411}, {0xFF, 0xCE, 0x00, 0xFF}}},
	{{{0, 23, 86}, 0, {529, 920}, {0xFF, 0x4C, 0x00, 0xFF}}},
	{{{0, 23, 86}, 0, {529, 920}, {0xFF, 0x4C, 0x00, 0xFF}}},
	{{{0, 23, 0}, 0, {529, 411}, {0xFF, 0xCE, 0x00, 0xFF}}},
	{{{86, 23, 0}, 0, {20, 411}, {0x9E, 0x2C, 0x01, 0xFF}}},
	{{{63, 23, 63}, 0, {156, 784}, {0xFA, 0x4B, 0x13, 0xFF}}},
	{{{0, 23, 0}, 0, {529, 411}, {0xFF, 0xCE, 0x00, 0xFF}}},
	{{{0, 23, -86}, 0, {529, -98}, {0xE0, 0x42, 0x00, 0xFF}}},
	{{{63, 23, -63}, 0, {156, 38}, {0xE1, 0x44, 0x00, 0xFF}}},
	{{{86, 23, 0}, 0, {20, 411}, {0x9E, 0x2C, 0x01, 0xFF}}},
	{{{-86, 23, 0}, 0, {1038, 411}, {0xFF, 0x4C, 0x01, 0xFF}}},
	{{{-63, 23, -63}, 0, {902, 38}, {0xD6, 0x3E, 0x00, 0xFF}}},
	{{{0, 23, -86}, 0, {529, -98}, {0xE0, 0x42, 0x01, 0xFF}}},
	{{{0, 23, 0}, 0, {529, 411}, {0xFF, 0xCE, 0x00, 0xFF}}},
	{{{-117, 58, 0}, 0, {471, 890}, {0x00, 0x00, 0x00, 0xFF}}},
	{{{-86, 58, -86}, 0, {114, 890}, {0x2F, 0x00, 0x00, 0xFF}}},
	{{{-86, 23, -86}, 0, {114, 678}, {0x49, 0x00, 0x00, 0xFF}}},
	{{{-117, 23, 0}, 0, {471, 678}, {0x00, 0x00, 0x00, 0xFF}}},
	{{{-86, 58, 86}, 0, {580, 890}, {0x00, 0x00, 0x00, 0xFF}}},
	{{{-117, 58, 0}, 0, {223, 890}, {0x00, 0x00, 0x00, 0xFF}}},
	{{{-117, 23, 0}, 0, {223, 678}, {0x00, 0x00, 0x00, 0xFF}}},
	{{{-86, 23, 86}, 0, {580, 678}, {0x00, 0x00, 0x00, 0xFF}}},
	{{{0, 58, 117}, 0, {620, 890}, {0x00, 0x00, 0x00, 0xFF}}},
	{{{-86, 58, 86}, 0, {263, 890}, {0x00, 0x00, 0x00, 0xFF}}},
	{{{-86, 23, 86}, 0, {263, 678}, {0x00, 0x00, 0x00, 0xFF}}},
	{{{0, 23, 117}, 0, {620, 678}, {0x00, 0x00, 0x00, 0xFF}}},
	{{{86, 58, 86}, 0, {729, 890}, {0x00, 0x00, 0x00, 0xFF}}},
	{{{0, 58, 117}, 0, {372, 890}, {0x00, 0x00, 0x00, 0xFF}}},
	{{{0, 23, 117}, 0, {372, 678}, {0x00, 0x00, 0x00, 0xFF}}},
	{{{86, 23, 86}, 0, {729, 678}, {0x22, 0x00, 0x00, 0xFF}}},
	{{{117, 58, 0}, 0, {769, 890}, {0x00, 0x00, 0x00, 0xFF}}},
	{{{86, 58, 86}, 0, {412, 890}, {0x00, 0x00, 0x00, 0xFF}}},
	{{{86, 23, 86}, 0, {412, 678}, {0x24, 0x01, 0x02, 0xFF}}},
	{{{117, 23, 0}, 0, {769, 678}, {0x00, 0x00, 0x00, 0xFF}}},
	{{{86, 58, -86}, 0, {878, 890}, {0x00, 0x00, 0x00, 0xFF}}},
	{{{117, 58, 0}, 0, {521, 890}, {0x00, 0x00, 0x00, 0xFF}}},
	{{{117, 23, 0}, 0, {521, 678}, {0x00, 0x00, 0x00, 0xFF}}},
	{{{86, 23, -86}, 0, {878, 678}, {0x21, 0x00, 0x00, 0xFF}}},
	{{{0, 58, -117}, 0, {918, 890}, {0x00, 0x00, 0x00, 0xFF}}},
	{{{86, 58, -86}, 0, {561, 890}, {0x00, 0x00, 0x00, 0xFF}}},
	{{{86, 23, -86}, 0, {561, 678}, {0x23, 0x00, 0x00, 0xFF}}},
	{{{0, 23, -117}, 0, {918, 678}, {0x00, 0x00, 0x00, 0xFF}}},
	{{{-86, 58, -86}, 0, {431, 890}, {0x34, 0x00, 0x00, 0xFF}}},
	{{{0, 58, -117}, 0, {74, 890}, {0x00, 0x00, 0x00, 0xFF}}},
	{{{0, 23, -117}, 0, {74, 678}, {0x00, 0x00, 0x00, 0xFF}}},
	{{{-86, 23, -86}, 0, {431, 678}, {0x49, 0x00, 0x00, 0xFF}}},
	{{{-63, 23, -63}, 0, {902, 38}, {0xD6, 0x3E, 0x00, 0xFF}}},
	{{{-117, 23, 0}, 0, {1222, 411}, {0x49, 0x22, 0x25, 0xFF}}},
	{{{-86, 23, -86}, 0, {1037, -97}, {0x55, 0x29, 0x2C, 0xFF}}},
	{{{-86, 23, 0}, 0, {1038, 411}, {0xFE, 0x4C, 0x11, 0xFF}}},
	{{{-86, 23, 86}, 0, {1037, 919}, {0x54, 0x28, 0x2B, 0xFF}}},
	{{{-63, 23, 63}, 0, {902, 784}, {0xDC, 0x49, 0x40, 0xFF}}},
	{{{-63, 23, 63}, 0, {902, 784}, {0xDC, 0x49, 0x40, 0xFF}}},
	{{{0, 23, 117}, 0, {529, 1104}, {0x53, 0x27, 0x2B, 0xFF}}},
	{{{0, 23, 86}, 0, {529, 920}, {0xFF, 0x4C, 0x01, 0xFF}}},
	{{{86, 23, 86}, 0, {21, 919}, {0x55, 0x28, 0x2C, 0xFF}}},
	{{{63, 23, 63}, 0, {156, 784}, {0xFA, 0x4B, 0x13, 0xFF}}},
	{{{117, 23, 0}, 0, {-165, 411}, {0x4E, 0x24, 0x28, 0xFF}}},
	{{{86, 23, 0}, 0, {20, 411}, {0x8E, 0x2A, 0x1E, 0xFF}}},
	{{{86, 23, 0}, 0, {20, 411}, {0x8E, 0x2A, 0x1E, 0xFF}}},
	{{{63, 23, -63}, 0, {156, 38}, {0xC2, 0x43, 0x35, 0xFF}}},
	{{{86, 23, -86}, 0, {21, -97}, {0x56, 0x29, 0x2C, 0xFF}}},
	{{{117, 23, 0}, 0, {-165, 411}, {0x4E, 0x24, 0x28, 0xFF}}},
	{{{63, 23, -63}, 0, {156, 38}, {0xC2, 0x43, 0x35, 0xFF}}},
	{{{0, 23, -86}, 0, {529, -98}, {0xDE, 0x42, 0x18, 0xFF}}},
	{{{0, 23, -117}, 0, {529, -282}, {0x43, 0x1F, 0x22, 0xFF}}},
	{{{0, 23, -86}, 0, {529, -98}, {0xDE, 0x42, 0x18, 0xFF}}},
	{{{-63, 23, -63}, 0, {902, 38}, {0xD6, 0x3E, 0x00, 0xFF}}},
	{{{0, 23, -117}, 0, {529, -282}, {0x43, 0x1F, 0x22, 0xFF}}},
	{{{86, -215, 86}, 0, {1037, 919}, {0x1D, 0x00, 0x02, 0xFF}}},
	{{{0, -215, 117}, 0, {529, 1104}, {0x10, 0x00, 0x01, 0xFF}}},
	{{{0, -215, 0}, 0, {529, 411}, {0x00, 0x00, 0x00, 0xFF}}},
	{{{117, -215, 0}, 0, {1222, 411}, {0x02, 0x00, 0x00, 0xFF}}},
	{{{0, -215, 117}, 0, {529, 1104}, {0x10, 0x00, 0x01, 0xFF}}},
	{{{-86, -215, 86}, 0, {21, 919}, {0x36, 0x12, 0x14, 0xFF}}},
	{{{-117, -215, 0}, 0, {-165, 411}, {0x18, 0x04, 0x05, 0xFF}}},
	{{{0, -215, 0}, 0, {529, 411}, {0x00, 0x00, 0x00, 0xFF}}},
	{{{0, -215, 0}, 0, {529, 411}, {0x00, 0x00, 0x00, 0xFF}}},
	{{{-117, -215, 0}, 0, {-165, 411}, {0x18, 0x04, 0x05, 0xFF}}},
	{{{-86, -215, -86}, 0, {21, -97}, {0x36, 0x0C, 0x0F, 0xFF}}},
	{{{0, -215, -117}, 0, {529, -282}, {0x04, 0x00, 0x00, 0xFF}}},
	{{{117, -215, 0}, 0, {1222, 411}, {0x02, 0x00, 0x00, 0xFF}}},
	{{{0, -215, 0}, 0, {529, 411}, {0x00, 0x00, 0x00, 0xFF}}},
	{{{0, -215, -117}, 0, {529, -282}, {0x04, 0x00, 0x00, 0xFF}}},
	{{{86, -215, -86}, 0, {1037, -97}, {0x4E, 0x00, 0x0B, 0xFF}}},
	{{{63, -181, 63}, 0, {902, 784}, {0xFF, 0x43, 0x16, 0xFF}}},
	{{{86, -181, 0}, 0, {1038, 411}, {0xFF, 0x4C, 0x01, 0xFF}}},
	{{{0, -181, 0}, 0, {529, 411}, {0xFF, 0xCE, 0x00, 0xFF}}},
	{{{0, -181, 86}, 0, {529, 920}, {0xFF, 0x4C, 0x00, 0xFF}}},
	{{{0, -181, 86}, 0, {529, 920}, {0xFF, 0x4C, 0x00, 0xFF}}},
	{{{0, -181, 0}, 0, {529, 411}, {0xFF, 0xCE, 0x00, 0xFF}}},
	{{{-86, -181, 0}, 0, {20, 411}, {0x9E, 0x2C, 0x01, 0xFF}}},
	{{{-63, -181, 63}, 0, {156, 784}, {0xFA, 0x4B, 0x13, 0xFF}}},
	{{{0, -181, 0}, 0, {529, 411}, {0xFF, 0xCE, 0x00, 0xFF}}},
	{{{0, -181, -86}, 0, {529, -98}, {0xE0, 0x42, 0x00, 0xFF}}},
	{{{-63, -181, -63}, 0, {156, 38}, {0xE1, 0x44, 0x00, 0xFF}}},
	{{{-86, -181, 0}, 0, {20, 411}, {0x9E, 0x2C, 0x01, 0xFF}}},
	{{{86, -181, 0}, 0, {1038, 411}, {0xFF, 0x4C, 0x01, 0xFF}}},
	{{{63, -181, -63}, 0, {902, 38}, {0xD6, 0x3E, 0x00, 0xFF}}},
	{{{0, -181, -86}, 0, {529, -98}, {0xE0, 0x42, 0x01, 0xFF}}},
	{{{0, -181, 0}, 0, {529, 411}, {0xFF, 0xCE, 0x00, 0xFF}}},
	{{{117, -215, 0}, 0, {471, 602}, {0x02, 0x00, 0x00, 0xFF}}},
	{{{86, -215, -86}, 0, {114, 602}, {0x4E, 0x00, 0x0B, 0xFF}}},
	{{{86, -181, -86}, 0, {114, 390}, {0x55, 0x29, 0x2C, 0xFF}}},
	{{{117, -181, 0}, 0, {471, 390}, {0x49, 0x22, 0x25, 0xFF}}},
	{{{86, -215, 86}, 0, {580, 602}, {0x1D, 0x00, 0x02, 0xFF}}},
	{{{117, -215, 0}, 0, {223, 602}, {0x02, 0x00, 0x00, 0xFF}}},
	{{{117, -181, 0}, 0, {223, 390}, {0x49, 0x22, 0x25, 0xFF}}},
	{{{86, -181, 86}, 0, {580, 390}, {0x54, 0x28, 0x2B, 0xFF}}},
	{{{0, -215, 117}, 0, {620, 602}, {0x10, 0x00, 0x01, 0xFF}}},
	{{{86, -215, 86}, 0, {263, 602}, {0x1D, 0x00, 0x02, 0xFF}}},
	{{{86, -181, 86}, 0, {263, 390}, {0x54, 0x28, 0x2B, 0xFF}}},
	{{{0, -181, 117}, 0, {620, 390}, {0x53, 0x27, 0x2B, 0xFF}}},
	{{{-86, -215, 86}, 0, {729, 602}, {0x36, 0x12, 0x14, 0xFF}}},
	{{{0, -215, 117}, 0, {372, 602}, {0x10, 0x00, 0x01, 0xFF}}},
	{{{0, -181, 117}, 0, {372, 390}, {0x53, 0x27, 0x2B, 0xFF}}},
	{{{-86, -181, 86}, 0, {729, 390}, {0x55, 0x28, 0x2C, 0xFF}}},
	{{{-117, -215, 0}, 0, {769, 602}, {0x18, 0x04, 0x05, 0xFF}}},
	{{{-86, -215, 86}, 0, {412, 602}, {0x36, 0x12, 0x14, 0xFF}}},
	{{{-86, -181, 86}, 0, {412, 390}, {0x55, 0x28, 0x2C, 0xFF}}},
	{{{-117, -181, 0}, 0, {769, 390}, {0x4E, 0x24, 0x28, 0xFF}}},
	{{{-86, -215, -86}, 0, {878, 602}, {0x36, 0x0C, 0x0F, 0xFF}}},
	{{{-117, -215, 0}, 0, {521, 602}, {0x18, 0x04, 0x05, 0xFF}}},
	{{{-117, -181, 0}, 0, {521, 390}, {0x4E, 0x24, 0x28, 0xFF}}},
	{{{-86, -181, -86}, 0, {878, 390}, {0x56, 0x29, 0x2C, 0xFF}}},
	{{{0, -215, -117}, 0, {918, 602}, {0x04, 0x00, 0x00, 0xFF}}},
	{{{-86, -215, -86}, 0, {561, 602}, {0x36, 0x0C, 0x0F, 0xFF}}},
	{{{-86, -181, -86}, 0, {561, 390}, {0x56, 0x29, 0x2C, 0xFF}}},
	{{{0, -181, -117}, 0, {918, 390}, {0x43, 0x1F, 0x22, 0xFF}}},
	{{{86, -215, -86}, 0, {431, 602}, {0x4E, 0x00, 0x0B, 0xFF}}},
	{{{0, -215, -117}, 0, {74, 602}, {0x04, 0x00, 0x00, 0xFF}}},
	{{{0, -181, -117}, 0, {74, 390}, {0x43, 0x1F, 0x22, 0xFF}}},
	{{{86, -181, -86}, 0, {431, 390}, {0x55, 0x29, 0x2C, 0xFF}}},
	{{{63, -181, -63}, 0, {902, 38}, {0xD6, 0x3E, 0x00, 0xFF}}},
	{{{117, -181, 0}, 0, {1222, 411}, {0x49, 0x22, 0x25, 0xFF}}},
	{{{86, -181, -86}, 0, {1037, -97}, {0x55, 0x29, 0x2C, 0xFF}}},
	{{{86, -181, 0}, 0, {1038, 411}, {0xFE, 0x4C, 0x11, 0xFF}}},
	{{{86, -181, 86}, 0, {1037, 919}, {0x54, 0x28, 0x2B, 0xFF}}},
	{{{63, -181, 63}, 0, {902, 784}, {0xDC, 0x49, 0x40, 0xFF}}},
	{{{63, -181, 63}, 0, {902, 784}, {0xDC, 0x49, 0x40, 0xFF}}},
	{{{0, -181, 117}, 0, {529, 1104}, {0x53, 0x27, 0x2B, 0xFF}}},
	{{{63, -181, 63}, 0, {902, 784}, {0xDC, 0x49, 0x40, 0xFF}}},
	{{{0, -181, 86}, 0, {529, 920}, {0xFF, 0x4C, 0x01, 0xFF}}},
	{{{0, -181, 117}, 0, {529, 1104}, {0x53, 0x27, 0x2B, 0xFF}}},
	{{{-86, -181, 86}, 0, {21, 919}, {0x55, 0x28, 0x2C, 0xFF}}},
	{{{-63, -181, 63}, 0, {156, 784}, {0xFA, 0x4B, 0x13, 0xFF}}},
	{{{-117, -181, 0}, 0, {-165, 411}, {0x4E, 0x24, 0x28, 0xFF}}},
	{{{-86, -181, 0}, 0, {20, 411}, {0x8E, 0x2A, 0x1E, 0xFF}}},
	{{{-86, -181, 0}, 0, {20, 411}, {0x8E, 0x2A, 0x1E, 0xFF}}},
	{{{-63, -181, -63}, 0, {156, 38}, {0xC2, 0x43, 0x35, 0xFF}}},
	{{{-86, -181, -86}, 0, {21, -97}, {0x56, 0x29, 0x2C, 0xFF}}},
	{{{-117, -181, 0}, 0, {-165, 411}, {0x4E, 0x24, 0x28, 0xFF}}},
	{{{-63, -181, -63}, 0, {156, 38}, {0xC2, 0x43, 0x35, 0xFF}}},
	{{{0, -181, -86}, 0, {529, -98}, {0xDE, 0x42, 0x18, 0xFF}}},
	{{{0, -181, -117}, 0, {529, -282}, {0x43, 0x1F, 0x22, 0xFF}}},
	{{{0, -181, -86}, 0, {529, -98}, {0xDE, 0x42, 0x18, 0xFF}}},
	{{{63, -181, -63}, 0, {902, 38}, {0xD6, 0x3E, 0x00, 0xFF}}},
	{{{86, -181, -86}, 0, {1037, -97}, {0x55, 0x29, 0x2C, 0xFF}}},
	{{{0, -181, -117}, 0, {529, -282}, {0x43, 0x1F, 0x22, 0xFF}}},
};

Gfx arena_dl_Plane_004_mesh_layer_1_tri_0[] = {
	gsSPVertex(arena_dl_Plane_004_mesh_layer_1_vtx_0 + 0, 31, 0),
	gsSP2Triangles(0, 1, 2, 0, 0, 2, 3, 0),
	gsSP2Triangles(4, 5, 6, 0, 4, 6, 7, 0),
	gsSP2Triangles(8, 6, 9, 0, 8, 9, 10, 0),
	gsSP2Triangles(11, 12, 13, 0, 11, 13, 14, 0),
	gsSP2Triangles(15, 16, 17, 0, 15, 17, 18, 0),
	gsSP2Triangles(19, 20, 21, 0, 19, 21, 22, 0),
	gsSP2Triangles(23, 24, 25, 0, 23, 25, 26, 0),
	gsSP2Triangles(27, 28, 29, 0, 27, 29, 30, 0),
	gsSPVertex(arena_dl_Plane_004_mesh_layer_1_vtx_0 + 31, 32, 0),
	gsSP2Triangles(0, 1, 2, 0, 0, 2, 3, 0),
	gsSP2Triangles(4, 5, 6, 0, 4, 6, 7, 0),
	gsSP2Triangles(8, 9, 10, 0, 8, 10, 11, 0),
	gsSP2Triangles(12, 13, 14, 0, 12, 14, 15, 0),
	gsSP2Triangles(16, 17, 18, 0, 16, 18, 19, 0),
	gsSP2Triangles(20, 21, 22, 0, 20, 22, 23, 0),
	gsSP2Triangles(24, 25, 26, 0, 24, 26, 27, 0),
	gsSP2Triangles(28, 29, 30, 0, 28, 30, 31, 0),
	gsSPVertex(arena_dl_Plane_004_mesh_layer_1_vtx_0 + 63, 31, 0),
	gsSP2Triangles(0, 1, 2, 0, 0, 3, 1, 0),
	gsSP2Triangles(3, 4, 1, 0, 3, 5, 4, 0),
	gsSP2Triangles(6, 7, 4, 0, 6, 8, 7, 0),
	gsSP2Triangles(8, 9, 7, 0, 8, 10, 9, 0),
	gsSP2Triangles(10, 11, 9, 0, 10, 12, 11, 0),
	gsSP2Triangles(13, 14, 15, 0, 13, 15, 16, 0),
	gsSP2Triangles(17, 18, 19, 0, 17, 19, 15, 0),
	gsSP2Triangles(20, 21, 2, 0, 20, 2, 22, 0),
	gsSP2Triangles(23, 24, 25, 0, 23, 25, 26, 0),
	gsSP2Triangles(27, 28, 29, 0, 27, 29, 30, 0),
	gsSPVertex(arena_dl_Plane_004_mesh_layer_1_vtx_0 + 94, 32, 0),
	gsSP2Triangles(0, 1, 2, 0, 0, 2, 3, 0),
	gsSP2Triangles(4, 5, 6, 0, 4, 6, 7, 0),
	gsSP2Triangles(8, 9, 10, 0, 8, 10, 11, 0),
	gsSP2Triangles(12, 13, 14, 0, 12, 14, 15, 0),
	gsSP2Triangles(16, 17, 18, 0, 16, 18, 19, 0),
	gsSP2Triangles(20, 21, 22, 0, 20, 22, 23, 0),
	gsSP2Triangles(24, 25, 26, 0, 24, 26, 27, 0),
	gsSP2Triangles(28, 29, 30, 0, 28, 30, 31, 0),
	gsSPVertex(arena_dl_Plane_004_mesh_layer_1_vtx_0 + 126, 32, 0),
	gsSP2Triangles(0, 1, 2, 0, 0, 2, 3, 0),
	gsSP2Triangles(4, 5, 6, 0, 4, 6, 7, 0),
	gsSP2Triangles(8, 9, 10, 0, 8, 10, 11, 0),
	gsSP2Triangles(12, 13, 14, 0, 12, 14, 15, 0),
	gsSP2Triangles(16, 17, 18, 0, 16, 18, 19, 0),
	gsSP2Triangles(20, 21, 22, 0, 20, 22, 23, 0),
	gsSP2Triangles(24, 25, 26, 0, 24, 27, 25, 0),
	gsSP2Triangles(27, 28, 25, 0, 27, 29, 28, 0),
	gsSP1Triangle(30, 31, 28, 0),
	gsSPVertex(arena_dl_Plane_004_mesh_layer_1_vtx_0 + 158, 18, 0),
	gsSP2Triangles(0, 1, 2, 0, 1, 3, 2, 0),
	gsSP2Triangles(1, 4, 3, 0, 4, 5, 3, 0),
	gsSP2Triangles(4, 6, 5, 0, 7, 8, 9, 0),
	gsSP2Triangles(7, 9, 10, 0, 11, 12, 13, 0),
	gsSP2Triangles(11, 13, 9, 0, 14, 15, 16, 0),
	gsSP1Triangle(14, 16, 17, 0),
	gsSPEndDisplayList(),
};

Vtx arena_dl_Plane_004_mesh_layer_4_vtx_cull[8] = {
	{{{-117, -215, 117}, 0, {0, 0}, {0x00, 0x00, 0x00, 0x00}}},
	{{{-117, 58, 117}, 0, {0, 0}, {0x00, 0x00, 0x00, 0x00}}},
	{{{-117, 58, -117}, 0, {0, 0}, {0x00, 0x00, 0x00, 0x00}}},
	{{{-117, -215, -117}, 0, {0, 0}, {0x00, 0x00, 0x00, 0x00}}},
	{{{117, -215, 117}, 0, {0, 0}, {0x00, 0x00, 0x00, 0x00}}},
	{{{117, 58, 117}, 0, {0, 0}, {0x00, 0x00, 0x00, 0x00}}},
	{{{117, 58, -117}, 0, {0, 0}, {0x00, 0x00, 0x00, 0x00}}},
	{{{117, -215, -117}, 0, {0, 0}, {0x00, 0x00, 0x00, 0x00}}},
};

Vtx arena_dl_Plane_004_mesh_layer_4_vtx_0[29] = {
	{{{-86, -181, 86}, 0, {-284, 1249}, {0xA6, 0x00, 0x5A, 0xFF}}},
	{{{0, -181, 117}, 0, {496, 1249}, {0x00, 0x00, 0x7F, 0xFF}}},
	{{{0, 23, 117}, 0, {496, -714}, {0x00, 0x00, 0x7F, 0xFF}}},
	{{{-86, 23, 86}, 0, {-284, -714}, {0xA6, 0x00, 0x5A, 0xFF}}},
	{{{86, -181, 86}, 0, {1276, 1249}, {0x5A, 0x00, 0x5A, 0xFF}}},
	{{{86, 23, 86}, 0, {1276, -714}, {0x5A, 0x00, 0x5A, 0xFF}}},
	{{{0, 23, 117}, 0, {496, -714}, {0x00, 0x00, 0x7F, 0xFF}}},
	{{{0, -181, 117}, 0, {496, 1249}, {0x00, 0x00, 0x7F, 0xFF}}},
	{{{117, 23, 0}, 0, {2056, -714}, {0x7F, 0x00, 0x00, 0xFF}}},
	{{{86, 23, 86}, 0, {1276, -714}, {0x5A, 0x00, 0x5A, 0xFF}}},
	{{{86, -181, 86}, 0, {1276, 1249}, {0x5A, 0x00, 0x5A, 0xFF}}},
	{{{117, -181, 0}, 0, {2056, 1249}, {0x7F, 0x00, 0x00, 0xFF}}},
	{{{86, 23, -86}, 0, {2837, -714}, {0x5A, 0x00, 0xA6, 0xFF}}},
	{{{117, 23, 0}, 0, {2056, -714}, {0x7F, 0x00, 0x00, 0xFF}}},
	{{{117, -181, 0}, 0, {2056, 1249}, {0x7F, 0x00, 0x00, 0xFF}}},
	{{{86, -181, -86}, 0, {2837, 1249}, {0x5A, 0x00, 0xA6, 0xFF}}},
	{{{0, 23, -117}, 0, {3617, -714}, {0x00, 0x00, 0x81, 0xFF}}},
	{{{86, 23, -86}, 0, {2837, -714}, {0x5A, 0x00, 0xA6, 0xFF}}},
	{{{86, -181, -86}, 0, {2837, 1249}, {0x5A, 0x00, 0xA6, 0xFF}}},
	{{{0, -181, -117}, 0, {3617, 1249}, {0x00, 0x00, 0x81, 0xFF}}},
	{{{0, 23, -117}, 0, {-2625, -714}, {0x00, 0x00, 0x81, 0xFF}}},
	{{{0, -181, -117}, 0, {-2625, 1249}, {0x00, 0x00, 0x81, 0xFF}}},
	{{{-86, -181, -86}, 0, {-1845, 1249}, {0xA6, 0x00, 0xA6, 0xFF}}},
	{{{-86, 23, -86}, 0, {-1845, -714}, {0xA6, 0x00, 0xA6, 0xFF}}},
	{{{-86, 23, -86}, 0, {-1845, -714}, {0xA6, 0x00, 0xA6, 0xFF}}},
	{{{-117, -181, 0}, 0, {-1064, 1249}, {0x81, 0x00, 0x00, 0xFF}}},
	{{{-117, 23, 0}, 0, {-1064, -714}, {0x81, 0x00, 0x00, 0xFF}}},
	{{{-86, 23, 86}, 0, {-284, -714}, {0xA6, 0x00, 0x5A, 0xFF}}},
	{{{-117, 23, 0}, 0, {-1064, -714}, {0x81, 0x00, 0x00, 0xFF}}},
};

Gfx arena_dl_Plane_004_mesh_layer_4_tri_0[] = {
	gsSPVertex(arena_dl_Plane_004_mesh_layer_4_vtx_0 + 0, 29, 0),
	gsSP2Triangles(0, 1, 2, 0, 0, 2, 3, 0),
	gsSP2Triangles(4, 5, 6, 0, 4, 6, 7, 0),
	gsSP2Triangles(8, 9, 10, 0, 8, 10, 11, 0),
	gsSP2Triangles(12, 13, 14, 0, 12, 14, 15, 0),
	gsSP2Triangles(16, 17, 18, 0, 16, 18, 19, 0),
	gsSP2Triangles(20, 21, 22, 0, 20, 22, 23, 0),
	gsSP2Triangles(24, 22, 25, 0, 24, 25, 26, 0),
	gsSP2Triangles(25, 0, 27, 0, 25, 27, 28, 0),
	gsSPEndDisplayList(),
};

Vtx arena_dl_Plane_005_mesh_layer_1_vtx_cull[8] = {
	{{{-117, -215, 117}, 0, {0, 0}, {0x00, 0x00, 0x00, 0x00}}},
	{{{-117, 58, 117}, 0, {0, 0}, {0x00, 0x00, 0x00, 0x00}}},
	{{{-117, 58, -117}, 0, {0, 0}, {0x00, 0x00, 0x00, 0x00}}},
	{{{-117, -215, -117}, 0, {0, 0}, {0x00, 0x00, 0x00, 0x00}}},
	{{{117, -215, 117}, 0, {0, 0}, {0x00, 0x00, 0x00, 0x00}}},
	{{{117, 58, 117}, 0, {0, 0}, {0x00, 0x00, 0x00, 0x00}}},
	{{{117, 58, -117}, 0, {0, 0}, {0x00, 0x00, 0x00, 0x00}}},
	{{{117, -215, -117}, 0, {0, 0}, {0x00, 0x00, 0x00, 0x00}}},
};

Vtx arena_dl_Plane_005_mesh_layer_1_vtx_0[176] = {
	{{{-86, 58, 86}, 0, {1037, 919}, {0x1D, 0x00, 0x02, 0xFF}}},
	{{{0, 58, 117}, 0, {529, 1104}, {0x10, 0x00, 0x01, 0xFF}}},
	{{{0, 58, 0}, 0, {529, 411}, {0x00, 0x00, 0x00, 0xFF}}},
	{{{-117, 58, 0}, 0, {1222, 411}, {0x02, 0x00, 0x00, 0xFF}}},
	{{{0, 58, 117}, 0, {529, 1104}, {0x10, 0x00, 0x01, 0xFF}}},
	{{{86, 58, 86}, 0, {21, 919}, {0x36, 0x12, 0x14, 0xFF}}},
	{{{117, 58, 0}, 0, {-165, 411}, {0x18, 0x04, 0x05, 0xFF}}},
	{{{0, 58, 0}, 0, {529, 411}, {0x00, 0x00, 0x00, 0xFF}}},
	{{{0, 58, 0}, 0, {529, 411}, {0x00, 0x00, 0x00, 0xFF}}},
	{{{86, 58, -86}, 0, {21, -97}, {0x36, 0x0C, 0x0F, 0xFF}}},
	{{{0, 58, -117}, 0, {529, -282}, {0x04, 0x00, 0x00, 0xFF}}},
	{{{-117, 58, 0}, 0, {1222, 411}, {0x02, 0x00, 0x00, 0xFF}}},
	{{{0, 58, 0}, 0, {529, 411}, {0x00, 0x00, 0x00, 0xFF}}},
	{{{0, 58, -117}, 0, {529, -282}, {0x04, 0x00, 0x00, 0xFF}}},
	{{{-86, 58, -86}, 0, {1037, -97}, {0x4E, 0x00, 0x0B, 0xFF}}},
	{{{-63, 23, 63}, 0, {902, 784}, {0xFF, 0x43, 0x16, 0xFF}}},
	{{{-86, 23, 0}, 0, {1038, 411}, {0xFF, 0x4C, 0x01, 0xFF}}},
	{{{0, 23, 0}, 0, {529, 411}, {0xFF, 0xCE, 0x00, 0xFF}}},
	{{{0, 23, 86}, 0, {529, 920}, {0xFF, 0x4C, 0x00, 0xFF}}},
	{{{0, 23, 86}, 0, {529, 920}, {0xFF, 0x4C, 0x00, 0xFF}}},
	{{{0, 23, 0}, 0, {529, 411}, {0xFF, 0xCE, 0x00, 0xFF}}},
	{{{86, 23, 0}, 0, {20, 411}, {0x9E, 0x2C, 0x01, 0xFF}}},
	{{{63, 23, 63}, 0, {156, 784}, {0xFA, 0x4B, 0x13, 0xFF}}},
	{{{0, 23, 0}, 0, {529, 411}, {0xFF, 0xCE, 0x00, 0xFF}}},
	{{{0, 23, -86}, 0, {529, -98}, {0xE0, 0x42, 0x00, 0xFF}}},
	{{{63, 23, -63}, 0, {156, 38}, {0xE1, 0x44, 0x00, 0xFF}}},
	{{{86, 23, 0}, 0, {20, 411}, {0x9E, 0x2C, 0x01, 0xFF}}},
	{{{-86, 23, 0}, 0, {1038, 411}, {0xFF, 0x4C, 0x01, 0xFF}}},
	{{{-63, 23, -63}, 0, {902, 38}, {0xD6, 0x3E, 0x00, 0xFF}}},
	{{{0, 23, -86}, 0, {529, -98}, {0xE0, 0x42, 0x01, 0xFF}}},
	{{{0, 23, 0}, 0, {529, 411}, {0xFF, 0xCE, 0x00, 0xFF}}},
	{{{-117, 58, 0}, 0, {471, 890}, {0x00, 0x00, 0x00, 0xFF}}},
	{{{-86, 58, -86}, 0, {114, 890}, {0x2F, 0x00, 0x00, 0xFF}}},
	{{{-86, 23, -86}, 0, {114, 678}, {0x49, 0x00, 0x00, 0xFF}}},
	{{{-117, 23, 0}, 0, {471, 678}, {0x00, 0x00, 0x00, 0xFF}}},
	{{{-86, 58, 86}, 0, {580, 890}, {0x00, 0x00, 0x00, 0xFF}}},
	{{{-117, 58, 0}, 0, {223, 890}, {0x00, 0x00, 0x00, 0xFF}}},
	{{{-117, 23, 0}, 0, {223, 678}, {0x00, 0x00, 0x00, 0xFF}}},
	{{{-86, 23, 86}, 0, {580, 678}, {0x00, 0x00, 0x00, 0xFF}}},
	{{{0, 58, 117}, 0, {620, 890}, {0x00, 0x00, 0x00, 0xFF}}},
	{{{-86, 58, 86}, 0, {263, 890}, {0x00, 0x00, 0x00, 0xFF}}},
	{{{-86, 23, 86}, 0, {263, 678}, {0x00, 0x00, 0x00, 0xFF}}},
	{{{0, 23, 117}, 0, {620, 678}, {0x00, 0x00, 0x00, 0xFF}}},
	{{{86, 58, 86}, 0, {729, 890}, {0x00, 0x00, 0x00, 0xFF}}},
	{{{0, 58, 117}, 0, {372, 890}, {0x00, 0x00, 0x00, 0xFF}}},
	{{{0, 23, 117}, 0, {372, 678}, {0x00, 0x00, 0x00, 0xFF}}},
	{{{86, 23, 86}, 0, {729, 678}, {0x22, 0x00, 0x00, 0xFF}}},
	{{{117, 58, 0}, 0, {769, 890}, {0x00, 0x00, 0x00, 0xFF}}},
	{{{86, 58, 86}, 0, {412, 890}, {0x00, 0x00, 0x00, 0xFF}}},
	{{{86, 23, 86}, 0, {412, 678}, {0x24, 0x01, 0x02, 0xFF}}},
	{{{117, 23, 0}, 0, {769, 678}, {0x00, 0x00, 0x00, 0xFF}}},
	{{{86, 58, -86}, 0, {878, 890}, {0x00, 0x00, 0x00, 0xFF}}},
	{{{117, 58, 0}, 0, {521, 890}, {0x00, 0x00, 0x00, 0xFF}}},
	{{{117, 23, 0}, 0, {521, 678}, {0x00, 0x00, 0x00, 0xFF}}},
	{{{86, 23, -86}, 0, {878, 678}, {0x21, 0x00, 0x00, 0xFF}}},
	{{{0, 58, -117}, 0, {918, 890}, {0x00, 0x00, 0x00, 0xFF}}},
	{{{86, 58, -86}, 0, {561, 890}, {0x00, 0x00, 0x00, 0xFF}}},
	{{{86, 23, -86}, 0, {561, 678}, {0x23, 0x00, 0x00, 0xFF}}},
	{{{0, 23, -117}, 0, {918, 678}, {0x00, 0x00, 0x00, 0xFF}}},
	{{{-86, 58, -86}, 0, {431, 890}, {0x34, 0x00, 0x00, 0xFF}}},
	{{{0, 58, -117}, 0, {74, 890}, {0x00, 0x00, 0x00, 0xFF}}},
	{{{0, 23, -117}, 0, {74, 678}, {0x00, 0x00, 0x00, 0xFF}}},
	{{{-86, 23, -86}, 0, {431, 678}, {0x49, 0x00, 0x00, 0xFF}}},
	{{{-63, 23, -63}, 0, {902, 38}, {0xD6, 0x3E, 0x00, 0xFF}}},
	{{{-117, 23, 0}, 0, {1222, 411}, {0x49, 0x22, 0x25, 0xFF}}},
	{{{-86, 23, -86}, 0, {1037, -97}, {0x55, 0x29, 0x2C, 0xFF}}},
	{{{-86, 23, 0}, 0, {1038, 411}, {0xFE, 0x4C, 0x11, 0xFF}}},
	{{{-86, 23, 86}, 0, {1037, 919}, {0x54, 0x28, 0x2B, 0xFF}}},
	{{{-63, 23, 63}, 0, {902, 784}, {0xDC, 0x49, 0x40, 0xFF}}},
	{{{-63, 23, 63}, 0, {902, 784}, {0xDC, 0x49, 0x40, 0xFF}}},
	{{{0, 23, 117}, 0, {529, 1104}, {0x53, 0x27, 0x2B, 0xFF}}},
	{{{0, 23, 86}, 0, {529, 920}, {0xFF, 0x4C, 0x01, 0xFF}}},
	{{{86, 23, 86}, 0, {21, 919}, {0x55, 0x28, 0x2C, 0xFF}}},
	{{{63, 23, 63}, 0, {156, 784}, {0xFA, 0x4B, 0x13, 0xFF}}},
	{{{117, 23, 0}, 0, {-165, 411}, {0x4E, 0x24, 0x28, 0xFF}}},
	{{{86, 23, 0}, 0, {20, 411}, {0x8E, 0x2A, 0x1E, 0xFF}}},
	{{{86, 23, 0}, 0, {20, 411}, {0x8E, 0x2A, 0x1E, 0xFF}}},
	{{{63, 23, -63}, 0, {156, 38}, {0xC2, 0x43, 0x35, 0xFF}}},
	{{{86, 23, -86}, 0, {21, -97}, {0x56, 0x29, 0x2C, 0xFF}}},
	{{{117, 23, 0}, 0, {-165, 411}, {0x4E, 0x24, 0x28, 0xFF}}},
	{{{63, 23, -63}, 0, {156, 38}, {0xC2, 0x43, 0x35, 0xFF}}},
	{{{0, 23, -86}, 0, {529, -98}, {0xDE, 0x42, 0x18, 0xFF}}},
	{{{0, 23, -117}, 0, {529, -282}, {0x43, 0x1F, 0x22, 0xFF}}},
	{{{0, 23, -86}, 0, {529, -98}, {0xDE, 0x42, 0x18, 0xFF}}},
	{{{-63, 23, -63}, 0, {902, 38}, {0xD6, 0x3E, 0x00, 0xFF}}},
	{{{0, 23, -117}, 0, {529, -282}, {0x43, 0x1F, 0x22, 0xFF}}},
	{{{86, -215, 86}, 0, {1037, 919}, {0x1D, 0x00, 0x02, 0xFF}}},
	{{{0, -215, 117}, 0, {529, 1104}, {0x10, 0x00, 0x01, 0xFF}}},
	{{{0, -215, 0}, 0, {529, 411}, {0x00, 0x00, 0x00, 0xFF}}},
	{{{117, -215, 0}, 0, {1222, 411}, {0x02, 0x00, 0x00, 0xFF}}},
	{{{0, -215, 117}, 0, {529, 1104}, {0x10, 0x00, 0x01, 0xFF}}},
	{{{-86, -215, 86}, 0, {21, 919}, {0x36, 0x12, 0x14, 0xFF}}},
	{{{-117, -215, 0}, 0, {-165, 411}, {0x18, 0x04, 0x05, 0xFF}}},
	{{{0, -215, 0}, 0, {529, 411}, {0x00, 0x00, 0x00, 0xFF}}},
	{{{0, -215, 0}, 0, {529, 411}, {0x00, 0x00, 0x00, 0xFF}}},
	{{{-117, -215, 0}, 0, {-165, 411}, {0x18, 0x04, 0x05, 0xFF}}},
	{{{-86, -215, -86}, 0, {21, -97}, {0x36, 0x0C, 0x0F, 0xFF}}},
	{{{0, -215, -117}, 0, {529, -282}, {0x04, 0x00, 0x00, 0xFF}}},
	{{{117, -215, 0}, 0, {1222, 411}, {0x02, 0x00, 0x00, 0xFF}}},
	{{{0, -215, 0}, 0, {529, 411}, {0x00, 0x00, 0x00, 0xFF}}},
	{{{0, -215, -117}, 0, {529, -282}, {0x04, 0x00, 0x00, 0xFF}}},
	{{{86, -215, -86}, 0, {1037, -97}, {0x4E, 0x00, 0x0B, 0xFF}}},
	{{{63, -181, 63}, 0, {902, 784}, {0xFF, 0x43, 0x16, 0xFF}}},
	{{{86, -181, 0}, 0, {1038, 411}, {0xFF, 0x4C, 0x01, 0xFF}}},
	{{{0, -181, 0}, 0, {529, 411}, {0xFF, 0xCE, 0x00, 0xFF}}},
	{{{0, -181, 86}, 0, {529, 920}, {0xFF, 0x4C, 0x00, 0xFF}}},
	{{{0, -181, 86}, 0, {529, 920}, {0xFF, 0x4C, 0x00, 0xFF}}},
	{{{0, -181, 0}, 0, {529, 411}, {0xFF, 0xCE, 0x00, 0xFF}}},
	{{{-86, -181, 0}, 0, {20, 411}, {0x9E, 0x2C, 0x01, 0xFF}}},
	{{{-63, -181, 63}, 0, {156, 784}, {0xFA, 0x4B, 0x13, 0xFF}}},
	{{{0, -181, 0}, 0, {529, 411}, {0xFF, 0xCE, 0x00, 0xFF}}},
	{{{0, -181, -86}, 0, {529, -98}, {0xE0, 0x42, 0x00, 0xFF}}},
	{{{-63, -181, -63}, 0, {156, 38}, {0xE1, 0x44, 0x00, 0xFF}}},
	{{{-86, -181, 0}, 0, {20, 411}, {0x9E, 0x2C, 0x01, 0xFF}}},
	{{{86, -181, 0}, 0, {1038, 411}, {0xFF, 0x4C, 0x01, 0xFF}}},
	{{{63, -181, -63}, 0, {902, 38}, {0xD6, 0x3E, 0x00, 0xFF}}},
	{{{0, -181, -86}, 0, {529, -98}, {0xE0, 0x42, 0x01, 0xFF}}},
	{{{0, -181, 0}, 0, {529, 411}, {0xFF, 0xCE, 0x00, 0xFF}}},
	{{{117, -215, 0}, 0, {471, 602}, {0x02, 0x00, 0x00, 0xFF}}},
	{{{86, -215, -86}, 0, {114, 602}, {0x4E, 0x00, 0x0B, 0xFF}}},
	{{{86, -181, -86}, 0, {114, 390}, {0x55, 0x29, 0x2C, 0xFF}}},
	{{{117, -181, 0}, 0, {471, 390}, {0x49, 0x22, 0x25, 0xFF}}},
	{{{86, -215, 86}, 0, {580, 602}, {0x1D, 0x00, 0x02, 0xFF}}},
	{{{117, -215, 0}, 0, {223, 602}, {0x02, 0x00, 0x00, 0xFF}}},
	{{{117, -181, 0}, 0, {223, 390}, {0x49, 0x22, 0x25, 0xFF}}},
	{{{86, -181, 86}, 0, {580, 390}, {0x54, 0x28, 0x2B, 0xFF}}},
	{{{0, -215, 117}, 0, {620, 602}, {0x10, 0x00, 0x01, 0xFF}}},
	{{{86, -215, 86}, 0, {263, 602}, {0x1D, 0x00, 0x02, 0xFF}}},
	{{{86, -181, 86}, 0, {263, 390}, {0x54, 0x28, 0x2B, 0xFF}}},
	{{{0, -181, 117}, 0, {620, 390}, {0x53, 0x27, 0x2B, 0xFF}}},
	{{{-86, -215, 86}, 0, {729, 602}, {0x36, 0x12, 0x14, 0xFF}}},
	{{{0, -215, 117}, 0, {372, 602}, {0x10, 0x00, 0x01, 0xFF}}},
	{{{0, -181, 117}, 0, {372, 390}, {0x53, 0x27, 0x2B, 0xFF}}},
	{{{-86, -181, 86}, 0, {729, 390}, {0x55, 0x28, 0x2C, 0xFF}}},
	{{{-117, -215, 0}, 0, {769, 602}, {0x18, 0x04, 0x05, 0xFF}}},
	{{{-86, -215, 86}, 0, {412, 602}, {0x36, 0x12, 0x14, 0xFF}}},
	{{{-86, -181, 86}, 0, {412, 390}, {0x55, 0x28, 0x2C, 0xFF}}},
	{{{-117, -181, 0}, 0, {769, 390}, {0x4E, 0x24, 0x28, 0xFF}}},
	{{{-86, -215, -86}, 0, {878, 602}, {0x36, 0x0C, 0x0F, 0xFF}}},
	{{{-117, -215, 0}, 0, {521, 602}, {0x18, 0x04, 0x05, 0xFF}}},
	{{{-117, -181, 0}, 0, {521, 390}, {0x4E, 0x24, 0x28, 0xFF}}},
	{{{-86, -181, -86}, 0, {878, 390}, {0x56, 0x29, 0x2C, 0xFF}}},
	{{{0, -215, -117}, 0, {918, 602}, {0x04, 0x00, 0x00, 0xFF}}},
	{{{-86, -215, -86}, 0, {561, 602}, {0x36, 0x0C, 0x0F, 0xFF}}},
	{{{-86, -181, -86}, 0, {561, 390}, {0x56, 0x29, 0x2C, 0xFF}}},
	{{{0, -181, -117}, 0, {918, 390}, {0x43, 0x1F, 0x22, 0xFF}}},
	{{{86, -215, -86}, 0, {431, 602}, {0x4E, 0x00, 0x0B, 0xFF}}},
	{{{0, -215, -117}, 0, {74, 602}, {0x04, 0x00, 0x00, 0xFF}}},
	{{{0, -181, -117}, 0, {74, 390}, {0x43, 0x1F, 0x22, 0xFF}}},
	{{{86, -181, -86}, 0, {431, 390}, {0x55, 0x29, 0x2C, 0xFF}}},
	{{{63, -181, -63}, 0, {902, 38}, {0xD6, 0x3E, 0x00, 0xFF}}},
	{{{117, -181, 0}, 0, {1222, 411}, {0x49, 0x22, 0x25, 0xFF}}},
	{{{86, -181, -86}, 0, {1037, -97}, {0x55, 0x29, 0x2C, 0xFF}}},
	{{{86, -181, 0}, 0, {1038, 411}, {0xFE, 0x4C, 0x11, 0xFF}}},
	{{{86, -181, 86}, 0, {1037, 919}, {0x54, 0x28, 0x2B, 0xFF}}},
	{{{63, -181, 63}, 0, {902, 784}, {0xDC, 0x49, 0x40, 0xFF}}},
	{{{63, -181, 63}, 0, {902, 784}, {0xDC, 0x49, 0x40, 0xFF}}},
	{{{0, -181, 117}, 0, {529, 1104}, {0x53, 0x27, 0x2B, 0xFF}}},
	{{{63, -181, 63}, 0, {902, 784}, {0xDC, 0x49, 0x40, 0xFF}}},
	{{{0, -181, 86}, 0, {529, 920}, {0xFF, 0x4C, 0x01, 0xFF}}},
	{{{0, -181, 117}, 0, {529, 1104}, {0x53, 0x27, 0x2B, 0xFF}}},
	{{{-86, -181, 86}, 0, {21, 919}, {0x55, 0x28, 0x2C, 0xFF}}},
	{{{-63, -181, 63}, 0, {156, 784}, {0xFA, 0x4B, 0x13, 0xFF}}},
	{{{-117, -181, 0}, 0, {-165, 411}, {0x4E, 0x24, 0x28, 0xFF}}},
	{{{-86, -181, 0}, 0, {20, 411}, {0x8E, 0x2A, 0x1E, 0xFF}}},
	{{{-86, -181, 0}, 0, {20, 411}, {0x8E, 0x2A, 0x1E, 0xFF}}},
	{{{-63, -181, -63}, 0, {156, 38}, {0xC2, 0x43, 0x35, 0xFF}}},
	{{{-86, -181, -86}, 0, {21, -97}, {0x56, 0x29, 0x2C, 0xFF}}},
	{{{-117, -181, 0}, 0, {-165, 411}, {0x4E, 0x24, 0x28, 0xFF}}},
	{{{-63, -181, -63}, 0, {156, 38}, {0xC2, 0x43, 0x35, 0xFF}}},
	{{{0, -181, -86}, 0, {529, -98}, {0xDE, 0x42, 0x18, 0xFF}}},
	{{{0, -181, -117}, 0, {529, -282}, {0x43, 0x1F, 0x22, 0xFF}}},
	{{{0, -181, -86}, 0, {529, -98}, {0xDE, 0x42, 0x18, 0xFF}}},
	{{{63, -181, -63}, 0, {902, 38}, {0xD6, 0x3E, 0x00, 0xFF}}},
	{{{86, -181, -86}, 0, {1037, -97}, {0x55, 0x29, 0x2C, 0xFF}}},
	{{{0, -181, -117}, 0, {529, -282}, {0x43, 0x1F, 0x22, 0xFF}}},
};

Gfx arena_dl_Plane_005_mesh_layer_1_tri_0[] = {
	gsSPVertex(arena_dl_Plane_005_mesh_layer_1_vtx_0 + 0, 31, 0),
	gsSP2Triangles(0, 1, 2, 0, 0, 2, 3, 0),
	gsSP2Triangles(4, 5, 6, 0, 4, 6, 7, 0),
	gsSP2Triangles(8, 6, 9, 0, 8, 9, 10, 0),
	gsSP2Triangles(11, 12, 13, 0, 11, 13, 14, 0),
	gsSP2Triangles(15, 16, 17, 0, 15, 17, 18, 0),
	gsSP2Triangles(19, 20, 21, 0, 19, 21, 22, 0),
	gsSP2Triangles(23, 24, 25, 0, 23, 25, 26, 0),
	gsSP2Triangles(27, 28, 29, 0, 27, 29, 30, 0),
	gsSPVertex(arena_dl_Plane_005_mesh_layer_1_vtx_0 + 31, 32, 0),
	gsSP2Triangles(0, 1, 2, 0, 0, 2, 3, 0),
	gsSP2Triangles(4, 5, 6, 0, 4, 6, 7, 0),
	gsSP2Triangles(8, 9, 10, 0, 8, 10, 11, 0),
	gsSP2Triangles(12, 13, 14, 0, 12, 14, 15, 0),
	gsSP2Triangles(16, 17, 18, 0, 16, 18, 19, 0),
	gsSP2Triangles(20, 21, 22, 0, 20, 22, 23, 0),
	gsSP2Triangles(24, 25, 26, 0, 24, 26, 27, 0),
	gsSP2Triangles(28, 29, 30, 0, 28, 30, 31, 0),
	gsSPVertex(arena_dl_Plane_005_mesh_layer_1_vtx_0 + 63, 31, 0),
	gsSP2Triangles(0, 1, 2, 0, 0, 3, 1, 0),
	gsSP2Triangles(3, 4, 1, 0, 3, 5, 4, 0),
	gsSP2Triangles(6, 7, 4, 0, 6, 8, 7, 0),
	gsSP2Triangles(8, 9, 7, 0, 8, 10, 9, 0),
	gsSP2Triangles(10, 11, 9, 0, 10, 12, 11, 0),
	gsSP2Triangles(13, 14, 15, 0, 13, 15, 16, 0),
	gsSP2Triangles(17, 18, 19, 0, 17, 19, 15, 0),
	gsSP2Triangles(20, 21, 2, 0, 20, 2, 22, 0),
	gsSP2Triangles(23, 24, 25, 0, 23, 25, 26, 0),
	gsSP2Triangles(27, 28, 29, 0, 27, 29, 30, 0),
	gsSPVertex(arena_dl_Plane_005_mesh_layer_1_vtx_0 + 94, 32, 0),
	gsSP2Triangles(0, 1, 2, 0, 0, 2, 3, 0),
	gsSP2Triangles(4, 5, 6, 0, 4, 6, 7, 0),
	gsSP2Triangles(8, 9, 10, 0, 8, 10, 11, 0),
	gsSP2Triangles(12, 13, 14, 0, 12, 14, 15, 0),
	gsSP2Triangles(16, 17, 18, 0, 16, 18, 19, 0),
	gsSP2Triangles(20, 21, 22, 0, 20, 22, 23, 0),
	gsSP2Triangles(24, 25, 26, 0, 24, 26, 27, 0),
	gsSP2Triangles(28, 29, 30, 0, 28, 30, 31, 0),
	gsSPVertex(arena_dl_Plane_005_mesh_layer_1_vtx_0 + 126, 32, 0),
	gsSP2Triangles(0, 1, 2, 0, 0, 2, 3, 0),
	gsSP2Triangles(4, 5, 6, 0, 4, 6, 7, 0),
	gsSP2Triangles(8, 9, 10, 0, 8, 10, 11, 0),
	gsSP2Triangles(12, 13, 14, 0, 12, 14, 15, 0),
	gsSP2Triangles(16, 17, 18, 0, 16, 18, 19, 0),
	gsSP2Triangles(20, 21, 22, 0, 20, 22, 23, 0),
	gsSP2Triangles(24, 25, 26, 0, 24, 27, 25, 0),
	gsSP2Triangles(27, 28, 25, 0, 27, 29, 28, 0),
	gsSP1Triangle(30, 31, 28, 0),
	gsSPVertex(arena_dl_Plane_005_mesh_layer_1_vtx_0 + 158, 18, 0),
	gsSP2Triangles(0, 1, 2, 0, 1, 3, 2, 0),
	gsSP2Triangles(1, 4, 3, 0, 4, 5, 3, 0),
	gsSP2Triangles(4, 6, 5, 0, 7, 8, 9, 0),
	gsSP2Triangles(7, 9, 10, 0, 11, 12, 13, 0),
	gsSP2Triangles(11, 13, 9, 0, 14, 15, 16, 0),
	gsSP1Triangle(14, 16, 17, 0),
	gsSPEndDisplayList(),
};

Vtx arena_dl_Plane_005_mesh_layer_4_vtx_cull[8] = {
	{{{-117, -215, 117}, 0, {0, 0}, {0x00, 0x00, 0x00, 0x00}}},
	{{{-117, 58, 117}, 0, {0, 0}, {0x00, 0x00, 0x00, 0x00}}},
	{{{-117, 58, -117}, 0, {0, 0}, {0x00, 0x00, 0x00, 0x00}}},
	{{{-117, -215, -117}, 0, {0, 0}, {0x00, 0x00, 0x00, 0x00}}},
	{{{117, -215, 117}, 0, {0, 0}, {0x00, 0x00, 0x00, 0x00}}},
	{{{117, 58, 117}, 0, {0, 0}, {0x00, 0x00, 0x00, 0x00}}},
	{{{117, 58, -117}, 0, {0, 0}, {0x00, 0x00, 0x00, 0x00}}},
	{{{117, -215, -117}, 0, {0, 0}, {0x00, 0x00, 0x00, 0x00}}},
};

Vtx arena_dl_Plane_005_mesh_layer_4_vtx_0[29] = {
	{{{-86, -181, 86}, 0, {-284, 1249}, {0xA6, 0x00, 0x5A, 0xFF}}},
	{{{0, -181, 117}, 0, {496, 1249}, {0x00, 0x00, 0x7F, 0xFF}}},
	{{{0, 23, 117}, 0, {496, -714}, {0x00, 0x00, 0x7F, 0xFF}}},
	{{{-86, 23, 86}, 0, {-284, -714}, {0xA6, 0x00, 0x5A, 0xFF}}},
	{{{86, -181, 86}, 0, {1276, 1249}, {0x5A, 0x00, 0x5A, 0xFF}}},
	{{{86, 23, 86}, 0, {1276, -714}, {0x5A, 0x00, 0x5A, 0xFF}}},
	{{{0, 23, 117}, 0, {496, -714}, {0x00, 0x00, 0x7F, 0xFF}}},
	{{{0, -181, 117}, 0, {496, 1249}, {0x00, 0x00, 0x7F, 0xFF}}},
	{{{117, 23, 0}, 0, {2056, -714}, {0x7F, 0x00, 0x00, 0xFF}}},
	{{{86, 23, 86}, 0, {1276, -714}, {0x5A, 0x00, 0x5A, 0xFF}}},
	{{{86, -181, 86}, 0, {1276, 1249}, {0x5A, 0x00, 0x5A, 0xFF}}},
	{{{117, -181, 0}, 0, {2056, 1249}, {0x7F, 0x00, 0x00, 0xFF}}},
	{{{86, 23, -86}, 0, {2837, -714}, {0x5A, 0x00, 0xA6, 0xFF}}},
	{{{117, 23, 0}, 0, {2056, -714}, {0x7F, 0x00, 0x00, 0xFF}}},
	{{{117, -181, 0}, 0, {2056, 1249}, {0x7F, 0x00, 0x00, 0xFF}}},
	{{{86, -181, -86}, 0, {2837, 1249}, {0x5A, 0x00, 0xA6, 0xFF}}},
	{{{0, 23, -117}, 0, {3617, -714}, {0x00, 0x00, 0x81, 0xFF}}},
	{{{86, 23, -86}, 0, {2837, -714}, {0x5A, 0x00, 0xA6, 0xFF}}},
	{{{86, -181, -86}, 0, {2837, 1249}, {0x5A, 0x00, 0xA6, 0xFF}}},
	{{{0, -181, -117}, 0, {3617, 1249}, {0x00, 0x00, 0x81, 0xFF}}},
	{{{0, 23, -117}, 0, {-2625, -714}, {0x00, 0x00, 0x81, 0xFF}}},
	{{{0, -181, -117}, 0, {-2625, 1249}, {0x00, 0x00, 0x81, 0xFF}}},
	{{{-86, -181, -86}, 0, {-1845, 1249}, {0xA6, 0x00, 0xA6, 0xFF}}},
	{{{-86, 23, -86}, 0, {-1845, -714}, {0xA6, 0x00, 0xA6, 0xFF}}},
	{{{-86, 23, -86}, 0, {-1845, -714}, {0xA6, 0x00, 0xA6, 0xFF}}},
	{{{-117, -181, 0}, 0, {-1064, 1249}, {0x81, 0x00, 0x00, 0xFF}}},
	{{{-117, 23, 0}, 0, {-1064, -714}, {0x81, 0x00, 0x00, 0xFF}}},
	{{{-86, 23, 86}, 0, {-284, -714}, {0xA6, 0x00, 0x5A, 0xFF}}},
	{{{-117, 23, 0}, 0, {-1064, -714}, {0x81, 0x00, 0x00, 0xFF}}},
};

Gfx arena_dl_Plane_005_mesh_layer_4_tri_0[] = {
	gsSPVertex(arena_dl_Plane_005_mesh_layer_4_vtx_0 + 0, 29, 0),
	gsSP2Triangles(0, 1, 2, 0, 0, 2, 3, 0),
	gsSP2Triangles(4, 5, 6, 0, 4, 6, 7, 0),
	gsSP2Triangles(8, 9, 10, 0, 8, 10, 11, 0),
	gsSP2Triangles(12, 13, 14, 0, 12, 14, 15, 0),
	gsSP2Triangles(16, 17, 18, 0, 16, 18, 19, 0),
	gsSP2Triangles(20, 21, 22, 0, 20, 22, 23, 0),
	gsSP2Triangles(24, 22, 25, 0, 24, 25, 26, 0),
	gsSP2Triangles(25, 0, 27, 0, 25, 27, 28, 0),
	gsSPEndDisplayList(),
};

Vtx arena_dl_Plane_006_mesh_layer_1_vtx_cull[8] = {
	{{{-28, -391, 28}, 0, {0, 0}, {0x00, 0x00, 0x00, 0x00}}},
	{{{-28, 596, 28}, 0, {0, 0}, {0x00, 0x00, 0x00, 0x00}}},
	{{{-28, 596, -28}, 0, {0, 0}, {0x00, 0x00, 0x00, 0x00}}},
	{{{-28, -391, -28}, 0, {0, 0}, {0x00, 0x00, 0x00, 0x00}}},
	{{{28, -391, 28}, 0, {0, 0}, {0x00, 0x00, 0x00, 0x00}}},
	{{{28, 596, 28}, 0, {0, 0}, {0x00, 0x00, 0x00, 0x00}}},
	{{{28, 596, -28}, 0, {0, 0}, {0x00, 0x00, 0x00, 0x00}}},
	{{{28, -391, -28}, 0, {0, 0}, {0x00, 0x00, 0x00, 0x00}}},
};

Vtx arena_dl_Plane_006_mesh_layer_1_vtx_0[52] = {
	{{{-21, 596, 21}, 0, {422, 3296}, {0x00, 0x00, 0x00, 0xFF}}},
	{{{0, 596, 28}, 0, {496, 3296}, {0x00, 0x00, 0x00, 0xFF}}},
	{{{0, 596, 0}, 0, {496, 3296}, {0x00, 0x00, 0x00, 0xFF}}},
	{{{-28, 596, 0}, 0, {347, 3296}, {0x00, 0x00, 0x00, 0xFF}}},
	{{{0, 596, 28}, 0, {496, 3296}, {0x00, 0x00, 0x00, 0xFF}}},
	{{{21, 596, 21}, 0, {570, 3296}, {0x00, 0x00, 0x00, 0xFF}}},
	{{{28, 596, 0}, 0, {645, 3296}, {0x00, 0x00, 0x00, 0xFF}}},
	{{{0, 596, 0}, 0, {496, 3296}, {0x00, 0x00, 0x00, 0xFF}}},
	{{{0, 596, 0}, 0, {496, 3296}, {0x00, 0x00, 0x00, 0xFF}}},
	{{{28, 596, 0}, 0, {645, 3296}, {0x00, 0x00, 0x00, 0xFF}}},
	{{{21, 596, -21}, 0, {719, 3296}, {0x02, 0x01, 0x01, 0xFF}}},
	{{{0, 596, -28}, 0, {794, 3296}, {0x04, 0x01, 0x02, 0xFF}}},
	{{{-28, 596, 0}, 0, {347, 3296}, {0x00, 0x00, 0x00, 0xFF}}},
	{{{0, 596, 0}, 0, {496, 3296}, {0x00, 0x00, 0x00, 0xFF}}},
	{{{0, 596, -28}, 0, {198, 3296}, {0x04, 0x01, 0x02, 0xFF}}},
	{{{-21, 596, -21}, 0, {273, 3296}, {0x04, 0x01, 0x02, 0xFF}}},
	{{{0, -391, 0}, 0, {496, -2304}, {0x77, 0x26, 0x35, 0xFF}}},
	{{{0, -391, -28}, 0, {794, -2304}, {0x77, 0x26, 0x35, 0xFF}}},
	{{{21, -391, -21}, 0, {719, -2304}, {0x77, 0x26, 0x35, 0xFF}}},
	{{{28, -391, 0}, 0, {645, -2304}, {0x77, 0x26, 0x35, 0xFF}}},
	{{{21, 596, -21}, 0, {719, 3296}, {0x00, 0x00, 0x0A, 0xFF}}},
	{{{28, 596, 0}, 0, {645, 3296}, {0x00, 0x00, 0x02, 0xFF}}},
	{{{0, -391, 28}, 0, {496, -2304}, {0x77, 0x26, 0x35, 0xFF}}},
	{{{-21, -391, 21}, 0, {422, -2304}, {0x77, 0x26, 0x35, 0xFF}}},
	{{{-28, -391, 0}, 0, {347, -2304}, {0x77, 0x26, 0x35, 0xFF}}},
	{{{-21, 596, 21}, 0, {422, 3296}, {0x00, 0x00, 0x00, 0xFF}}},
	{{{-28, 596, 0}, 0, {347, 3296}, {0x00, 0x00, 0x01, 0xFF}}},
	{{{0, -391, -28}, 0, {198, -2304}, {0x77, 0x26, 0x35, 0xFF}}},
	{{{-21, -391, -21}, 0, {273, -2304}, {0x77, 0x26, 0x35, 0xFF}}},
	{{{21, -391, 21}, 0, {570, -2304}, {0x77, 0x26, 0x35, 0xFF}}},
	{{{28, 596, 0}, 0, {645, 3296}, {0x00, 0x00, 0x04, 0xFF}}},
	{{{21, 596, 21}, 0, {570, 3296}, {0x00, 0x00, 0x02, 0xFF}}},
	{{{-28, 596, 0}, 0, {347, 3296}, {0x00, 0x00, 0x01, 0xFF}}},
	{{{-21, 596, -21}, 0, {273, 3296}, {0x00, 0x00, 0x06, 0xFF}}},
	{{{-21, -391, -21}, 0, {273, -2304}, {0x77, 0x26, 0x35, 0xFF}}},
	{{{-28, -391, 0}, 0, {347, -2304}, {0x77, 0x26, 0x35, 0xFF}}},
	{{{0, 596, 28}, 0, {496, 3296}, {0x00, 0x00, 0x00, 0xFF}}},
	{{{-21, 596, 21}, 0, {422, 3296}, {0x00, 0x00, 0x00, 0xFF}}},
	{{{-21, -391, 21}, 0, {422, -2304}, {0x77, 0x26, 0x35, 0xFF}}},
	{{{0, -391, 28}, 0, {496, -2304}, {0x77, 0x26, 0x35, 0xFF}}},
	{{{21, 596, 21}, 0, {570, 3296}, {0x00, 0x00, 0x01, 0xFF}}},
	{{{0, 596, 28}, 0, {496, 3296}, {0x00, 0x00, 0x01, 0xFF}}},
	{{{0, -391, 28}, 0, {496, -2304}, {0x77, 0x26, 0x35, 0xFF}}},
	{{{21, -391, 21}, 0, {570, -2304}, {0x77, 0x26, 0x35, 0xFF}}},
	{{{0, 596, -28}, 0, {794, 3296}, {0x00, 0x00, 0x17, 0xFF}}},
	{{{21, 596, -21}, 0, {719, 3296}, {0x00, 0x00, 0x09, 0xFF}}},
	{{{21, -391, -21}, 0, {719, -2304}, {0x77, 0x26, 0x35, 0xFF}}},
	{{{0, -391, -28}, 0, {794, -2304}, {0x77, 0x26, 0x35, 0xFF}}},
	{{{-21, 596, -21}, 0, {273, 3296}, {0x00, 0x00, 0x1C, 0xFF}}},
	{{{0, 596, -28}, 0, {198, 3296}, {0x00, 0x00, 0x16, 0xFF}}},
	{{{0, -391, -28}, 0, {198, -2304}, {0x77, 0x26, 0x35, 0xFF}}},
	{{{-21, -391, -21}, 0, {273, -2304}, {0x77, 0x26, 0x35, 0xFF}}},
};

Gfx arena_dl_Plane_006_mesh_layer_1_tri_0[] = {
	gsSPVertex(arena_dl_Plane_006_mesh_layer_1_vtx_0 + 0, 32, 0),
	gsSP2Triangles(0, 1, 2, 0, 0, 2, 3, 0),
	gsSP2Triangles(4, 5, 6, 0, 4, 6, 7, 0),
	gsSP2Triangles(8, 9, 10, 0, 8, 10, 11, 0),
	gsSP2Triangles(12, 13, 14, 0, 12, 14, 15, 0),
	gsSP2Triangles(16, 17, 18, 0, 16, 18, 19, 0),
	gsSP2Triangles(20, 19, 18, 0, 20, 21, 19, 0),
	gsSP2Triangles(22, 16, 19, 0, 23, 16, 22, 0),
	gsSP2Triangles(23, 24, 16, 0, 25, 24, 23, 0),
	gsSP2Triangles(25, 26, 24, 0, 24, 27, 16, 0),
	gsSP2Triangles(24, 28, 27, 0, 22, 19, 29, 0),
	gsSP2Triangles(30, 29, 19, 0, 30, 31, 29, 0),
	gsSPVertex(arena_dl_Plane_006_mesh_layer_1_vtx_0 + 32, 20, 0),
	gsSP2Triangles(0, 1, 2, 0, 0, 2, 3, 0),
	gsSP2Triangles(4, 5, 6, 0, 4, 6, 7, 0),
	gsSP2Triangles(8, 9, 10, 0, 8, 10, 11, 0),
	gsSP2Triangles(12, 13, 14, 0, 12, 14, 15, 0),
	gsSP2Triangles(16, 17, 18, 0, 16, 18, 19, 0),
	gsSPEndDisplayList(),
};

Vtx arena_dl_Plane_007_mesh_layer_1_vtx_cull[8] = {
	{{{-117, -215, 117}, 0, {0, 0}, {0x00, 0x00, 0x00, 0x00}}},
	{{{-117, 58, 117}, 0, {0, 0}, {0x00, 0x00, 0x00, 0x00}}},
	{{{-117, 58, -117}, 0, {0, 0}, {0x00, 0x00, 0x00, 0x00}}},
	{{{-117, -215, -117}, 0, {0, 0}, {0x00, 0x00, 0x00, 0x00}}},
	{{{117, -215, 117}, 0, {0, 0}, {0x00, 0x00, 0x00, 0x00}}},
	{{{117, 58, 117}, 0, {0, 0}, {0x00, 0x00, 0x00, 0x00}}},
	{{{117, 58, -117}, 0, {0, 0}, {0x00, 0x00, 0x00, 0x00}}},
	{{{117, -215, -117}, 0, {0, 0}, {0x00, 0x00, 0x00, 0x00}}},
};

Vtx arena_dl_Plane_007_mesh_layer_1_vtx_0[176] = {
	{{{-86, 58, 86}, 0, {1037, 919}, {0x1D, 0x00, 0x02, 0xFF}}},
	{{{0, 58, 117}, 0, {529, 1104}, {0x10, 0x00, 0x01, 0xFF}}},
	{{{0, 58, 0}, 0, {529, 411}, {0x00, 0x00, 0x00, 0xFF}}},
	{{{-117, 58, 0}, 0, {1222, 411}, {0x02, 0x00, 0x00, 0xFF}}},
	{{{0, 58, 117}, 0, {529, 1104}, {0x10, 0x00, 0x01, 0xFF}}},
	{{{86, 58, 86}, 0, {21, 919}, {0x36, 0x12, 0x14, 0xFF}}},
	{{{117, 58, 0}, 0, {-165, 411}, {0x18, 0x04, 0x05, 0xFF}}},
	{{{0, 58, 0}, 0, {529, 411}, {0x00, 0x00, 0x00, 0xFF}}},
	{{{0, 58, 0}, 0, {529, 411}, {0x00, 0x00, 0x00, 0xFF}}},
	{{{86, 58, -86}, 0, {21, -97}, {0x36, 0x0C, 0x0F, 0xFF}}},
	{{{0, 58, -117}, 0, {529, -282}, {0x04, 0x00, 0x00, 0xFF}}},
	{{{-117, 58, 0}, 0, {1222, 411}, {0x02, 0x00, 0x00, 0xFF}}},
	{{{0, 58, 0}, 0, {529, 411}, {0x00, 0x00, 0x00, 0xFF}}},
	{{{0, 58, -117}, 0, {529, -282}, {0x04, 0x00, 0x00, 0xFF}}},
	{{{-86, 58, -86}, 0, {1037, -97}, {0x4E, 0x00, 0x0B, 0xFF}}},
	{{{-63, 23, 63}, 0, {902, 784}, {0xFF, 0x43, 0x16, 0xFF}}},
	{{{-86, 23, 0}, 0, {1038, 411}, {0xFF, 0x4C, 0x01, 0xFF}}},
	{{{0, 23, 0}, 0, {529, 411}, {0xFF, 0xCE, 0x00, 0xFF}}},
	{{{0, 23, 86}, 0, {529, 920}, {0xFF, 0x4C, 0x00, 0xFF}}},
	{{{0, 23, 86}, 0, {529, 920}, {0xFF, 0x4C, 0x00, 0xFF}}},
	{{{0, 23, 0}, 0, {529, 411}, {0xFF, 0xCE, 0x00, 0xFF}}},
	{{{86, 23, 0}, 0, {20, 411}, {0x9E, 0x2C, 0x01, 0xFF}}},
	{{{63, 23, 63}, 0, {156, 784}, {0xFA, 0x4B, 0x13, 0xFF}}},
	{{{0, 23, 0}, 0, {529, 411}, {0xFF, 0xCE, 0x00, 0xFF}}},
	{{{0, 23, -86}, 0, {529, -98}, {0xE0, 0x42, 0x00, 0xFF}}},
	{{{63, 23, -63}, 0, {156, 38}, {0xE1, 0x44, 0x00, 0xFF}}},
	{{{86, 23, 0}, 0, {20, 411}, {0x9E, 0x2C, 0x01, 0xFF}}},
	{{{-86, 23, 0}, 0, {1038, 411}, {0xFF, 0x4C, 0x01, 0xFF}}},
	{{{-63, 23, -63}, 0, {902, 38}, {0xD6, 0x3E, 0x00, 0xFF}}},
	{{{0, 23, -86}, 0, {529, -98}, {0xE0, 0x42, 0x01, 0xFF}}},
	{{{0, 23, 0}, 0, {529, 411}, {0xFF, 0xCE, 0x00, 0xFF}}},
	{{{-117, 58, 0}, 0, {471, 890}, {0x00, 0x00, 0x00, 0xFF}}},
	{{{-86, 58, -86}, 0, {114, 890}, {0x2F, 0x00, 0x00, 0xFF}}},
	{{{-86, 23, -86}, 0, {114, 678}, {0x49, 0x00, 0x00, 0xFF}}},
	{{{-117, 23, 0}, 0, {471, 678}, {0x00, 0x00, 0x00, 0xFF}}},
	{{{-86, 58, 86}, 0, {580, 890}, {0x00, 0x00, 0x00, 0xFF}}},
	{{{-117, 58, 0}, 0, {223, 890}, {0x00, 0x00, 0x00, 0xFF}}},
	{{{-117, 23, 0}, 0, {223, 678}, {0x00, 0x00, 0x00, 0xFF}}},
	{{{-86, 23, 86}, 0, {580, 678}, {0x00, 0x00, 0x00, 0xFF}}},
	{{{0, 58, 117}, 0, {620, 890}, {0x00, 0x00, 0x00, 0xFF}}},
	{{{-86, 58, 86}, 0, {263, 890}, {0x00, 0x00, 0x00, 0xFF}}},
	{{{-86, 23, 86}, 0, {263, 678}, {0x00, 0x00, 0x00, 0xFF}}},
	{{{0, 23, 117}, 0, {620, 678}, {0x00, 0x00, 0x00, 0xFF}}},
	{{{86, 58, 86}, 0, {729, 890}, {0x00, 0x00, 0x00, 0xFF}}},
	{{{0, 58, 117}, 0, {372, 890}, {0x00, 0x00, 0x00, 0xFF}}},
	{{{0, 23, 117}, 0, {372, 678}, {0x00, 0x00, 0x00, 0xFF}}},
	{{{86, 23, 86}, 0, {729, 678}, {0x22, 0x00, 0x00, 0xFF}}},
	{{{117, 58, 0}, 0, {769, 890}, {0x00, 0x00, 0x00, 0xFF}}},
	{{{86, 58, 86}, 0, {412, 890}, {0x00, 0x00, 0x00, 0xFF}}},
	{{{86, 23, 86}, 0, {412, 678}, {0x24, 0x01, 0x02, 0xFF}}},
	{{{117, 23, 0}, 0, {769, 678}, {0x00, 0x00, 0x00, 0xFF}}},
	{{{86, 58, -86}, 0, {878, 890}, {0x00, 0x00, 0x00, 0xFF}}},
	{{{117, 58, 0}, 0, {521, 890}, {0x00, 0x00, 0x00, 0xFF}}},
	{{{117, 23, 0}, 0, {521, 678}, {0x00, 0x00, 0x00, 0xFF}}},
	{{{86, 23, -86}, 0, {878, 678}, {0x21, 0x00, 0x00, 0xFF}}},
	{{{0, 58, -117}, 0, {918, 890}, {0x00, 0x00, 0x00, 0xFF}}},
	{{{86, 58, -86}, 0, {561, 890}, {0x00, 0x00, 0x00, 0xFF}}},
	{{{86, 23, -86}, 0, {561, 678}, {0x23, 0x00, 0x00, 0xFF}}},
	{{{0, 23, -117}, 0, {918, 678}, {0x00, 0x00, 0x00, 0xFF}}},
	{{{-86, 58, -86}, 0, {431, 890}, {0x34, 0x00, 0x00, 0xFF}}},
	{{{0, 58, -117}, 0, {74, 890}, {0x00, 0x00, 0x00, 0xFF}}},
	{{{0, 23, -117}, 0, {74, 678}, {0x00, 0x00, 0x00, 0xFF}}},
	{{{-86, 23, -86}, 0, {431, 678}, {0x49, 0x00, 0x00, 0xFF}}},
	{{{-63, 23, -63}, 0, {902, 38}, {0xD6, 0x3E, 0x00, 0xFF}}},
	{{{-117, 23, 0}, 0, {1222, 411}, {0x49, 0x22, 0x25, 0xFF}}},
	{{{-86, 23, -86}, 0, {1037, -97}, {0x55, 0x29, 0x2C, 0xFF}}},
	{{{-86, 23, 0}, 0, {1038, 411}, {0xFE, 0x4C, 0x11, 0xFF}}},
	{{{-86, 23, 86}, 0, {1037, 919}, {0x54, 0x28, 0x2B, 0xFF}}},
	{{{-63, 23, 63}, 0, {902, 784}, {0xDC, 0x49, 0x40, 0xFF}}},
	{{{-63, 23, 63}, 0, {902, 784}, {0xDC, 0x49, 0x40, 0xFF}}},
	{{{0, 23, 117}, 0, {529, 1104}, {0x53, 0x27, 0x2B, 0xFF}}},
	{{{0, 23, 86}, 0, {529, 920}, {0xFF, 0x4C, 0x01, 0xFF}}},
	{{{86, 23, 86}, 0, {21, 919}, {0x55, 0x28, 0x2C, 0xFF}}},
	{{{63, 23, 63}, 0, {156, 784}, {0xFA, 0x4B, 0x13, 0xFF}}},
	{{{117, 23, 0}, 0, {-165, 411}, {0x4E, 0x24, 0x28, 0xFF}}},
	{{{86, 23, 0}, 0, {20, 411}, {0x8E, 0x2A, 0x1E, 0xFF}}},
	{{{86, 23, 0}, 0, {20, 411}, {0x8E, 0x2A, 0x1E, 0xFF}}},
	{{{63, 23, -63}, 0, {156, 38}, {0xC2, 0x43, 0x35, 0xFF}}},
	{{{86, 23, -86}, 0, {21, -97}, {0x56, 0x29, 0x2C, 0xFF}}},
	{{{117, 23, 0}, 0, {-165, 411}, {0x4E, 0x24, 0x28, 0xFF}}},
	{{{63, 23, -63}, 0, {156, 38}, {0xC2, 0x43, 0x35, 0xFF}}},
	{{{0, 23, -86}, 0, {529, -98}, {0xDE, 0x42, 0x18, 0xFF}}},
	{{{0, 23, -117}, 0, {529, -282}, {0x43, 0x1F, 0x22, 0xFF}}},
	{{{0, 23, -86}, 0, {529, -98}, {0xDE, 0x42, 0x18, 0xFF}}},
	{{{-63, 23, -63}, 0, {902, 38}, {0xD6, 0x3E, 0x00, 0xFF}}},
	{{{0, 23, -117}, 0, {529, -282}, {0x43, 0x1F, 0x22, 0xFF}}},
	{{{86, -215, 86}, 0, {1037, 919}, {0x1D, 0x00, 0x02, 0xFF}}},
	{{{0, -215, 117}, 0, {529, 1104}, {0x10, 0x00, 0x01, 0xFF}}},
	{{{0, -215, 0}, 0, {529, 411}, {0x00, 0x00, 0x00, 0xFF}}},
	{{{117, -215, 0}, 0, {1222, 411}, {0x02, 0x00, 0x00, 0xFF}}},
	{{{0, -215, 117}, 0, {529, 1104}, {0x10, 0x00, 0x01, 0xFF}}},
	{{{-86, -215, 86}, 0, {21, 919}, {0x36, 0x12, 0x14, 0xFF}}},
	{{{-117, -215, 0}, 0, {-165, 411}, {0x18, 0x04, 0x05, 0xFF}}},
	{{{0, -215, 0}, 0, {529, 411}, {0x00, 0x00, 0x00, 0xFF}}},
	{{{0, -215, 0}, 0, {529, 411}, {0x00, 0x00, 0x00, 0xFF}}},
	{{{-117, -215, 0}, 0, {-165, 411}, {0x18, 0x04, 0x05, 0xFF}}},
	{{{-86, -215, -86}, 0, {21, -97}, {0x36, 0x0C, 0x0F, 0xFF}}},
	{{{0, -215, -117}, 0, {529, -282}, {0x04, 0x00, 0x00, 0xFF}}},
	{{{117, -215, 0}, 0, {1222, 411}, {0x02, 0x00, 0x00, 0xFF}}},
	{{{0, -215, 0}, 0, {529, 411}, {0x00, 0x00, 0x00, 0xFF}}},
	{{{0, -215, -117}, 0, {529, -282}, {0x04, 0x00, 0x00, 0xFF}}},
	{{{86, -215, -86}, 0, {1037, -97}, {0x4E, 0x00, 0x0B, 0xFF}}},
	{{{63, -181, 63}, 0, {902, 784}, {0xFF, 0x43, 0x16, 0xFF}}},
	{{{86, -181, 0}, 0, {1038, 411}, {0xFF, 0x4C, 0x01, 0xFF}}},
	{{{0, -181, 0}, 0, {529, 411}, {0xFF, 0xCE, 0x00, 0xFF}}},
	{{{0, -181, 86}, 0, {529, 920}, {0xFF, 0x4C, 0x00, 0xFF}}},
	{{{0, -181, 86}, 0, {529, 920}, {0xFF, 0x4C, 0x00, 0xFF}}},
	{{{0, -181, 0}, 0, {529, 411}, {0xFF, 0xCE, 0x00, 0xFF}}},
	{{{-86, -181, 0}, 0, {20, 411}, {0x9E, 0x2C, 0x01, 0xFF}}},
	{{{-63, -181, 63}, 0, {156, 784}, {0xFA, 0x4B, 0x13, 0xFF}}},
	{{{0, -181, 0}, 0, {529, 411}, {0xFF, 0xCE, 0x00, 0xFF}}},
	{{{0, -181, -86}, 0, {529, -98}, {0xE0, 0x42, 0x00, 0xFF}}},
	{{{-63, -181, -63}, 0, {156, 38}, {0xE1, 0x44, 0x00, 0xFF}}},
	{{{-86, -181, 0}, 0, {20, 411}, {0x9E, 0x2C, 0x01, 0xFF}}},
	{{{86, -181, 0}, 0, {1038, 411}, {0xFF, 0x4C, 0x01, 0xFF}}},
	{{{63, -181, -63}, 0, {902, 38}, {0xD6, 0x3E, 0x00, 0xFF}}},
	{{{0, -181, -86}, 0, {529, -98}, {0xE0, 0x42, 0x01, 0xFF}}},
	{{{0, -181, 0}, 0, {529, 411}, {0xFF, 0xCE, 0x00, 0xFF}}},
	{{{117, -215, 0}, 0, {471, 602}, {0x02, 0x00, 0x00, 0xFF}}},
	{{{86, -215, -86}, 0, {114, 602}, {0x4E, 0x00, 0x0B, 0xFF}}},
	{{{86, -181, -86}, 0, {114, 390}, {0x55, 0x29, 0x2C, 0xFF}}},
	{{{117, -181, 0}, 0, {471, 390}, {0x49, 0x22, 0x25, 0xFF}}},
	{{{86, -215, 86}, 0, {580, 602}, {0x1D, 0x00, 0x02, 0xFF}}},
	{{{117, -215, 0}, 0, {223, 602}, {0x02, 0x00, 0x00, 0xFF}}},
	{{{117, -181, 0}, 0, {223, 390}, {0x49, 0x22, 0x25, 0xFF}}},
	{{{86, -181, 86}, 0, {580, 390}, {0x54, 0x28, 0x2B, 0xFF}}},
	{{{0, -215, 117}, 0, {620, 602}, {0x10, 0x00, 0x01, 0xFF}}},
	{{{86, -215, 86}, 0, {263, 602}, {0x1D, 0x00, 0x02, 0xFF}}},
	{{{86, -181, 86}, 0, {263, 390}, {0x54, 0x28, 0x2B, 0xFF}}},
	{{{0, -181, 117}, 0, {620, 390}, {0x53, 0x27, 0x2B, 0xFF}}},
	{{{-86, -215, 86}, 0, {729, 602}, {0x36, 0x12, 0x14, 0xFF}}},
	{{{0, -215, 117}, 0, {372, 602}, {0x10, 0x00, 0x01, 0xFF}}},
	{{{0, -181, 117}, 0, {372, 390}, {0x53, 0x27, 0x2B, 0xFF}}},
	{{{-86, -181, 86}, 0, {729, 390}, {0x55, 0x28, 0x2C, 0xFF}}},
	{{{-117, -215, 0}, 0, {769, 602}, {0x18, 0x04, 0x05, 0xFF}}},
	{{{-86, -215, 86}, 0, {412, 602}, {0x36, 0x12, 0x14, 0xFF}}},
	{{{-86, -181, 86}, 0, {412, 390}, {0x55, 0x28, 0x2C, 0xFF}}},
	{{{-117, -181, 0}, 0, {769, 390}, {0x4E, 0x24, 0x28, 0xFF}}},
	{{{-86, -215, -86}, 0, {878, 602}, {0x36, 0x0C, 0x0F, 0xFF}}},
	{{{-117, -215, 0}, 0, {521, 602}, {0x18, 0x04, 0x05, 0xFF}}},
	{{{-117, -181, 0}, 0, {521, 390}, {0x4E, 0x24, 0x28, 0xFF}}},
	{{{-86, -181, -86}, 0, {878, 390}, {0x56, 0x29, 0x2C, 0xFF}}},
	{{{0, -215, -117}, 0, {918, 602}, {0x04, 0x00, 0x00, 0xFF}}},
	{{{-86, -215, -86}, 0, {561, 602}, {0x36, 0x0C, 0x0F, 0xFF}}},
	{{{-86, -181, -86}, 0, {561, 390}, {0x56, 0x29, 0x2C, 0xFF}}},
	{{{0, -181, -117}, 0, {918, 390}, {0x43, 0x1F, 0x22, 0xFF}}},
	{{{86, -215, -86}, 0, {431, 602}, {0x4E, 0x00, 0x0B, 0xFF}}},
	{{{0, -215, -117}, 0, {74, 602}, {0x04, 0x00, 0x00, 0xFF}}},
	{{{0, -181, -117}, 0, {74, 390}, {0x43, 0x1F, 0x22, 0xFF}}},
	{{{86, -181, -86}, 0, {431, 390}, {0x55, 0x29, 0x2C, 0xFF}}},
	{{{63, -181, -63}, 0, {902, 38}, {0xD6, 0x3E, 0x00, 0xFF}}},
	{{{117, -181, 0}, 0, {1222, 411}, {0x49, 0x22, 0x25, 0xFF}}},
	{{{86, -181, -86}, 0, {1037, -97}, {0x55, 0x29, 0x2C, 0xFF}}},
	{{{86, -181, 0}, 0, {1038, 411}, {0xFE, 0x4C, 0x11, 0xFF}}},
	{{{86, -181, 86}, 0, {1037, 919}, {0x54, 0x28, 0x2B, 0xFF}}},
	{{{63, -181, 63}, 0, {902, 784}, {0xDC, 0x49, 0x40, 0xFF}}},
	{{{63, -181, 63}, 0, {902, 784}, {0xDC, 0x49, 0x40, 0xFF}}},
	{{{0, -181, 117}, 0, {529, 1104}, {0x53, 0x27, 0x2B, 0xFF}}},
	{{{63, -181, 63}, 0, {902, 784}, {0xDC, 0x49, 0x40, 0xFF}}},
	{{{0, -181, 86}, 0, {529, 920}, {0xFF, 0x4C, 0x01, 0xFF}}},
	{{{0, -181, 117}, 0, {529, 1104}, {0x53, 0x27, 0x2B, 0xFF}}},
	{{{-86, -181, 86}, 0, {21, 919}, {0x55, 0x28, 0x2C, 0xFF}}},
	{{{-63, -181, 63}, 0, {156, 784}, {0xFA, 0x4B, 0x13, 0xFF}}},
	{{{-117, -181, 0}, 0, {-165, 411}, {0x4E, 0x24, 0x28, 0xFF}}},
	{{{-86, -181, 0}, 0, {20, 411}, {0x8E, 0x2A, 0x1E, 0xFF}}},
	{{{-86, -181, 0}, 0, {20, 411}, {0x8E, 0x2A, 0x1E, 0xFF}}},
	{{{-63, -181, -63}, 0, {156, 38}, {0xC2, 0x43, 0x35, 0xFF}}},
	{{{-86, -181, -86}, 0, {21, -97}, {0x56, 0x29, 0x2C, 0xFF}}},
	{{{-117, -181, 0}, 0, {-165, 411}, {0x4E, 0x24, 0x28, 0xFF}}},
	{{{-63, -181, -63}, 0, {156, 38}, {0xC2, 0x43, 0x35, 0xFF}}},
	{{{0, -181, -86}, 0, {529, -98}, {0xDE, 0x42, 0x18, 0xFF}}},
	{{{0, -181, -117}, 0, {529, -282}, {0x43, 0x1F, 0x22, 0xFF}}},
	{{{0, -181, -86}, 0, {529, -98}, {0xDE, 0x42, 0x18, 0xFF}}},
	{{{63, -181, -63}, 0, {902, 38}, {0xD6, 0x3E, 0x00, 0xFF}}},
	{{{86, -181, -86}, 0, {1037, -97}, {0x55, 0x29, 0x2C, 0xFF}}},
	{{{0, -181, -117}, 0, {529, -282}, {0x43, 0x1F, 0x22, 0xFF}}},
};

Gfx arena_dl_Plane_007_mesh_layer_1_tri_0[] = {
	gsSPVertex(arena_dl_Plane_007_mesh_layer_1_vtx_0 + 0, 31, 0),
	gsSP2Triangles(0, 1, 2, 0, 0, 2, 3, 0),
	gsSP2Triangles(4, 5, 6, 0, 4, 6, 7, 0),
	gsSP2Triangles(8, 6, 9, 0, 8, 9, 10, 0),
	gsSP2Triangles(11, 12, 13, 0, 11, 13, 14, 0),
	gsSP2Triangles(15, 16, 17, 0, 15, 17, 18, 0),
	gsSP2Triangles(19, 20, 21, 0, 19, 21, 22, 0),
	gsSP2Triangles(23, 24, 25, 0, 23, 25, 26, 0),
	gsSP2Triangles(27, 28, 29, 0, 27, 29, 30, 0),
	gsSPVertex(arena_dl_Plane_007_mesh_layer_1_vtx_0 + 31, 32, 0),
	gsSP2Triangles(0, 1, 2, 0, 0, 2, 3, 0),
	gsSP2Triangles(4, 5, 6, 0, 4, 6, 7, 0),
	gsSP2Triangles(8, 9, 10, 0, 8, 10, 11, 0),
	gsSP2Triangles(12, 13, 14, 0, 12, 14, 15, 0),
	gsSP2Triangles(16, 17, 18, 0, 16, 18, 19, 0),
	gsSP2Triangles(20, 21, 22, 0, 20, 22, 23, 0),
	gsSP2Triangles(24, 25, 26, 0, 24, 26, 27, 0),
	gsSP2Triangles(28, 29, 30, 0, 28, 30, 31, 0),
	gsSPVertex(arena_dl_Plane_007_mesh_layer_1_vtx_0 + 63, 31, 0),
	gsSP2Triangles(0, 1, 2, 0, 0, 3, 1, 0),
	gsSP2Triangles(3, 4, 1, 0, 3, 5, 4, 0),
	gsSP2Triangles(6, 7, 4, 0, 6, 8, 7, 0),
	gsSP2Triangles(8, 9, 7, 0, 8, 10, 9, 0),
	gsSP2Triangles(10, 11, 9, 0, 10, 12, 11, 0),
	gsSP2Triangles(13, 14, 15, 0, 13, 15, 16, 0),
	gsSP2Triangles(17, 18, 19, 0, 17, 19, 15, 0),
	gsSP2Triangles(20, 21, 2, 0, 20, 2, 22, 0),
	gsSP2Triangles(23, 24, 25, 0, 23, 25, 26, 0),
	gsSP2Triangles(27, 28, 29, 0, 27, 29, 30, 0),
	gsSPVertex(arena_dl_Plane_007_mesh_layer_1_vtx_0 + 94, 32, 0),
	gsSP2Triangles(0, 1, 2, 0, 0, 2, 3, 0),
	gsSP2Triangles(4, 5, 6, 0, 4, 6, 7, 0),
	gsSP2Triangles(8, 9, 10, 0, 8, 10, 11, 0),
	gsSP2Triangles(12, 13, 14, 0, 12, 14, 15, 0),
	gsSP2Triangles(16, 17, 18, 0, 16, 18, 19, 0),
	gsSP2Triangles(20, 21, 22, 0, 20, 22, 23, 0),
	gsSP2Triangles(24, 25, 26, 0, 24, 26, 27, 0),
	gsSP2Triangles(28, 29, 30, 0, 28, 30, 31, 0),
	gsSPVertex(arena_dl_Plane_007_mesh_layer_1_vtx_0 + 126, 32, 0),
	gsSP2Triangles(0, 1, 2, 0, 0, 2, 3, 0),
	gsSP2Triangles(4, 5, 6, 0, 4, 6, 7, 0),
	gsSP2Triangles(8, 9, 10, 0, 8, 10, 11, 0),
	gsSP2Triangles(12, 13, 14, 0, 12, 14, 15, 0),
	gsSP2Triangles(16, 17, 18, 0, 16, 18, 19, 0),
	gsSP2Triangles(20, 21, 22, 0, 20, 22, 23, 0),
	gsSP2Triangles(24, 25, 26, 0, 24, 27, 25, 0),
	gsSP2Triangles(27, 28, 25, 0, 27, 29, 28, 0),
	gsSP1Triangle(30, 31, 28, 0),
	gsSPVertex(arena_dl_Plane_007_mesh_layer_1_vtx_0 + 158, 18, 0),
	gsSP2Triangles(0, 1, 2, 0, 1, 3, 2, 0),
	gsSP2Triangles(1, 4, 3, 0, 4, 5, 3, 0),
	gsSP2Triangles(4, 6, 5, 0, 7, 8, 9, 0),
	gsSP2Triangles(7, 9, 10, 0, 11, 12, 13, 0),
	gsSP2Triangles(11, 13, 9, 0, 14, 15, 16, 0),
	gsSP1Triangle(14, 16, 17, 0),
	gsSPEndDisplayList(),
};

Vtx arena_dl_Plane_007_mesh_layer_4_vtx_cull[8] = {
	{{{-117, -215, 117}, 0, {0, 0}, {0x00, 0x00, 0x00, 0x00}}},
	{{{-117, 58, 117}, 0, {0, 0}, {0x00, 0x00, 0x00, 0x00}}},
	{{{-117, 58, -117}, 0, {0, 0}, {0x00, 0x00, 0x00, 0x00}}},
	{{{-117, -215, -117}, 0, {0, 0}, {0x00, 0x00, 0x00, 0x00}}},
	{{{117, -215, 117}, 0, {0, 0}, {0x00, 0x00, 0x00, 0x00}}},
	{{{117, 58, 117}, 0, {0, 0}, {0x00, 0x00, 0x00, 0x00}}},
	{{{117, 58, -117}, 0, {0, 0}, {0x00, 0x00, 0x00, 0x00}}},
	{{{117, -215, -117}, 0, {0, 0}, {0x00, 0x00, 0x00, 0x00}}},
};

Vtx arena_dl_Plane_007_mesh_layer_4_vtx_0[29] = {
	{{{-86, -181, 86}, 0, {-284, 1249}, {0xA6, 0x00, 0x5A, 0xFF}}},
	{{{0, -181, 117}, 0, {496, 1249}, {0x00, 0x00, 0x7F, 0xFF}}},
	{{{0, 23, 117}, 0, {496, -714}, {0x00, 0x00, 0x7F, 0xFF}}},
	{{{-86, 23, 86}, 0, {-284, -714}, {0xA6, 0x00, 0x5A, 0xFF}}},
	{{{86, -181, 86}, 0, {1276, 1249}, {0x5A, 0x00, 0x5A, 0xFF}}},
	{{{86, 23, 86}, 0, {1276, -714}, {0x5A, 0x00, 0x5A, 0xFF}}},
	{{{0, 23, 117}, 0, {496, -714}, {0x00, 0x00, 0x7F, 0xFF}}},
	{{{0, -181, 117}, 0, {496, 1249}, {0x00, 0x00, 0x7F, 0xFF}}},
	{{{117, 23, 0}, 0, {2056, -714}, {0x7F, 0x00, 0x00, 0xFF}}},
	{{{86, 23, 86}, 0, {1276, -714}, {0x5A, 0x00, 0x5A, 0xFF}}},
	{{{86, -181, 86}, 0, {1276, 1249}, {0x5A, 0x00, 0x5A, 0xFF}}},
	{{{117, -181, 0}, 0, {2056, 1249}, {0x7F, 0x00, 0x00, 0xFF}}},
	{{{86, 23, -86}, 0, {2837, -714}, {0x5A, 0x00, 0xA6, 0xFF}}},
	{{{117, 23, 0}, 0, {2056, -714}, {0x7F, 0x00, 0x00, 0xFF}}},
	{{{117, -181, 0}, 0, {2056, 1249}, {0x7F, 0x00, 0x00, 0xFF}}},
	{{{86, -181, -86}, 0, {2837, 1249}, {0x5A, 0x00, 0xA6, 0xFF}}},
	{{{0, 23, -117}, 0, {3617, -714}, {0x00, 0x00, 0x81, 0xFF}}},
	{{{86, 23, -86}, 0, {2837, -714}, {0x5A, 0x00, 0xA6, 0xFF}}},
	{{{86, -181, -86}, 0, {2837, 1249}, {0x5A, 0x00, 0xA6, 0xFF}}},
	{{{0, -181, -117}, 0, {3617, 1249}, {0x00, 0x00, 0x81, 0xFF}}},
	{{{0, 23, -117}, 0, {-2625, -714}, {0x00, 0x00, 0x81, 0xFF}}},
	{{{0, -181, -117}, 0, {-2625, 1249}, {0x00, 0x00, 0x81, 0xFF}}},
	{{{-86, -181, -86}, 0, {-1845, 1249}, {0xA6, 0x00, 0xA6, 0xFF}}},
	{{{-86, 23, -86}, 0, {-1845, -714}, {0xA6, 0x00, 0xA6, 0xFF}}},
	{{{-86, 23, -86}, 0, {-1845, -714}, {0xA6, 0x00, 0xA6, 0xFF}}},
	{{{-117, -181, 0}, 0, {-1064, 1249}, {0x81, 0x00, 0x00, 0xFF}}},
	{{{-117, 23, 0}, 0, {-1064, -714}, {0x81, 0x00, 0x00, 0xFF}}},
	{{{-86, 23, 86}, 0, {-284, -714}, {0xA6, 0x00, 0x5A, 0xFF}}},
	{{{-117, 23, 0}, 0, {-1064, -714}, {0x81, 0x00, 0x00, 0xFF}}},
};

Gfx arena_dl_Plane_007_mesh_layer_4_tri_0[] = {
	gsSPVertex(arena_dl_Plane_007_mesh_layer_4_vtx_0 + 0, 29, 0),
	gsSP2Triangles(0, 1, 2, 0, 0, 2, 3, 0),
	gsSP2Triangles(4, 5, 6, 0, 4, 6, 7, 0),
	gsSP2Triangles(8, 9, 10, 0, 8, 10, 11, 0),
	gsSP2Triangles(12, 13, 14, 0, 12, 14, 15, 0),
	gsSP2Triangles(16, 17, 18, 0, 16, 18, 19, 0),
	gsSP2Triangles(20, 21, 22, 0, 20, 22, 23, 0),
	gsSP2Triangles(24, 22, 25, 0, 24, 25, 26, 0),
	gsSP2Triangles(25, 0, 27, 0, 25, 27, 28, 0),
	gsSPEndDisplayList(),
};

Vtx arena_dl_Plane_008_mesh_layer_1_vtx_cull[8] = {
	{{{-28, -391, 28}, 0, {0, 0}, {0x00, 0x00, 0x00, 0x00}}},
	{{{-28, 596, 28}, 0, {0, 0}, {0x00, 0x00, 0x00, 0x00}}},
	{{{-28, 596, -28}, 0, {0, 0}, {0x00, 0x00, 0x00, 0x00}}},
	{{{-28, -391, -28}, 0, {0, 0}, {0x00, 0x00, 0x00, 0x00}}},
	{{{28, -391, 28}, 0, {0, 0}, {0x00, 0x00, 0x00, 0x00}}},
	{{{28, 596, 28}, 0, {0, 0}, {0x00, 0x00, 0x00, 0x00}}},
	{{{28, 596, -28}, 0, {0, 0}, {0x00, 0x00, 0x00, 0x00}}},
	{{{28, -391, -28}, 0, {0, 0}, {0x00, 0x00, 0x00, 0x00}}},
};

Vtx arena_dl_Plane_008_mesh_layer_1_vtx_0[52] = {
	{{{-21, 596, 21}, 0, {422, 3296}, {0x00, 0x00, 0x00, 0xFF}}},
	{{{0, 596, 28}, 0, {496, 3296}, {0x00, 0x00, 0x00, 0xFF}}},
	{{{0, 596, 0}, 0, {496, 3296}, {0x00, 0x00, 0x00, 0xFF}}},
	{{{-28, 596, 0}, 0, {347, 3296}, {0x00, 0x00, 0x00, 0xFF}}},
	{{{0, 596, 28}, 0, {496, 3296}, {0x00, 0x00, 0x00, 0xFF}}},
	{{{21, 596, 21}, 0, {570, 3296}, {0x00, 0x00, 0x00, 0xFF}}},
	{{{28, 596, 0}, 0, {645, 3296}, {0x00, 0x00, 0x00, 0xFF}}},
	{{{0, 596, 0}, 0, {496, 3296}, {0x00, 0x00, 0x00, 0xFF}}},
	{{{0, 596, 0}, 0, {496, 3296}, {0x00, 0x00, 0x00, 0xFF}}},
	{{{28, 596, 0}, 0, {645, 3296}, {0x00, 0x00, 0x00, 0xFF}}},
	{{{21, 596, -21}, 0, {719, 3296}, {0x02, 0x01, 0x01, 0xFF}}},
	{{{0, 596, -28}, 0, {794, 3296}, {0x04, 0x01, 0x02, 0xFF}}},
	{{{-28, 596, 0}, 0, {347, 3296}, {0x00, 0x00, 0x00, 0xFF}}},
	{{{0, 596, 0}, 0, {496, 3296}, {0x00, 0x00, 0x00, 0xFF}}},
	{{{0, 596, -28}, 0, {198, 3296}, {0x04, 0x01, 0x02, 0xFF}}},
	{{{-21, 596, -21}, 0, {273, 3296}, {0x04, 0x01, 0x02, 0xFF}}},
	{{{0, -391, 0}, 0, {496, -2304}, {0x77, 0x26, 0x35, 0xFF}}},
	{{{0, -391, -28}, 0, {794, -2304}, {0x77, 0x26, 0x35, 0xFF}}},
	{{{21, -391, -21}, 0, {719, -2304}, {0x77, 0x26, 0x35, 0xFF}}},
	{{{28, -391, 0}, 0, {645, -2304}, {0x77, 0x26, 0x35, 0xFF}}},
	{{{21, 596, -21}, 0, {719, 3296}, {0x00, 0x00, 0x0A, 0xFF}}},
	{{{28, 596, 0}, 0, {645, 3296}, {0x00, 0x00, 0x02, 0xFF}}},
	{{{0, -391, 28}, 0, {496, -2304}, {0x77, 0x26, 0x35, 0xFF}}},
	{{{-21, -391, 21}, 0, {422, -2304}, {0x77, 0x26, 0x35, 0xFF}}},
	{{{-28, -391, 0}, 0, {347, -2304}, {0x77, 0x26, 0x35, 0xFF}}},
	{{{-21, 596, 21}, 0, {422, 3296}, {0x00, 0x00, 0x00, 0xFF}}},
	{{{-28, 596, 0}, 0, {347, 3296}, {0x00, 0x00, 0x01, 0xFF}}},
	{{{0, -391, -28}, 0, {198, -2304}, {0x77, 0x26, 0x35, 0xFF}}},
	{{{-21, -391, -21}, 0, {273, -2304}, {0x77, 0x26, 0x35, 0xFF}}},
	{{{21, -391, 21}, 0, {570, -2304}, {0x77, 0x26, 0x35, 0xFF}}},
	{{{28, 596, 0}, 0, {645, 3296}, {0x00, 0x00, 0x04, 0xFF}}},
	{{{21, 596, 21}, 0, {570, 3296}, {0x00, 0x00, 0x02, 0xFF}}},
	{{{-28, 596, 0}, 0, {347, 3296}, {0x00, 0x00, 0x01, 0xFF}}},
	{{{-21, 596, -21}, 0, {273, 3296}, {0x00, 0x00, 0x06, 0xFF}}},
	{{{-21, -391, -21}, 0, {273, -2304}, {0x77, 0x26, 0x35, 0xFF}}},
	{{{-28, -391, 0}, 0, {347, -2304}, {0x77, 0x26, 0x35, 0xFF}}},
	{{{0, 596, 28}, 0, {496, 3296}, {0x00, 0x00, 0x00, 0xFF}}},
	{{{-21, 596, 21}, 0, {422, 3296}, {0x00, 0x00, 0x00, 0xFF}}},
	{{{-21, -391, 21}, 0, {422, -2304}, {0x77, 0x26, 0x35, 0xFF}}},
	{{{0, -391, 28}, 0, {496, -2304}, {0x77, 0x26, 0x35, 0xFF}}},
	{{{21, 596, 21}, 0, {570, 3296}, {0x00, 0x00, 0x01, 0xFF}}},
	{{{0, 596, 28}, 0, {496, 3296}, {0x00, 0x00, 0x01, 0xFF}}},
	{{{0, -391, 28}, 0, {496, -2304}, {0x77, 0x26, 0x35, 0xFF}}},
	{{{21, -391, 21}, 0, {570, -2304}, {0x77, 0x26, 0x35, 0xFF}}},
	{{{0, 596, -28}, 0, {794, 3296}, {0x00, 0x00, 0x17, 0xFF}}},
	{{{21, 596, -21}, 0, {719, 3296}, {0x00, 0x00, 0x09, 0xFF}}},
	{{{21, -391, -21}, 0, {719, -2304}, {0x77, 0x26, 0x35, 0xFF}}},
	{{{0, -391, -28}, 0, {794, -2304}, {0x77, 0x26, 0x35, 0xFF}}},
	{{{-21, 596, -21}, 0, {273, 3296}, {0x00, 0x00, 0x1C, 0xFF}}},
	{{{0, 596, -28}, 0, {198, 3296}, {0x00, 0x00, 0x16, 0xFF}}},
	{{{0, -391, -28}, 0, {198, -2304}, {0x77, 0x26, 0x35, 0xFF}}},
	{{{-21, -391, -21}, 0, {273, -2304}, {0x77, 0x26, 0x35, 0xFF}}},
};

Gfx arena_dl_Plane_008_mesh_layer_1_tri_0[] = {
	gsSPVertex(arena_dl_Plane_008_mesh_layer_1_vtx_0 + 0, 32, 0),
	gsSP2Triangles(0, 1, 2, 0, 0, 2, 3, 0),
	gsSP2Triangles(4, 5, 6, 0, 4, 6, 7, 0),
	gsSP2Triangles(8, 9, 10, 0, 8, 10, 11, 0),
	gsSP2Triangles(12, 13, 14, 0, 12, 14, 15, 0),
	gsSP2Triangles(16, 17, 18, 0, 16, 18, 19, 0),
	gsSP2Triangles(20, 19, 18, 0, 20, 21, 19, 0),
	gsSP2Triangles(22, 16, 19, 0, 23, 16, 22, 0),
	gsSP2Triangles(23, 24, 16, 0, 25, 24, 23, 0),
	gsSP2Triangles(25, 26, 24, 0, 24, 27, 16, 0),
	gsSP2Triangles(24, 28, 27, 0, 22, 19, 29, 0),
	gsSP2Triangles(30, 29, 19, 0, 30, 31, 29, 0),
	gsSPVertex(arena_dl_Plane_008_mesh_layer_1_vtx_0 + 32, 20, 0),
	gsSP2Triangles(0, 1, 2, 0, 0, 2, 3, 0),
	gsSP2Triangles(4, 5, 6, 0, 4, 6, 7, 0),
	gsSP2Triangles(8, 9, 10, 0, 8, 10, 11, 0),
	gsSP2Triangles(12, 13, 14, 0, 12, 14, 15, 0),
	gsSP2Triangles(16, 17, 18, 0, 16, 18, 19, 0),
	gsSPEndDisplayList(),
};

Vtx arena_dl_Plane_009_mesh_layer_1_vtx_cull[8] = {
	{{{-117, -215, 117}, 0, {0, 0}, {0x00, 0x00, 0x00, 0x00}}},
	{{{-117, 58, 117}, 0, {0, 0}, {0x00, 0x00, 0x00, 0x00}}},
	{{{-117, 58, -117}, 0, {0, 0}, {0x00, 0x00, 0x00, 0x00}}},
	{{{-117, -215, -117}, 0, {0, 0}, {0x00, 0x00, 0x00, 0x00}}},
	{{{117, -215, 117}, 0, {0, 0}, {0x00, 0x00, 0x00, 0x00}}},
	{{{117, 58, 117}, 0, {0, 0}, {0x00, 0x00, 0x00, 0x00}}},
	{{{117, 58, -117}, 0, {0, 0}, {0x00, 0x00, 0x00, 0x00}}},
	{{{117, -215, -117}, 0, {0, 0}, {0x00, 0x00, 0x00, 0x00}}},
};

Vtx arena_dl_Plane_009_mesh_layer_1_vtx_0[176] = {
	{{{-86, 58, 86}, 0, {1037, 919}, {0x1D, 0x00, 0x02, 0xFF}}},
	{{{0, 58, 117}, 0, {529, 1104}, {0x10, 0x00, 0x01, 0xFF}}},
	{{{0, 58, 0}, 0, {529, 411}, {0x00, 0x00, 0x00, 0xFF}}},
	{{{-117, 58, 0}, 0, {1222, 411}, {0x02, 0x00, 0x00, 0xFF}}},
	{{{0, 58, 117}, 0, {529, 1104}, {0x10, 0x00, 0x01, 0xFF}}},
	{{{86, 58, 86}, 0, {21, 919}, {0x36, 0x12, 0x14, 0xFF}}},
	{{{117, 58, 0}, 0, {-165, 411}, {0x18, 0x04, 0x05, 0xFF}}},
	{{{0, 58, 0}, 0, {529, 411}, {0x00, 0x00, 0x00, 0xFF}}},
	{{{0, 58, 0}, 0, {529, 411}, {0x00, 0x00, 0x00, 0xFF}}},
	{{{86, 58, -86}, 0, {21, -97}, {0x36, 0x0C, 0x0F, 0xFF}}},
	{{{0, 58, -117}, 0, {529, -282}, {0x04, 0x00, 0x00, 0xFF}}},
	{{{-117, 58, 0}, 0, {1222, 411}, {0x02, 0x00, 0x00, 0xFF}}},
	{{{0, 58, 0}, 0, {529, 411}, {0x00, 0x00, 0x00, 0xFF}}},
	{{{0, 58, -117}, 0, {529, -282}, {0x04, 0x00, 0x00, 0xFF}}},
	{{{-86, 58, -86}, 0, {1037, -97}, {0x4E, 0x00, 0x0B, 0xFF}}},
	{{{-63, 23, 63}, 0, {902, 784}, {0xFF, 0x43, 0x16, 0xFF}}},
	{{{-86, 23, 0}, 0, {1038, 411}, {0xFF, 0x4C, 0x01, 0xFF}}},
	{{{0, 23, 0}, 0, {529, 411}, {0xFF, 0xCE, 0x00, 0xFF}}},
	{{{0, 23, 86}, 0, {529, 920}, {0xFF, 0x4C, 0x00, 0xFF}}},
	{{{0, 23, 86}, 0, {529, 920}, {0xFF, 0x4C, 0x00, 0xFF}}},
	{{{0, 23, 0}, 0, {529, 411}, {0xFF, 0xCE, 0x00, 0xFF}}},
	{{{86, 23, 0}, 0, {20, 411}, {0x9E, 0x2C, 0x01, 0xFF}}},
	{{{63, 23, 63}, 0, {156, 784}, {0xFA, 0x4B, 0x13, 0xFF}}},
	{{{0, 23, 0}, 0, {529, 411}, {0xFF, 0xCE, 0x00, 0xFF}}},
	{{{0, 23, -86}, 0, {529, -98}, {0xE0, 0x42, 0x00, 0xFF}}},
	{{{63, 23, -63}, 0, {156, 38}, {0xE1, 0x44, 0x00, 0xFF}}},
	{{{86, 23, 0}, 0, {20, 411}, {0x9E, 0x2C, 0x01, 0xFF}}},
	{{{-86, 23, 0}, 0, {1038, 411}, {0xFF, 0x4C, 0x01, 0xFF}}},
	{{{-63, 23, -63}, 0, {902, 38}, {0xD6, 0x3E, 0x00, 0xFF}}},
	{{{0, 23, -86}, 0, {529, -98}, {0xE0, 0x42, 0x01, 0xFF}}},
	{{{0, 23, 0}, 0, {529, 411}, {0xFF, 0xCE, 0x00, 0xFF}}},
	{{{-117, 58, 0}, 0, {471, 890}, {0x00, 0x00, 0x00, 0xFF}}},
	{{{-86, 58, -86}, 0, {114, 890}, {0x2F, 0x00, 0x00, 0xFF}}},
	{{{-86, 23, -86}, 0, {114, 678}, {0x49, 0x00, 0x00, 0xFF}}},
	{{{-117, 23, 0}, 0, {471, 678}, {0x00, 0x00, 0x00, 0xFF}}},
	{{{-86, 58, 86}, 0, {580, 890}, {0x00, 0x00, 0x00, 0xFF}}},
	{{{-117, 58, 0}, 0, {223, 890}, {0x00, 0x00, 0x00, 0xFF}}},
	{{{-117, 23, 0}, 0, {223, 678}, {0x00, 0x00, 0x00, 0xFF}}},
	{{{-86, 23, 86}, 0, {580, 678}, {0x00, 0x00, 0x00, 0xFF}}},
	{{{0, 58, 117}, 0, {620, 890}, {0x00, 0x00, 0x00, 0xFF}}},
	{{{-86, 58, 86}, 0, {263, 890}, {0x00, 0x00, 0x00, 0xFF}}},
	{{{-86, 23, 86}, 0, {263, 678}, {0x00, 0x00, 0x00, 0xFF}}},
	{{{0, 23, 117}, 0, {620, 678}, {0x00, 0x00, 0x00, 0xFF}}},
	{{{86, 58, 86}, 0, {729, 890}, {0x00, 0x00, 0x00, 0xFF}}},
	{{{0, 58, 117}, 0, {372, 890}, {0x00, 0x00, 0x00, 0xFF}}},
	{{{0, 23, 117}, 0, {372, 678}, {0x00, 0x00, 0x00, 0xFF}}},
	{{{86, 23, 86}, 0, {729, 678}, {0x22, 0x00, 0x00, 0xFF}}},
	{{{117, 58, 0}, 0, {769, 890}, {0x00, 0x00, 0x00, 0xFF}}},
	{{{86, 58, 86}, 0, {412, 890}, {0x00, 0x00, 0x00, 0xFF}}},
	{{{86, 23, 86}, 0, {412, 678}, {0x24, 0x01, 0x02, 0xFF}}},
	{{{117, 23, 0}, 0, {769, 678}, {0x00, 0x00, 0x00, 0xFF}}},
	{{{86, 58, -86}, 0, {878, 890}, {0x00, 0x00, 0x00, 0xFF}}},
	{{{117, 58, 0}, 0, {521, 890}, {0x00, 0x00, 0x00, 0xFF}}},
	{{{117, 23, 0}, 0, {521, 678}, {0x00, 0x00, 0x00, 0xFF}}},
	{{{86, 23, -86}, 0, {878, 678}, {0x21, 0x00, 0x00, 0xFF}}},
	{{{0, 58, -117}, 0, {918, 890}, {0x00, 0x00, 0x00, 0xFF}}},
	{{{86, 58, -86}, 0, {561, 890}, {0x00, 0x00, 0x00, 0xFF}}},
	{{{86, 23, -86}, 0, {561, 678}, {0x23, 0x00, 0x00, 0xFF}}},
	{{{0, 23, -117}, 0, {918, 678}, {0x00, 0x00, 0x00, 0xFF}}},
	{{{-86, 58, -86}, 0, {431, 890}, {0x34, 0x00, 0x00, 0xFF}}},
	{{{0, 58, -117}, 0, {74, 890}, {0x00, 0x00, 0x00, 0xFF}}},
	{{{0, 23, -117}, 0, {74, 678}, {0x00, 0x00, 0x00, 0xFF}}},
	{{{-86, 23, -86}, 0, {431, 678}, {0x49, 0x00, 0x00, 0xFF}}},
	{{{-63, 23, -63}, 0, {902, 38}, {0xD6, 0x3E, 0x00, 0xFF}}},
	{{{-117, 23, 0}, 0, {1222, 411}, {0x49, 0x22, 0x25, 0xFF}}},
	{{{-86, 23, -86}, 0, {1037, -97}, {0x55, 0x29, 0x2C, 0xFF}}},
	{{{-86, 23, 0}, 0, {1038, 411}, {0xFE, 0x4C, 0x11, 0xFF}}},
	{{{-86, 23, 86}, 0, {1037, 919}, {0x54, 0x28, 0x2B, 0xFF}}},
	{{{-63, 23, 63}, 0, {902, 784}, {0xDC, 0x49, 0x40, 0xFF}}},
	{{{-63, 23, 63}, 0, {902, 784}, {0xDC, 0x49, 0x40, 0xFF}}},
	{{{0, 23, 117}, 0, {529, 1104}, {0x53, 0x27, 0x2B, 0xFF}}},
	{{{0, 23, 86}, 0, {529, 920}, {0xFF, 0x4C, 0x01, 0xFF}}},
	{{{86, 23, 86}, 0, {21, 919}, {0x55, 0x28, 0x2C, 0xFF}}},
	{{{63, 23, 63}, 0, {156, 784}, {0xFA, 0x4B, 0x13, 0xFF}}},
	{{{117, 23, 0}, 0, {-165, 411}, {0x4E, 0x24, 0x28, 0xFF}}},
	{{{86, 23, 0}, 0, {20, 411}, {0x8E, 0x2A, 0x1E, 0xFF}}},
	{{{86, 23, 0}, 0, {20, 411}, {0x8E, 0x2A, 0x1E, 0xFF}}},
	{{{63, 23, -63}, 0, {156, 38}, {0xC2, 0x43, 0x35, 0xFF}}},
	{{{86, 23, -86}, 0, {21, -97}, {0x56, 0x29, 0x2C, 0xFF}}},
	{{{117, 23, 0}, 0, {-165, 411}, {0x4E, 0x24, 0x28, 0xFF}}},
	{{{63, 23, -63}, 0, {156, 38}, {0xC2, 0x43, 0x35, 0xFF}}},
	{{{0, 23, -86}, 0, {529, -98}, {0xDE, 0x42, 0x18, 0xFF}}},
	{{{0, 23, -117}, 0, {529, -282}, {0x43, 0x1F, 0x22, 0xFF}}},
	{{{0, 23, -86}, 0, {529, -98}, {0xDE, 0x42, 0x18, 0xFF}}},
	{{{-63, 23, -63}, 0, {902, 38}, {0xD6, 0x3E, 0x00, 0xFF}}},
	{{{0, 23, -117}, 0, {529, -282}, {0x43, 0x1F, 0x22, 0xFF}}},
	{{{86, -215, 86}, 0, {1037, 919}, {0x1D, 0x00, 0x02, 0xFF}}},
	{{{0, -215, 117}, 0, {529, 1104}, {0x10, 0x00, 0x01, 0xFF}}},
	{{{0, -215, 0}, 0, {529, 411}, {0x00, 0x00, 0x00, 0xFF}}},
	{{{117, -215, 0}, 0, {1222, 411}, {0x02, 0x00, 0x00, 0xFF}}},
	{{{0, -215, 117}, 0, {529, 1104}, {0x10, 0x00, 0x01, 0xFF}}},
	{{{-86, -215, 86}, 0, {21, 919}, {0x36, 0x12, 0x14, 0xFF}}},
	{{{-117, -215, 0}, 0, {-165, 411}, {0x18, 0x04, 0x05, 0xFF}}},
	{{{0, -215, 0}, 0, {529, 411}, {0x00, 0x00, 0x00, 0xFF}}},
	{{{0, -215, 0}, 0, {529, 411}, {0x00, 0x00, 0x00, 0xFF}}},
	{{{-117, -215, 0}, 0, {-165, 411}, {0x18, 0x04, 0x05, 0xFF}}},
	{{{-86, -215, -86}, 0, {21, -97}, {0x36, 0x0C, 0x0F, 0xFF}}},
	{{{0, -215, -117}, 0, {529, -282}, {0x04, 0x00, 0x00, 0xFF}}},
	{{{117, -215, 0}, 0, {1222, 411}, {0x02, 0x00, 0x00, 0xFF}}},
	{{{0, -215, 0}, 0, {529, 411}, {0x00, 0x00, 0x00, 0xFF}}},
	{{{0, -215, -117}, 0, {529, -282}, {0x04, 0x00, 0x00, 0xFF}}},
	{{{86, -215, -86}, 0, {1037, -97}, {0x4E, 0x00, 0x0B, 0xFF}}},
	{{{63, -181, 63}, 0, {902, 784}, {0xFF, 0x43, 0x16, 0xFF}}},
	{{{86, -181, 0}, 0, {1038, 411}, {0xFF, 0x4C, 0x01, 0xFF}}},
	{{{0, -181, 0}, 0, {529, 411}, {0xFF, 0xCE, 0x00, 0xFF}}},
	{{{0, -181, 86}, 0, {529, 920}, {0xFF, 0x4C, 0x00, 0xFF}}},
	{{{0, -181, 86}, 0, {529, 920}, {0xFF, 0x4C, 0x00, 0xFF}}},
	{{{0, -181, 0}, 0, {529, 411}, {0xFF, 0xCE, 0x00, 0xFF}}},
	{{{-86, -181, 0}, 0, {20, 411}, {0x9E, 0x2C, 0x01, 0xFF}}},
	{{{-63, -181, 63}, 0, {156, 784}, {0xFA, 0x4B, 0x13, 0xFF}}},
	{{{0, -181, 0}, 0, {529, 411}, {0xFF, 0xCE, 0x00, 0xFF}}},
	{{{0, -181, -86}, 0, {529, -98}, {0xE0, 0x42, 0x00, 0xFF}}},
	{{{-63, -181, -63}, 0, {156, 38}, {0xE1, 0x44, 0x00, 0xFF}}},
	{{{-86, -181, 0}, 0, {20, 411}, {0x9E, 0x2C, 0x01, 0xFF}}},
	{{{86, -181, 0}, 0, {1038, 411}, {0xFF, 0x4C, 0x01, 0xFF}}},
	{{{63, -181, -63}, 0, {902, 38}, {0xD6, 0x3E, 0x00, 0xFF}}},
	{{{0, -181, -86}, 0, {529, -98}, {0xE0, 0x42, 0x01, 0xFF}}},
	{{{0, -181, 0}, 0, {529, 411}, {0xFF, 0xCE, 0x00, 0xFF}}},
	{{{117, -215, 0}, 0, {471, 602}, {0x02, 0x00, 0x00, 0xFF}}},
	{{{86, -215, -86}, 0, {114, 602}, {0x4E, 0x00, 0x0B, 0xFF}}},
	{{{86, -181, -86}, 0, {114, 390}, {0x55, 0x29, 0x2C, 0xFF}}},
	{{{117, -181, 0}, 0, {471, 390}, {0x49, 0x22, 0x25, 0xFF}}},
	{{{86, -215, 86}, 0, {580, 602}, {0x1D, 0x00, 0x02, 0xFF}}},
	{{{117, -215, 0}, 0, {223, 602}, {0x02, 0x00, 0x00, 0xFF}}},
	{{{117, -181, 0}, 0, {223, 390}, {0x49, 0x22, 0x25, 0xFF}}},
	{{{86, -181, 86}, 0, {580, 390}, {0x54, 0x28, 0x2B, 0xFF}}},
	{{{0, -215, 117}, 0, {620, 602}, {0x10, 0x00, 0x01, 0xFF}}},
	{{{86, -215, 86}, 0, {263, 602}, {0x1D, 0x00, 0x02, 0xFF}}},
	{{{86, -181, 86}, 0, {263, 390}, {0x54, 0x28, 0x2B, 0xFF}}},
	{{{0, -181, 117}, 0, {620, 390}, {0x53, 0x27, 0x2B, 0xFF}}},
	{{{-86, -215, 86}, 0, {729, 602}, {0x36, 0x12, 0x14, 0xFF}}},
	{{{0, -215, 117}, 0, {372, 602}, {0x10, 0x00, 0x01, 0xFF}}},
	{{{0, -181, 117}, 0, {372, 390}, {0x53, 0x27, 0x2B, 0xFF}}},
	{{{-86, -181, 86}, 0, {729, 390}, {0x55, 0x28, 0x2C, 0xFF}}},
	{{{-117, -215, 0}, 0, {769, 602}, {0x18, 0x04, 0x05, 0xFF}}},
	{{{-86, -215, 86}, 0, {412, 602}, {0x36, 0x12, 0x14, 0xFF}}},
	{{{-86, -181, 86}, 0, {412, 390}, {0x55, 0x28, 0x2C, 0xFF}}},
	{{{-117, -181, 0}, 0, {769, 390}, {0x4E, 0x24, 0x28, 0xFF}}},
	{{{-86, -215, -86}, 0, {878, 602}, {0x36, 0x0C, 0x0F, 0xFF}}},
	{{{-117, -215, 0}, 0, {521, 602}, {0x18, 0x04, 0x05, 0xFF}}},
	{{{-117, -181, 0}, 0, {521, 390}, {0x4E, 0x24, 0x28, 0xFF}}},
	{{{-86, -181, -86}, 0, {878, 390}, {0x56, 0x29, 0x2C, 0xFF}}},
	{{{0, -215, -117}, 0, {918, 602}, {0x04, 0x00, 0x00, 0xFF}}},
	{{{-86, -215, -86}, 0, {561, 602}, {0x36, 0x0C, 0x0F, 0xFF}}},
	{{{-86, -181, -86}, 0, {561, 390}, {0x56, 0x29, 0x2C, 0xFF}}},
	{{{0, -181, -117}, 0, {918, 390}, {0x43, 0x1F, 0x22, 0xFF}}},
	{{{86, -215, -86}, 0, {431, 602}, {0x4E, 0x00, 0x0B, 0xFF}}},
	{{{0, -215, -117}, 0, {74, 602}, {0x04, 0x00, 0x00, 0xFF}}},
	{{{0, -181, -117}, 0, {74, 390}, {0x43, 0x1F, 0x22, 0xFF}}},
	{{{86, -181, -86}, 0, {431, 390}, {0x55, 0x29, 0x2C, 0xFF}}},
	{{{63, -181, -63}, 0, {902, 38}, {0xD6, 0x3E, 0x00, 0xFF}}},
	{{{117, -181, 0}, 0, {1222, 411}, {0x49, 0x22, 0x25, 0xFF}}},
	{{{86, -181, -86}, 0, {1037, -97}, {0x55, 0x29, 0x2C, 0xFF}}},
	{{{86, -181, 0}, 0, {1038, 411}, {0xFE, 0x4C, 0x11, 0xFF}}},
	{{{86, -181, 86}, 0, {1037, 919}, {0x54, 0x28, 0x2B, 0xFF}}},
	{{{63, -181, 63}, 0, {902, 784}, {0xDC, 0x49, 0x40, 0xFF}}},
	{{{63, -181, 63}, 0, {902, 784}, {0xDC, 0x49, 0x40, 0xFF}}},
	{{{0, -181, 117}, 0, {529, 1104}, {0x53, 0x27, 0x2B, 0xFF}}},
	{{{63, -181, 63}, 0, {902, 784}, {0xDC, 0x49, 0x40, 0xFF}}},
	{{{0, -181, 86}, 0, {529, 920}, {0xFF, 0x4C, 0x01, 0xFF}}},
	{{{0, -181, 117}, 0, {529, 1104}, {0x53, 0x27, 0x2B, 0xFF}}},
	{{{-86, -181, 86}, 0, {21, 919}, {0x55, 0x28, 0x2C, 0xFF}}},
	{{{-63, -181, 63}, 0, {156, 784}, {0xFA, 0x4B, 0x13, 0xFF}}},
	{{{-117, -181, 0}, 0, {-165, 411}, {0x4E, 0x24, 0x28, 0xFF}}},
	{{{-86, -181, 0}, 0, {20, 411}, {0x8E, 0x2A, 0x1E, 0xFF}}},
	{{{-86, -181, 0}, 0, {20, 411}, {0x8E, 0x2A, 0x1E, 0xFF}}},
	{{{-63, -181, -63}, 0, {156, 38}, {0xC2, 0x43, 0x35, 0xFF}}},
	{{{-86, -181, -86}, 0, {21, -97}, {0x56, 0x29, 0x2C, 0xFF}}},
	{{{-117, -181, 0}, 0, {-165, 411}, {0x4E, 0x24, 0x28, 0xFF}}},
	{{{-63, -181, -63}, 0, {156, 38}, {0xC2, 0x43, 0x35, 0xFF}}},
	{{{0, -181, -86}, 0, {529, -98}, {0xDE, 0x42, 0x18, 0xFF}}},
	{{{0, -181, -117}, 0, {529, -282}, {0x43, 0x1F, 0x22, 0xFF}}},
	{{{0, -181, -86}, 0, {529, -98}, {0xDE, 0x42, 0x18, 0xFF}}},
	{{{63, -181, -63}, 0, {902, 38}, {0xD6, 0x3E, 0x00, 0xFF}}},
	{{{86, -181, -86}, 0, {1037, -97}, {0x55, 0x29, 0x2C, 0xFF}}},
	{{{0, -181, -117}, 0, {529, -282}, {0x43, 0x1F, 0x22, 0xFF}}},
};

Gfx arena_dl_Plane_009_mesh_layer_1_tri_0[] = {
	gsSPVertex(arena_dl_Plane_009_mesh_layer_1_vtx_0 + 0, 31, 0),
	gsSP2Triangles(0, 1, 2, 0, 0, 2, 3, 0),
	gsSP2Triangles(4, 5, 6, 0, 4, 6, 7, 0),
	gsSP2Triangles(8, 6, 9, 0, 8, 9, 10, 0),
	gsSP2Triangles(11, 12, 13, 0, 11, 13, 14, 0),
	gsSP2Triangles(15, 16, 17, 0, 15, 17, 18, 0),
	gsSP2Triangles(19, 20, 21, 0, 19, 21, 22, 0),
	gsSP2Triangles(23, 24, 25, 0, 23, 25, 26, 0),
	gsSP2Triangles(27, 28, 29, 0, 27, 29, 30, 0),
	gsSPVertex(arena_dl_Plane_009_mesh_layer_1_vtx_0 + 31, 32, 0),
	gsSP2Triangles(0, 1, 2, 0, 0, 2, 3, 0),
	gsSP2Triangles(4, 5, 6, 0, 4, 6, 7, 0),
	gsSP2Triangles(8, 9, 10, 0, 8, 10, 11, 0),
	gsSP2Triangles(12, 13, 14, 0, 12, 14, 15, 0),
	gsSP2Triangles(16, 17, 18, 0, 16, 18, 19, 0),
	gsSP2Triangles(20, 21, 22, 0, 20, 22, 23, 0),
	gsSP2Triangles(24, 25, 26, 0, 24, 26, 27, 0),
	gsSP2Triangles(28, 29, 30, 0, 28, 30, 31, 0),
	gsSPVertex(arena_dl_Plane_009_mesh_layer_1_vtx_0 + 63, 31, 0),
	gsSP2Triangles(0, 1, 2, 0, 0, 3, 1, 0),
	gsSP2Triangles(3, 4, 1, 0, 3, 5, 4, 0),
	gsSP2Triangles(6, 7, 4, 0, 6, 8, 7, 0),
	gsSP2Triangles(8, 9, 7, 0, 8, 10, 9, 0),
	gsSP2Triangles(10, 11, 9, 0, 10, 12, 11, 0),
	gsSP2Triangles(13, 14, 15, 0, 13, 15, 16, 0),
	gsSP2Triangles(17, 18, 19, 0, 17, 19, 15, 0),
	gsSP2Triangles(20, 21, 2, 0, 20, 2, 22, 0),
	gsSP2Triangles(23, 24, 25, 0, 23, 25, 26, 0),
	gsSP2Triangles(27, 28, 29, 0, 27, 29, 30, 0),
	gsSPVertex(arena_dl_Plane_009_mesh_layer_1_vtx_0 + 94, 32, 0),
	gsSP2Triangles(0, 1, 2, 0, 0, 2, 3, 0),
	gsSP2Triangles(4, 5, 6, 0, 4, 6, 7, 0),
	gsSP2Triangles(8, 9, 10, 0, 8, 10, 11, 0),
	gsSP2Triangles(12, 13, 14, 0, 12, 14, 15, 0),
	gsSP2Triangles(16, 17, 18, 0, 16, 18, 19, 0),
	gsSP2Triangles(20, 21, 22, 0, 20, 22, 23, 0),
	gsSP2Triangles(24, 25, 26, 0, 24, 26, 27, 0),
	gsSP2Triangles(28, 29, 30, 0, 28, 30, 31, 0),
	gsSPVertex(arena_dl_Plane_009_mesh_layer_1_vtx_0 + 126, 32, 0),
	gsSP2Triangles(0, 1, 2, 0, 0, 2, 3, 0),
	gsSP2Triangles(4, 5, 6, 0, 4, 6, 7, 0),
	gsSP2Triangles(8, 9, 10, 0, 8, 10, 11, 0),
	gsSP2Triangles(12, 13, 14, 0, 12, 14, 15, 0),
	gsSP2Triangles(16, 17, 18, 0, 16, 18, 19, 0),
	gsSP2Triangles(20, 21, 22, 0, 20, 22, 23, 0),
	gsSP2Triangles(24, 25, 26, 0, 24, 27, 25, 0),
	gsSP2Triangles(27, 28, 25, 0, 27, 29, 28, 0),
	gsSP1Triangle(30, 31, 28, 0),
	gsSPVertex(arena_dl_Plane_009_mesh_layer_1_vtx_0 + 158, 18, 0),
	gsSP2Triangles(0, 1, 2, 0, 1, 3, 2, 0),
	gsSP2Triangles(1, 4, 3, 0, 4, 5, 3, 0),
	gsSP2Triangles(4, 6, 5, 0, 7, 8, 9, 0),
	gsSP2Triangles(7, 9, 10, 0, 11, 12, 13, 0),
	gsSP2Triangles(11, 13, 9, 0, 14, 15, 16, 0),
	gsSP1Triangle(14, 16, 17, 0),
	gsSPEndDisplayList(),
};

Vtx arena_dl_Plane_009_mesh_layer_4_vtx_cull[8] = {
	{{{-117, -215, 117}, 0, {0, 0}, {0x00, 0x00, 0x00, 0x00}}},
	{{{-117, 58, 117}, 0, {0, 0}, {0x00, 0x00, 0x00, 0x00}}},
	{{{-117, 58, -117}, 0, {0, 0}, {0x00, 0x00, 0x00, 0x00}}},
	{{{-117, -215, -117}, 0, {0, 0}, {0x00, 0x00, 0x00, 0x00}}},
	{{{117, -215, 117}, 0, {0, 0}, {0x00, 0x00, 0x00, 0x00}}},
	{{{117, 58, 117}, 0, {0, 0}, {0x00, 0x00, 0x00, 0x00}}},
	{{{117, 58, -117}, 0, {0, 0}, {0x00, 0x00, 0x00, 0x00}}},
	{{{117, -215, -117}, 0, {0, 0}, {0x00, 0x00, 0x00, 0x00}}},
};

Vtx arena_dl_Plane_009_mesh_layer_4_vtx_0[29] = {
	{{{-86, -181, 86}, 0, {-284, 1249}, {0xA6, 0x00, 0x5A, 0xFF}}},
	{{{0, -181, 117}, 0, {496, 1249}, {0x00, 0x00, 0x7F, 0xFF}}},
	{{{0, 23, 117}, 0, {496, -714}, {0x00, 0x00, 0x7F, 0xFF}}},
	{{{-86, 23, 86}, 0, {-284, -714}, {0xA6, 0x00, 0x5A, 0xFF}}},
	{{{86, -181, 86}, 0, {1276, 1249}, {0x5A, 0x00, 0x5A, 0xFF}}},
	{{{86, 23, 86}, 0, {1276, -714}, {0x5A, 0x00, 0x5A, 0xFF}}},
	{{{0, 23, 117}, 0, {496, -714}, {0x00, 0x00, 0x7F, 0xFF}}},
	{{{0, -181, 117}, 0, {496, 1249}, {0x00, 0x00, 0x7F, 0xFF}}},
	{{{117, 23, 0}, 0, {2056, -714}, {0x7F, 0x00, 0x00, 0xFF}}},
	{{{86, 23, 86}, 0, {1276, -714}, {0x5A, 0x00, 0x5A, 0xFF}}},
	{{{86, -181, 86}, 0, {1276, 1249}, {0x5A, 0x00, 0x5A, 0xFF}}},
	{{{117, -181, 0}, 0, {2056, 1249}, {0x7F, 0x00, 0x00, 0xFF}}},
	{{{86, 23, -86}, 0, {2837, -714}, {0x5A, 0x00, 0xA6, 0xFF}}},
	{{{117, 23, 0}, 0, {2056, -714}, {0x7F, 0x00, 0x00, 0xFF}}},
	{{{117, -181, 0}, 0, {2056, 1249}, {0x7F, 0x00, 0x00, 0xFF}}},
	{{{86, -181, -86}, 0, {2837, 1249}, {0x5A, 0x00, 0xA6, 0xFF}}},
	{{{0, 23, -117}, 0, {3617, -714}, {0x00, 0x00, 0x81, 0xFF}}},
	{{{86, 23, -86}, 0, {2837, -714}, {0x5A, 0x00, 0xA6, 0xFF}}},
	{{{86, -181, -86}, 0, {2837, 1249}, {0x5A, 0x00, 0xA6, 0xFF}}},
	{{{0, -181, -117}, 0, {3617, 1249}, {0x00, 0x00, 0x81, 0xFF}}},
	{{{0, 23, -117}, 0, {-2625, -714}, {0x00, 0x00, 0x81, 0xFF}}},
	{{{0, -181, -117}, 0, {-2625, 1249}, {0x00, 0x00, 0x81, 0xFF}}},
	{{{-86, -181, -86}, 0, {-1845, 1249}, {0xA6, 0x00, 0xA6, 0xFF}}},
	{{{-86, 23, -86}, 0, {-1845, -714}, {0xA6, 0x00, 0xA6, 0xFF}}},
	{{{-86, 23, -86}, 0, {-1845, -714}, {0xA6, 0x00, 0xA6, 0xFF}}},
	{{{-117, -181, 0}, 0, {-1064, 1249}, {0x81, 0x00, 0x00, 0xFF}}},
	{{{-117, 23, 0}, 0, {-1064, -714}, {0x81, 0x00, 0x00, 0xFF}}},
	{{{-86, 23, 86}, 0, {-284, -714}, {0xA6, 0x00, 0x5A, 0xFF}}},
	{{{-117, 23, 0}, 0, {-1064, -714}, {0x81, 0x00, 0x00, 0xFF}}},
};

Gfx arena_dl_Plane_009_mesh_layer_4_tri_0[] = {
	gsSPVertex(arena_dl_Plane_009_mesh_layer_4_vtx_0 + 0, 29, 0),
	gsSP2Triangles(0, 1, 2, 0, 0, 2, 3, 0),
	gsSP2Triangles(4, 5, 6, 0, 4, 6, 7, 0),
	gsSP2Triangles(8, 9, 10, 0, 8, 10, 11, 0),
	gsSP2Triangles(12, 13, 14, 0, 12, 14, 15, 0),
	gsSP2Triangles(16, 17, 18, 0, 16, 18, 19, 0),
	gsSP2Triangles(20, 21, 22, 0, 20, 22, 23, 0),
	gsSP2Triangles(24, 22, 25, 0, 24, 25, 26, 0),
	gsSP2Triangles(25, 0, 27, 0, 25, 27, 28, 0),
	gsSPEndDisplayList(),
};

Vtx arena_dl_Treadmill_001_mesh_layer_1_vtx_cull[8] = {
	{{{-241, -59, 549}, 0, {0, 0}, {0x00, 0x00, 0x00, 0x00}}},
	{{{-241, 59, 549}, 0, {0, 0}, {0x00, 0x00, 0x00, 0x00}}},
	{{{-241, 59, -549}, 0, {0, 0}, {0x00, 0x00, 0x00, 0x00}}},
	{{{-241, -59, -549}, 0, {0, 0}, {0x00, 0x00, 0x00, 0x00}}},
	{{{241, -59, 549}, 0, {0, 0}, {0x00, 0x00, 0x00, 0x00}}},
	{{{241, 59, 549}, 0, {0, 0}, {0x00, 0x00, 0x00, 0x00}}},
	{{{241, 59, -549}, 0, {0, 0}, {0x00, 0x00, 0x00, 0x00}}},
	{{{241, -59, -549}, 0, {0, 0}, {0x00, 0x00, 0x00, 0x00}}},
};

Vtx arena_dl_Treadmill_001_mesh_layer_1_vtx_0[40] = {
	{{{241, 59, -519}, 0, {700, 929}, {0x5A, 0x1B, 0x1C, 0xFF}}},
	{{{241, -59, -549}, 0, {716, 995}, {0x03, 0x02, 0x02, 0xFF}}},
	{{{241, 44, -549}, 0, {716, 937}, {0x2A, 0x02, 0x03, 0xFF}}},
	{{{241, -59, -519}, 0, {700, 995}, {0x14, 0x0D, 0x0D, 0xFF}}},
	{{{241, 59, 519}, 0, {113, 929}, {0x20, 0x00, 0x00, 0xFF}}},
	{{{241, -59, 519}, 0, {113, 995}, {0x42, 0x23, 0x23, 0xFF}}},
	{{{241, 44, 549}, 0, {97, 937}, {0x0E, 0x00, 0x00, 0xFF}}},
	{{{241, -59, 549}, 0, {97, 995}, {0x27, 0x16, 0x16, 0xFF}}},
	{{{-241, -59, 519}, 0, {4786, 977}, {0x42, 0x26, 0x27, 0xFF}}},
	{{{241, -59, 549}, 0, {5034, -2}, {0x27, 0x16, 0x16, 0xFF}}},
	{{{-241, -59, 549}, 0, {5034, 977}, {0x21, 0x0F, 0x0F, 0xFF}}},
	{{{241, -59, 519}, 0, {4786, -2}, {0x42, 0x23, 0x23, 0xFF}}},
	{{{-241, -59, -519}, 0, {-3929, 977}, {0x31, 0x00, 0x00, 0xFF}}},
	{{{241, -59, -519}, 0, {-3929, -2}, {0x14, 0x0D, 0x0D, 0xFF}}},
	{{{-241, -59, -549}, 0, {-4176, 977}, {0x00, 0x00, 0x00, 0xFF}}},
	{{{241, -59, -549}, 0, {-4176, -2}, {0x03, 0x02, 0x02, 0xFF}}},
	{{{-241, -59, -549}, 0, {141, -12}, {0x00, 0x00, 0x00, 0xFF}}},
	{{{-241, 44, -549}, 0, {141, 46}, {0x0E, 0x00, 0x00, 0xFF}}},
	{{{241, 44, -549}, 0, {141, 46}, {0x2A, 0x02, 0x03, 0xFF}}},
	{{{241, -59, -549}, 0, {141, -12}, {0x03, 0x02, 0x02, 0xFF}}},
	{{{241, -59, 549}, 0, {760, -12}, {0x27, 0x16, 0x16, 0xFF}}},
	{{{241, 44, 549}, 0, {760, 46}, {0x0E, 0x00, 0x00, 0xFF}}},
	{{{-241, 44, 549}, 0, {760, 46}, {0x01, 0x00, 0x00, 0xFF}}},
	{{{-241, -59, 549}, 0, {760, -12}, {0x21, 0x0F, 0x0F, 0xFF}}},
	{{{241, 59, 519}, 0, {-3929, 985}, {0x20, 0x00, 0x00, 0xFF}}},
	{{{-241, 44, 549}, 0, {-4176, 7}, {0x01, 0x00, 0x00, 0xFF}}},
	{{{241, 44, 549}, 0, {-4176, 985}, {0x0E, 0x00, 0x00, 0xFF}}},
	{{{-241, 59, 519}, 0, {-3929, 7}, {0x22, 0x00, 0x00, 0xFF}}},
	{{{241, 59, -519}, 0, {4786, 985}, {0x5A, 0x1B, 0x1C, 0xFF}}},
	{{{-241, 59, -519}, 0, {4786, 7}, {0x32, 0x00, 0x00, 0xFF}}},
	{{{241, 44, -549}, 0, {5034, 985}, {0x2A, 0x02, 0x03, 0xFF}}},
	{{{-241, 44, -549}, 0, {5034, 7}, {0x0E, 0x00, 0x00, 0xFF}}},
	{{{-241, -59, -519}, 0, {700, 995}, {0x31, 0x00, 0x00, 0xFF}}},
	{{{-241, 44, -549}, 0, {716, 937}, {0x0E, 0x00, 0x00, 0xFF}}},
	{{{-241, -59, -549}, 0, {716, 995}, {0x00, 0x00, 0x00, 0xFF}}},
	{{{-241, 59, -519}, 0, {700, 929}, {0x32, 0x00, 0x00, 0xFF}}},
	{{{-241, -59, 519}, 0, {113, 995}, {0x42, 0x26, 0x27, 0xFF}}},
	{{{-241, 59, 519}, 0, {113, 929}, {0x22, 0x00, 0x00, 0xFF}}},
	{{{-241, -59, 549}, 0, {97, 995}, {0x21, 0x0F, 0x0F, 0xFF}}},
	{{{-241, 44, 549}, 0, {97, 937}, {0x01, 0x00, 0x00, 0xFF}}},
};

Gfx arena_dl_Treadmill_001_mesh_layer_1_tri_0[] = {
	gsSPVertex(arena_dl_Treadmill_001_mesh_layer_1_vtx_0 + 0, 32, 0),
	gsSP2Triangles(0, 1, 2, 0, 0, 3, 1, 0),
	gsSP2Triangles(3, 0, 4, 0, 3, 4, 5, 0),
	gsSP2Triangles(5, 4, 6, 0, 5, 6, 7, 0),
	gsSP2Triangles(8, 9, 10, 0, 8, 11, 9, 0),
	gsSP2Triangles(12, 11, 8, 0, 12, 13, 11, 0),
	gsSP2Triangles(13, 12, 14, 0, 13, 14, 15, 0),
	gsSP2Triangles(16, 17, 18, 0, 16, 18, 19, 0),
	gsSP2Triangles(20, 21, 22, 0, 20, 22, 23, 0),
	gsSP2Triangles(24, 25, 26, 0, 24, 27, 25, 0),
	gsSP2Triangles(28, 27, 24, 0, 28, 29, 27, 0),
	gsSP2Triangles(29, 28, 30, 0, 29, 30, 31, 0),
	gsSPVertex(arena_dl_Treadmill_001_mesh_layer_1_vtx_0 + 32, 8, 0),
	gsSP2Triangles(0, 1, 2, 0, 0, 3, 1, 0),
	gsSP2Triangles(4, 3, 0, 0, 4, 5, 3, 0),
	gsSP2Triangles(5, 4, 6, 0, 5, 6, 7, 0),
	gsSPEndDisplayList(),
};

Gfx mat_arena_dl_f3dlite_material_004[] = {
	gsSPClearGeometryMode(G_LIGHTING),
	gsDPPipeSync(),
	gsDPSetCombineLERP(TEXEL0, 0, SHADE, 0, ENVIRONMENT, 0, SHADE, 0, TEXEL0, 0, SHADE, 0, ENVIRONMENT, 0, SHADE, 0),
	gsDPSetAlphaDither(G_AD_NOISE),
	gsDPSetTextureLUT(G_TT_RGBA16),
	gsSPTexture(65535, 65535, 0, 0, 1),
	gsDPSetTextureImage(G_IM_FMT_RGBA, G_IM_SIZ_16b, 1, arena_dl_woodfloor_pal_rgba16),
	gsDPSetTile(0, 0, 0, 256, 5, 0, G_TX_WRAP | G_TX_NOMIRROR, 0, 0, G_TX_WRAP | G_TX_NOMIRROR, 0, 0),
	gsDPLoadTLUTCmd(5, 236),
	gsDPSetTextureImage(G_IM_FMT_CI, G_IM_SIZ_8b_LOAD_BLOCK, 1, arena_dl_woodfloor_ci8),
	gsDPSetTile(G_IM_FMT_CI, G_IM_SIZ_8b_LOAD_BLOCK, 0, 0, 7, 0, G_TX_WRAP | G_TX_NOMIRROR, 0, 0, G_TX_WRAP | G_TX_NOMIRROR, 0, 0),
	gsDPLoadBlock(7, 0, 0, 511, 512),
	gsDPSetTile(G_IM_FMT_CI, G_IM_SIZ_8b, 4, 0, 0, 0, G_TX_WRAP | G_TX_NOMIRROR, 5, 0, G_TX_WRAP | G_TX_NOMIRROR, 5, 0),
	gsDPSetTileSize(0, 0, 0, 124, 124),
	gsSPEndDisplayList(),
};

Gfx mat_revert_arena_dl_f3dlite_material_004[] = {
	gsSPSetGeometryMode(G_LIGHTING),
	gsDPPipeSync(),
	gsDPSetAlphaDither(G_AD_DISABLE),
	gsDPSetTextureLUT(G_TT_NONE),
	gsSPEndDisplayList(),
};

Gfx mat_arena_dl_f3dlite_material_001[] = {
	gsSPClearGeometryMode(G_LIGHTING),
	gsDPPipeSync(),
	gsDPSetCombineLERP(TEXEL0, 0, SHADE, 0, ENVIRONMENT, 0, SHADE, 0, TEXEL0, 0, SHADE, 0, ENVIRONMENT, 0, SHADE, 0),
	gsDPSetAlphaDither(G_AD_NOISE),
	gsDPSetTextureLUT(G_TT_RGBA16),
	gsSPTexture(65535, 65535, 0, 0, 1),
	gsDPSetTextureImage(G_IM_FMT_RGBA, G_IM_SIZ_16b, 1, arena_dl_lava_pal_rgba16),
	gsDPSetTile(0, 0, 0, 256, 5, 0, G_TX_WRAP | G_TX_NOMIRROR, 0, 0, G_TX_WRAP | G_TX_NOMIRROR, 0, 0),
	gsDPLoadTLUTCmd(5, 39),
	gsDPSetTextureImage(G_IM_FMT_CI, G_IM_SIZ_8b_LOAD_BLOCK, 1, arena_dl_lava_ci8),
	gsDPSetTile(G_IM_FMT_CI, G_IM_SIZ_8b_LOAD_BLOCK, 0, 0, 7, 0, G_TX_WRAP | G_TX_NOMIRROR, 0, 0, G_TX_WRAP | G_TX_NOMIRROR, 0, 0),
	gsDPLoadBlock(7, 0, 0, 511, 512),
	gsDPSetTile(G_IM_FMT_CI, G_IM_SIZ_8b, 4, 0, 0, 0, G_TX_WRAP | G_TX_NOMIRROR, 5, 0, G_TX_WRAP | G_TX_NOMIRROR, 5, 0),
	gsDPSetTileSize(0, 0, 0, 124, 124),
	gsSPEndDisplayList(),
};

Gfx mat_revert_arena_dl_f3dlite_material_001[] = {
	gsSPSetGeometryMode(G_LIGHTING),
	gsDPPipeSync(),
	gsDPSetAlphaDither(G_AD_DISABLE),
	gsDPSetTextureLUT(G_TT_NONE),
	gsSPEndDisplayList(),
};

Gfx mat_arena_dl_f3dlite_material_002[] = {
	gsSPClearGeometryMode(G_LIGHTING),
	gsDPPipeSync(),
	gsDPSetCombineLERP(TEXEL0, 0, SHADE, 0, ENVIRONMENT, 0, SHADE, 0, TEXEL0, 0, SHADE, 0, ENVIRONMENT, 0, SHADE, 0),
	gsDPSetAlphaDither(G_AD_NOISE),
	gsSPTexture(65535, 65535, 0, 0, 1),
	gsDPSetTextureImage(G_IM_FMT_I, G_IM_SIZ_8b_LOAD_BLOCK, 1, arena_dl_brisk_i8),
	gsDPSetTile(G_IM_FMT_I, G_IM_SIZ_8b_LOAD_BLOCK, 0, 0, 7, 0, G_TX_WRAP | G_TX_NOMIRROR, 0, 0, G_TX_WRAP | G_TX_NOMIRROR, 0, 0),
	gsDPLoadBlock(7, 0, 0, 511, 512),
	gsDPSetTile(G_IM_FMT_I, G_IM_SIZ_8b, 4, 0, 0, 0, G_TX_WRAP | G_TX_NOMIRROR, 5, 0, G_TX_WRAP | G_TX_NOMIRROR, 5, 0),
	gsDPSetTileSize(0, 0, 0, 124, 124),
	gsSPEndDisplayList(),
};

Gfx mat_revert_arena_dl_f3dlite_material_002[] = {
	gsSPSetGeometryMode(G_LIGHTING),
	gsDPPipeSync(),
	gsDPSetAlphaDither(G_AD_DISABLE),
	gsSPEndDisplayList(),
};

Gfx mat_arena_dl_f3dlite_material_005[] = {
	gsSPClearGeometryMode(G_LIGHTING),
	gsDPPipeSync(),
	gsDPSetCombineLERP(0, 0, 0, SHADE, ENVIRONMENT, 0, SHADE, 0, 0, 0, 0, SHADE, ENVIRONMENT, 0, SHADE, 0),
	gsDPSetAlphaDither(G_AD_NOISE),
	gsSPTexture(65535, 65535, 0, 0, 1),
	gsSPEndDisplayList(),
};

Gfx mat_revert_arena_dl_f3dlite_material_005[] = {
	gsSPSetGeometryMode(G_LIGHTING),
	gsDPPipeSync(),
	gsDPSetAlphaDither(G_AD_DISABLE),
	gsSPEndDisplayList(),
};

Gfx mat_arena_dl_f3dlite_material[] = {
	gsSPClearGeometryMode(G_LIGHTING),
	gsDPPipeSync(),
	gsDPSetCombineLERP(TEXEL0, 0, SHADE, 0, ENVIRONMENT, 0, SHADE, 0, TEXEL0, 0, SHADE, 0, ENVIRONMENT, 0, SHADE, 0),
	gsDPSetAlphaDither(G_AD_NOISE),
	gsDPSetTextureLUT(G_TT_RGBA16),
	gsSPTexture(65535, 65535, 0, 0, 1),
	gsDPSetTextureImage(G_IM_FMT_RGBA, G_IM_SIZ_16b, 1, arena_dl_vulkan_pal_rgba16),
	gsDPSetTile(0, 0, 0, 256, 5, 0, G_TX_WRAP | G_TX_NOMIRROR, 0, 0, G_TX_WRAP | G_TX_NOMIRROR, 0, 0),
	gsDPLoadTLUTCmd(5, 236),
	gsDPSetTextureImage(G_IM_FMT_CI, G_IM_SIZ_8b_LOAD_BLOCK, 1, arena_dl_vulkan_ci8),
	gsDPSetTile(G_IM_FMT_CI, G_IM_SIZ_8b_LOAD_BLOCK, 0, 0, 7, 0, G_TX_WRAP | G_TX_NOMIRROR, 0, 0, G_TX_WRAP | G_TX_NOMIRROR, 0, 0),
	gsDPLoadBlock(7, 0, 0, 511, 512),
	gsDPSetTile(G_IM_FMT_CI, G_IM_SIZ_8b, 4, 0, 0, 0, G_TX_WRAP | G_TX_NOMIRROR, 5, 0, G_TX_WRAP | G_TX_NOMIRROR, 5, 0),
	gsDPSetTileSize(0, 0, 0, 124, 124),
	gsSPEndDisplayList(),
};

Gfx mat_revert_arena_dl_f3dlite_material[] = {
	gsSPSetGeometryMode(G_LIGHTING),
	gsDPPipeSync(),
	gsDPSetAlphaDither(G_AD_DISABLE),
	gsDPSetTextureLUT(G_TT_NONE),
	gsSPEndDisplayList(),
};

Gfx mat_arena_dl_f3dlite_material_003[] = {
	gsSPClearGeometryMode(G_LIGHTING),
	gsDPPipeSync(),
	gsDPSetCombineLERP(TEXEL0, 0, SHADE, 0, ENVIRONMENT, 0, SHADE, 0, TEXEL0, 0, SHADE, 0, ENVIRONMENT, 0, SHADE, 0),
	gsDPSetAlphaDither(G_AD_NOISE),
	gsDPSetTextureLUT(G_TT_RGBA16),
	gsSPTexture(65535, 65535, 0, 0, 1),
	gsDPSetTextureImage(G_IM_FMT_RGBA, G_IM_SIZ_16b, 1, arena_dl_bricks_pal_rgba16),
	gsDPSetTile(0, 0, 0, 256, 5, 0, G_TX_WRAP | G_TX_NOMIRROR, 0, 0, G_TX_WRAP | G_TX_NOMIRROR, 0, 0),
	gsDPLoadTLUTCmd(5, 111),
	gsDPSetTextureImage(G_IM_FMT_CI, G_IM_SIZ_8b_LOAD_BLOCK, 1, arena_dl_bricks_ci8),
	gsDPSetTile(G_IM_FMT_CI, G_IM_SIZ_8b_LOAD_BLOCK, 0, 0, 7, 0, G_TX_WRAP | G_TX_NOMIRROR, 0, 0, G_TX_WRAP | G_TX_NOMIRROR, 0, 0),
	gsDPLoadBlock(7, 0, 0, 511, 512),
	gsDPSetTile(G_IM_FMT_CI, G_IM_SIZ_8b, 4, 0, 0, 0, G_TX_WRAP | G_TX_NOMIRROR, 5, 0, G_TX_WRAP | G_TX_NOMIRROR, 5, 0),
	gsDPSetTileSize(0, 0, 0, 124, 124),
	gsSPEndDisplayList(),
};

Gfx mat_revert_arena_dl_f3dlite_material_003[] = {
	gsSPSetGeometryMode(G_LIGHTING),
	gsDPPipeSync(),
	gsDPSetAlphaDither(G_AD_DISABLE),
	gsDPSetTextureLUT(G_TT_NONE),
	gsSPEndDisplayList(),
};

Gfx mat_arena_dl_f3dlite_material_010[] = {
	gsSPClearGeometryMode(G_CULL_BACK),
	gsSPSetLights1(arena_dl_f3dlite_material_010_lights),
	gsDPPipeSync(),
	gsDPSetCombineLERP(TEXEL0, 0, SHADE, 0, TEXEL0, 0, ENVIRONMENT, 0, TEXEL0, 0, SHADE, 0, TEXEL0, 0, ENVIRONMENT, 0),
	gsDPSetAlphaDither(G_AD_NOISE),
	gsDPSetTextureLUT(G_TT_RGBA16),
	gsSPTexture(65535, 65535, 0, 0, 1),
	gsDPSetTextureImage(G_IM_FMT_RGBA, G_IM_SIZ_16b, 1, arena_dl_chain_pal_rgba16),
	gsDPSetTile(0, 0, 0, 256, 5, 0, G_TX_WRAP | G_TX_NOMIRROR, 0, 0, G_TX_WRAP | G_TX_NOMIRROR, 0, 0),
	gsDPLoadTLUTCmd(5, 20),
	gsDPSetTextureImage(G_IM_FMT_CI, G_IM_SIZ_8b_LOAD_BLOCK, 1, arena_dl_chain_ci8),
	gsDPSetTile(G_IM_FMT_CI, G_IM_SIZ_8b_LOAD_BLOCK, 0, 0, 7, 0, G_TX_WRAP | G_TX_NOMIRROR, 0, 0, G_TX_WRAP | G_TX_NOMIRROR, 0, 0),
	gsDPLoadBlock(7, 0, 0, 511, 512),
	gsDPSetTile(G_IM_FMT_CI, G_IM_SIZ_8b, 4, 0, 0, 0, G_TX_WRAP | G_TX_NOMIRROR, 5, 0, G_TX_WRAP | G_TX_NOMIRROR, 5, 0),
	gsDPSetTileSize(0, 0, 0, 124, 124),
	gsSPEndDisplayList(),
};

Gfx mat_revert_arena_dl_f3dlite_material_010[] = {
	gsSPSetGeometryMode(G_CULL_BACK),
	gsDPPipeSync(),
	gsDPSetAlphaDither(G_AD_DISABLE),
	gsDPSetTextureLUT(G_TT_NONE),
	gsSPEndDisplayList(),
};

Gfx mat_arena_dl_f3dlite_material_007[] = {
	gsSPClearGeometryMode(G_LIGHTING),
	gsDPPipeSync(),
	gsDPSetCombineLERP(TEXEL0, 0, SHADE, 0, ENVIRONMENT, 0, SHADE, 0, TEXEL0, 0, SHADE, 0, ENVIRONMENT, 0, SHADE, 0),
	gsDPSetAlphaDither(G_AD_NOISE),
	gsDPSetTextureLUT(G_TT_RGBA16),
	gsSPTexture(65535, 65535, 0, 0, 1),
	gsDPSetTextureImage(G_IM_FMT_RGBA, G_IM_SIZ_16b, 1, arena_dl_conveyor_pal_rgba16),
	gsDPSetTile(0, 0, 0, 256, 5, 0, G_TX_WRAP | G_TX_NOMIRROR, 0, 0, G_TX_WRAP | G_TX_NOMIRROR, 0, 0),
	gsDPLoadTLUTCmd(5, 49),
	gsDPSetTextureImage(G_IM_FMT_CI, G_IM_SIZ_8b_LOAD_BLOCK, 1, arena_dl_conveyor_ci8),
	gsDPSetTile(G_IM_FMT_CI, G_IM_SIZ_8b_LOAD_BLOCK, 0, 0, 7, 0, G_TX_WRAP | G_TX_NOMIRROR, 0, 0, G_TX_WRAP | G_TX_NOMIRROR, 0, 0),
	gsDPLoadBlock(7, 0, 0, 511, 512),
	gsDPSetTile(G_IM_FMT_CI, G_IM_SIZ_8b, 4, 0, 0, 0, G_TX_WRAP | G_TX_NOMIRROR, 5, 0, G_TX_WRAP | G_TX_NOMIRROR, 5, 0),
	gsDPSetTileSize(0, 0, 0, 124, 124),
	gsSPEndDisplayList(),
};

Gfx mat_revert_arena_dl_f3dlite_material_007[] = {
	gsSPSetGeometryMode(G_LIGHTING),
	gsDPPipeSync(),
	gsDPSetAlphaDither(G_AD_DISABLE),
	gsDPSetTextureLUT(G_TT_NONE),
	gsSPEndDisplayList(),
};

Gfx arena_dl_Circle_mesh_layer_1[] = {
	gsSPClearGeometryMode(G_LIGHTING),
	gsSPVertex(arena_dl_Circle_mesh_layer_1_vtx_cull + 0, 8, 0),
	gsSPSetGeometryMode(G_LIGHTING),
	gsSPCullDisplayList(0, 7),
	gsSPDisplayList(mat_arena_dl_f3dlite_material_004),
	gsSPDisplayList(arena_dl_Circle_mesh_layer_1_tri_0),
	gsSPDisplayList(mat_revert_arena_dl_f3dlite_material_004),
	gsSPEndDisplayList(),
};

Gfx arena_dl_Circle_001_mesh_layer_1[] = {
	gsSPClearGeometryMode(G_LIGHTING),
	gsSPVertex(arena_dl_Circle_001_mesh_layer_1_vtx_cull + 0, 8, 0),
	gsSPSetGeometryMode(G_LIGHTING),
	gsSPCullDisplayList(0, 7),
	gsSPDisplayList(mat_arena_dl_f3dlite_material_004),
	gsSPDisplayList(arena_dl_Circle_001_mesh_layer_1_tri_0),
	gsSPDisplayList(mat_revert_arena_dl_f3dlite_material_004),
	gsSPEndDisplayList(),
};

Gfx arena_dl_Circle_002_mesh_layer_1[] = {
	gsSPClearGeometryMode(G_LIGHTING),
	gsSPVertex(arena_dl_Circle_002_mesh_layer_1_vtx_cull + 0, 8, 0),
	gsSPSetGeometryMode(G_LIGHTING),
	gsSPCullDisplayList(0, 7),
	gsSPDisplayList(mat_arena_dl_f3dlite_material_001),
	gsSPDisplayList(arena_dl_Circle_002_mesh_layer_1_tri_0),
	gsSPDisplayList(mat_revert_arena_dl_f3dlite_material_001),
	gsSPEndDisplayList(),
};

Gfx arena_dl_Circle_005_mesh_layer_1[] = {
	gsSPClearGeometryMode(G_LIGHTING),
	gsSPVertex(arena_dl_Circle_005_mesh_layer_1_vtx_cull + 0, 8, 0),
	gsSPSetGeometryMode(G_LIGHTING),
	gsSPCullDisplayList(0, 7),
	gsSPDisplayList(mat_arena_dl_f3dlite_material_002),
	gsSPDisplayList(arena_dl_Circle_005_mesh_layer_1_tri_0),
	gsSPDisplayList(mat_revert_arena_dl_f3dlite_material_002),
	gsSPEndDisplayList(),
};

Gfx arena_dl_Cube_mesh_layer_1[] = {
	gsSPClearGeometryMode(G_LIGHTING),
	gsSPVertex(arena_dl_Cube_mesh_layer_1_vtx_cull + 0, 8, 0),
	gsSPSetGeometryMode(G_LIGHTING),
	gsSPCullDisplayList(0, 7),
	gsSPDisplayList(mat_arena_dl_f3dlite_material_002),
	gsSPDisplayList(arena_dl_Cube_mesh_layer_1_tri_0),
	gsSPDisplayList(mat_revert_arena_dl_f3dlite_material_002),
	gsSPEndDisplayList(),
};

Gfx arena_dl_Cube_001_mesh_layer_1[] = {
	gsSPClearGeometryMode(G_LIGHTING),
	gsSPVertex(arena_dl_Cube_001_mesh_layer_1_vtx_cull + 0, 8, 0),
	gsSPSetGeometryMode(G_LIGHTING),
	gsSPCullDisplayList(0, 7),
	gsSPDisplayList(mat_arena_dl_f3dlite_material_001),
	gsSPDisplayList(arena_dl_Cube_001_mesh_layer_1_tri_0),
	gsSPDisplayList(mat_revert_arena_dl_f3dlite_material_001),
	gsSPEndDisplayList(),
};

Gfx arena_dl_Cube_002_mesh_layer_1[] = {
	gsSPClearGeometryMode(G_LIGHTING),
	gsSPVertex(arena_dl_Cube_002_mesh_layer_1_vtx_cull + 0, 8, 0),
	gsSPSetGeometryMode(G_LIGHTING),
	gsSPCullDisplayList(0, 7),
	gsSPDisplayList(mat_arena_dl_f3dlite_material_005),
	gsSPDisplayList(arena_dl_Cube_002_mesh_layer_1_tri_0),
	gsSPDisplayList(mat_revert_arena_dl_f3dlite_material_005),
	gsSPDisplayList(mat_arena_dl_f3dlite_material),
	gsSPDisplayList(arena_dl_Cube_002_mesh_layer_1_tri_1),
	gsSPDisplayList(mat_revert_arena_dl_f3dlite_material),
	gsSPEndDisplayList(),
};

Gfx arena_dl_Cube_003_mesh_layer_1[] = {
	gsSPClearGeometryMode(G_LIGHTING),
	gsSPVertex(arena_dl_Cube_003_mesh_layer_1_vtx_cull + 0, 8, 0),
	gsSPSetGeometryMode(G_LIGHTING),
	gsSPCullDisplayList(0, 7),
	gsSPDisplayList(mat_arena_dl_f3dlite_material_005),
	gsSPDisplayList(arena_dl_Cube_003_mesh_layer_1_tri_0),
	gsSPDisplayList(mat_revert_arena_dl_f3dlite_material_005),
	gsSPDisplayList(mat_arena_dl_f3dlite_material),
	gsSPDisplayList(arena_dl_Cube_003_mesh_layer_1_tri_1),
	gsSPDisplayList(mat_revert_arena_dl_f3dlite_material),
	gsSPEndDisplayList(),
};

Gfx arena_dl_Plane_mesh_layer_1[] = {
	gsSPClearGeometryMode(G_LIGHTING),
	gsSPVertex(arena_dl_Plane_mesh_layer_1_vtx_cull + 0, 8, 0),
	gsSPSetGeometryMode(G_LIGHTING),
	gsSPCullDisplayList(0, 7),
	gsSPDisplayList(mat_arena_dl_f3dlite_material),
	gsSPDisplayList(arena_dl_Plane_mesh_layer_1_tri_0),
	gsSPDisplayList(mat_revert_arena_dl_f3dlite_material),
	gsSPEndDisplayList(),
};

Gfx arena_dl_Plane_001_mesh_layer_1[] = {
	gsSPClearGeometryMode(G_LIGHTING),
	gsSPVertex(arena_dl_Plane_001_mesh_layer_1_vtx_cull + 0, 8, 0),
	gsSPSetGeometryMode(G_LIGHTING),
	gsSPCullDisplayList(0, 7),
	gsSPDisplayList(mat_arena_dl_f3dlite_material_002),
	gsSPDisplayList(arena_dl_Plane_001_mesh_layer_1_tri_0),
	gsSPDisplayList(mat_revert_arena_dl_f3dlite_material_002),
	gsSPEndDisplayList(),
};

Gfx arena_dl_Plane_002_mesh_layer_1[] = {
	gsSPClearGeometryMode(G_LIGHTING),
	gsSPVertex(arena_dl_Plane_002_mesh_layer_1_vtx_cull + 0, 8, 0),
	gsSPSetGeometryMode(G_LIGHTING),
	gsSPCullDisplayList(0, 7),
	gsSPDisplayList(mat_arena_dl_f3dlite_material_004),
	gsSPDisplayList(arena_dl_Plane_002_mesh_layer_1_tri_0),
	gsSPDisplayList(mat_revert_arena_dl_f3dlite_material_004),
	gsSPEndDisplayList(),
};

Gfx arena_dl_Plane_003_mesh_layer_1[] = {
	gsSPClearGeometryMode(G_LIGHTING),
	gsSPVertex(arena_dl_Plane_003_mesh_layer_1_vtx_cull + 0, 8, 0),
	gsSPSetGeometryMode(G_LIGHTING),
	gsSPCullDisplayList(0, 7),
	gsSPDisplayList(mat_arena_dl_f3dlite_material_004),
	gsSPDisplayList(arena_dl_Plane_003_mesh_layer_1_tri_0),
	gsSPDisplayList(mat_revert_arena_dl_f3dlite_material_004),
	gsSPEndDisplayList(),
};

Gfx arena_dl_Plane_004_mesh_layer_1[] = {
	gsSPClearGeometryMode(G_LIGHTING),
	gsSPVertex(arena_dl_Plane_004_mesh_layer_1_vtx_cull + 0, 8, 0),
	gsSPSetGeometryMode(G_LIGHTING),
	gsSPCullDisplayList(0, 7),
	gsSPDisplayList(mat_arena_dl_f3dlite_material_003),
	gsSPDisplayList(arena_dl_Plane_004_mesh_layer_1_tri_0),
	gsSPDisplayList(mat_revert_arena_dl_f3dlite_material_003),
	gsSPEndDisplayList(),
};

Gfx arena_dl_Plane_004_mesh_layer_4[] = {
	gsSPClearGeometryMode(G_LIGHTING),
	gsSPVertex(arena_dl_Plane_004_mesh_layer_4_vtx_cull + 0, 8, 0),
	gsSPSetGeometryMode(G_LIGHTING),
	gsSPCullDisplayList(0, 7),
	gsSPDisplayList(mat_arena_dl_f3dlite_material_010),
	gsSPDisplayList(arena_dl_Plane_004_mesh_layer_4_tri_0),
	gsSPDisplayList(mat_revert_arena_dl_f3dlite_material_010),
	gsSPEndDisplayList(),
};

Gfx arena_dl_Plane_005_mesh_layer_1[] = {
	gsSPClearGeometryMode(G_LIGHTING),
	gsSPVertex(arena_dl_Plane_005_mesh_layer_1_vtx_cull + 0, 8, 0),
	gsSPSetGeometryMode(G_LIGHTING),
	gsSPCullDisplayList(0, 7),
	gsSPDisplayList(mat_arena_dl_f3dlite_material_003),
	gsSPDisplayList(arena_dl_Plane_005_mesh_layer_1_tri_0),
	gsSPDisplayList(mat_revert_arena_dl_f3dlite_material_003),
	gsSPEndDisplayList(),
};

Gfx arena_dl_Plane_005_mesh_layer_4[] = {
	gsSPClearGeometryMode(G_LIGHTING),
	gsSPVertex(arena_dl_Plane_005_mesh_layer_4_vtx_cull + 0, 8, 0),
	gsSPSetGeometryMode(G_LIGHTING),
	gsSPCullDisplayList(0, 7),
	gsSPDisplayList(mat_arena_dl_f3dlite_material_010),
	gsSPDisplayList(arena_dl_Plane_005_mesh_layer_4_tri_0),
	gsSPDisplayList(mat_revert_arena_dl_f3dlite_material_010),
	gsSPEndDisplayList(),
};

Gfx arena_dl_Plane_006_mesh_layer_1[] = {
	gsSPClearGeometryMode(G_LIGHTING),
	gsSPVertex(arena_dl_Plane_006_mesh_layer_1_vtx_cull + 0, 8, 0),
	gsSPSetGeometryMode(G_LIGHTING),
	gsSPCullDisplayList(0, 7),
	gsSPDisplayList(mat_arena_dl_f3dlite_material_004),
	gsSPDisplayList(arena_dl_Plane_006_mesh_layer_1_tri_0),
	gsSPDisplayList(mat_revert_arena_dl_f3dlite_material_004),
	gsSPEndDisplayList(),
};

Gfx arena_dl_Plane_007_mesh_layer_1[] = {
	gsSPClearGeometryMode(G_LIGHTING),
	gsSPVertex(arena_dl_Plane_007_mesh_layer_1_vtx_cull + 0, 8, 0),
	gsSPSetGeometryMode(G_LIGHTING),
	gsSPCullDisplayList(0, 7),
	gsSPDisplayList(mat_arena_dl_f3dlite_material_003),
	gsSPDisplayList(arena_dl_Plane_007_mesh_layer_1_tri_0),
	gsSPDisplayList(mat_revert_arena_dl_f3dlite_material_003),
	gsSPEndDisplayList(),
};

Gfx arena_dl_Plane_007_mesh_layer_4[] = {
	gsSPClearGeometryMode(G_LIGHTING),
	gsSPVertex(arena_dl_Plane_007_mesh_layer_4_vtx_cull + 0, 8, 0),
	gsSPSetGeometryMode(G_LIGHTING),
	gsSPCullDisplayList(0, 7),
	gsSPDisplayList(mat_arena_dl_f3dlite_material_010),
	gsSPDisplayList(arena_dl_Plane_007_mesh_layer_4_tri_0),
	gsSPDisplayList(mat_revert_arena_dl_f3dlite_material_010),
	gsSPEndDisplayList(),
};

Gfx arena_dl_Plane_008_mesh_layer_1[] = {
	gsSPClearGeometryMode(G_LIGHTING),
	gsSPVertex(arena_dl_Plane_008_mesh_layer_1_vtx_cull + 0, 8, 0),
	gsSPSetGeometryMode(G_LIGHTING),
	gsSPCullDisplayList(0, 7),
	gsSPDisplayList(mat_arena_dl_f3dlite_material_004),
	gsSPDisplayList(arena_dl_Plane_008_mesh_layer_1_tri_0),
	gsSPDisplayList(mat_revert_arena_dl_f3dlite_material_004),
	gsSPEndDisplayList(),
};

Gfx arena_dl_Plane_009_mesh_layer_1[] = {
	gsSPClearGeometryMode(G_LIGHTING),
	gsSPVertex(arena_dl_Plane_009_mesh_layer_1_vtx_cull + 0, 8, 0),
	gsSPSetGeometryMode(G_LIGHTING),
	gsSPCullDisplayList(0, 7),
	gsSPDisplayList(mat_arena_dl_f3dlite_material_003),
	gsSPDisplayList(arena_dl_Plane_009_mesh_layer_1_tri_0),
	gsSPDisplayList(mat_revert_arena_dl_f3dlite_material_003),
	gsSPEndDisplayList(),
};

Gfx arena_dl_Plane_009_mesh_layer_4[] = {
	gsSPClearGeometryMode(G_LIGHTING),
	gsSPVertex(arena_dl_Plane_009_mesh_layer_4_vtx_cull + 0, 8, 0),
	gsSPSetGeometryMode(G_LIGHTING),
	gsSPCullDisplayList(0, 7),
	gsSPDisplayList(mat_arena_dl_f3dlite_material_010),
	gsSPDisplayList(arena_dl_Plane_009_mesh_layer_4_tri_0),
	gsSPDisplayList(mat_revert_arena_dl_f3dlite_material_010),
	gsDPPipeSync(),
	gsSPSetGeometryMode(G_LIGHTING),
	gsSPClearGeometryMode(G_TEXTURE_GEN),
	gsDPSetCombineLERP(0, 0, 0, SHADE, 0, 0, 0, ENVIRONMENT, 0, 0, 0, SHADE, 0, 0, 0, ENVIRONMENT),
	gsSPTexture(65535, 65535, 0, 0, 0),
	gsDPSetEnvColor(255, 255, 255, 255),
	gsDPSetAlphaCompare(G_AC_NONE),
	gsSPEndDisplayList(),
};

Gfx arena_dl_Treadmill_001_mesh_layer_1[] = {
	gsSPClearGeometryMode(G_LIGHTING),
	gsSPVertex(arena_dl_Treadmill_001_mesh_layer_1_vtx_cull + 0, 8, 0),
	gsSPSetGeometryMode(G_LIGHTING),
	gsSPCullDisplayList(0, 7),
	gsSPDisplayList(mat_arena_dl_f3dlite_material_007),
	gsSPDisplayList(arena_dl_Treadmill_001_mesh_layer_1_tri_0),
	gsSPDisplayList(mat_revert_arena_dl_f3dlite_material_007),
	gsDPPipeSync(),
	gsSPSetGeometryMode(G_LIGHTING),
	gsSPClearGeometryMode(G_TEXTURE_GEN),
	gsDPSetCombineLERP(0, 0, 0, SHADE, 0, 0, 0, ENVIRONMENT, 0, 0, 0, SHADE, 0, 0, 0, ENVIRONMENT),
	gsSPTexture(65535, 65535, 0, 0, 0),
	gsDPSetEnvColor(255, 255, 255, 255),
	gsDPSetAlphaCompare(G_AC_NONE),
	gsSPEndDisplayList(),
};

